[17Jun2025 01:45:23.123] [main/INFO] [cpw.mods.modlauncher.Launcher/MODLAUNCHER]: ModLauncher running: args [--launchTarget, forgeserver, --fml.forgeVersion, 47.3.7, --fml.mcVersion, 1.20.1, --fml.forgeGroup, net.minecraftforge, --fml.mcpVersion, 20230612.114412, nogui]
[17Jun2025 01:45:23.129] [main/INFO] [cpw.mods.modlauncher.Launcher/MODLAUNCHER]: ModLauncher 10.0.9+10.0.9+main.dcd20f30 starting: java version 17.0.15 by Ubuntu; OS Linux arch amd64 version 6.8.0-1027-azure
[17Jun2025 01:45:23.160] [main/DEBUG] [cpw.mods.modlauncher.LaunchServiceHandler/MODLAUNCHER]: Found launch services [fmlclientdev,forgeclient,minecraft,forgegametestserverdev,fmlserveruserdev,fmlclient,fmldatauserdev,forgeserverdev,forgeserveruserdev,forgeclientdev,forgeclientuserdev,forgeserver,forgedatadev,fmlserver,fmlclientuserdev,fmlserverdev,forgedatauserdev,testharness,forgegametestserveruserdev]
[17Jun2025 01:45:23.175] [main/DEBUG] [cpw.mods.modlauncher.NameMappingServiceHandler/MODLAUNCHER]: Found naming services : [srgtomcp]
[17Jun2025 01:45:23.193] [main/DEBUG] [cpw.mods.modlauncher.LaunchPluginHandler/MODLAUNCHER]: Found launch plugins: [mixin,eventbus,slf4jfixer,object_holder_definalize,runtime_enum_extender,capability_token_subclass,accesstransformer,runtimedistcleaner]
[17Jun2025 01:45:23.206] [main/DEBUG] [cpw.mods.modlauncher.TransformationServicesHandler/MODLAUNCHER]: Discovering transformation services
[17Jun2025 01:45:23.212] [main/DEBUG] [net.minecraftforge.fml.loading.FMLPaths/CORE]: Path GAMEDIR is /workspaces/MyBmc/servidor_minecraft
[17Jun2025 01:45:23.212] [main/DEBUG] [net.minecraftforge.fml.loading.FMLPaths/CORE]: Path MODSDIR is /workspaces/MyBmc/servidor_minecraft/mods
[17Jun2025 01:45:23.212] [main/DEBUG] [net.minecraftforge.fml.loading.FMLPaths/CORE]: Path CONFIGDIR is /workspaces/MyBmc/servidor_minecraft/config
[17Jun2025 01:45:23.213] [main/DEBUG] [net.minecraftforge.fml.loading.FMLPaths/CORE]: Path FMLCONFIG is /workspaces/MyBmc/servidor_minecraft/config/fml.toml
[17Jun2025 01:45:24.146] [main/DEBUG] [cpw.mods.modlauncher.TransformationServicesHandler/MODLAUNCHER]: Found additional transformation services from discovery services: 
[17Jun2025 01:45:24.155] [main/INFO] [net.minecraftforge.fml.loading.ImmediateWindowHandler/]: ImmediateWindowProvider not loading because launch target is forgeserver
[17Jun2025 01:45:24.171] [main/DEBUG] [cpw.mods.modlauncher.TransformationServicesHandler/MODLAUNCHER]: Found transformer services : [mixin,fml]
[17Jun2025 01:45:24.171] [main/DEBUG] [cpw.mods.modlauncher.TransformationServicesHandler/MODLAUNCHER]: Transformation services loading
[17Jun2025 01:45:24.172] [main/DEBUG] [cpw.mods.modlauncher.TransformationServiceDecorator/MODLAUNCHER]: Loading service mixin
[17Jun2025 01:45:24.172] [main/DEBUG] [cpw.mods.modlauncher.TransformationServiceDecorator/MODLAUNCHER]: Loaded service mixin
[17Jun2025 01:45:24.175] [main/DEBUG] [cpw.mods.modlauncher.TransformationServiceDecorator/MODLAUNCHER]: Loading service fml
[17Jun2025 01:45:24.176] [main/DEBUG] [net.minecraftforge.fml.loading.LauncherVersion/CORE]: Found FMLLauncher version 1.0
[17Jun2025 01:45:24.176] [main/DEBUG] [net.minecraftforge.fml.loading.FMLLoader/CORE]: FML 1.0 loading
[17Jun2025 01:45:24.176] [main/DEBUG] [net.minecraftforge.fml.loading.FMLLoader/CORE]: FML found ModLauncher version : 10.0.9+10.0.9+main.dcd20f30
[17Jun2025 01:45:24.177] [main/DEBUG] [net.minecraftforge.fml.loading.FMLLoader/CORE]: FML found AccessTransformer version : 8.0.4+66+master.c09db6d7
[17Jun2025 01:45:24.177] [main/DEBUG] [net.minecraftforge.fml.loading.FMLLoader/CORE]: FML found EventBus version : 6.0.5+6.0.5+master.eb8e549b
[17Jun2025 01:45:24.177] [main/DEBUG] [net.minecraftforge.fml.loading.FMLLoader/CORE]: Found Runtime Dist Cleaner
[17Jun2025 01:45:24.181] [main/DEBUG] [net.minecraftforge.fml.loading.FMLLoader/CORE]: FML found CoreMod version : 5.1.6
[17Jun2025 01:45:24.181] [main/DEBUG] [net.minecraftforge.fml.loading.FMLLoader/CORE]: Found ForgeSPI package implementation version 7.0.1+7.0.1+master.d2b38bf6
[17Jun2025 01:45:24.181] [main/DEBUG] [net.minecraftforge.fml.loading.FMLLoader/CORE]: Found ForgeSPI package specification 5
[17Jun2025 01:45:24.182] [main/DEBUG] [cpw.mods.modlauncher.TransformationServiceDecorator/MODLAUNCHER]: Loaded service fml
[17Jun2025 01:45:24.183] [main/DEBUG] [cpw.mods.modlauncher.TransformationServicesHandler/MODLAUNCHER]: Configuring option handling for services
[17Jun2025 01:45:24.194] [main/DEBUG] [cpw.mods.modlauncher.TransformationServicesHandler/MODLAUNCHER]: Transformation services initializing
[17Jun2025 01:45:24.195] [main/DEBUG] [cpw.mods.modlauncher.TransformationServiceDecorator/MODLAUNCHER]: Initializing transformation service mixin
[17Jun2025 01:45:24.214] [main/DEBUG] [mixin/]: MixinService [ModLauncher] was successfully booted in cpw.mods.cl.ModuleClassLoader@1e7c7811
[17Jun2025 01:45:24.252] [main/INFO] [mixin/]: SpongePowered MIXIN Subsystem Version=0.8.5 Source=union:/workspaces/MyBmc/servidor_minecraft/libraries/org/spongepowered/mixin/0.8.5/mixin-0.8.5.jar%2365!/ Service=ModLauncher Env=SERVER
[17Jun2025 01:45:24.256] [main/DEBUG] [mixin/]: Initialising Mixin Platform Manager
[17Jun2025 01:45:24.256] [main/DEBUG] [mixin/]: Adding mixin platform agents for container ModLauncher Root Container(ModLauncher:4f56a0a2)
[17Jun2025 01:45:24.257] [main/DEBUG] [mixin/]: Instancing new MixinPlatformAgentMinecraftForge for ModLauncher Root Container(ModLauncher:4f56a0a2)
[17Jun2025 01:45:24.257] [main/DEBUG] [mixin/]: MixinPlatformAgentMinecraftForge rejected container ModLauncher Root Container(ModLauncher:4f56a0a2)
[17Jun2025 01:45:24.257] [main/DEBUG] [mixin/]: Instancing new MixinPlatformAgentDefault for ModLauncher Root Container(ModLauncher:4f56a0a2)
[17Jun2025 01:45:24.258] [main/DEBUG] [mixin/]: MixinPlatformAgentDefault accepted container ModLauncher Root Container(ModLauncher:4f56a0a2)
[17Jun2025 01:45:24.261] [main/DEBUG] [cpw.mods.modlauncher.TransformationServiceDecorator/MODLAUNCHER]: Initialized transformation service mixin
[17Jun2025 01:45:24.261] [main/DEBUG] [cpw.mods.modlauncher.TransformationServiceDecorator/MODLAUNCHER]: Initializing transformation service fml
[17Jun2025 01:45:24.261] [main/DEBUG] [net.minecraftforge.fml.loading.FMLServiceProvider/CORE]: Setting up basic FML game directories
[17Jun2025 01:45:24.262] [main/DEBUG] [net.minecraftforge.fml.loading.FMLPaths/CORE]: Path GAMEDIR is /workspaces/MyBmc/servidor_minecraft
[17Jun2025 01:45:24.262] [main/DEBUG] [net.minecraftforge.fml.loading.FMLPaths/CORE]: Path MODSDIR is /workspaces/MyBmc/servidor_minecraft/mods
[17Jun2025 01:45:24.262] [main/DEBUG] [net.minecraftforge.fml.loading.FMLPaths/CORE]: Path CONFIGDIR is /workspaces/MyBmc/servidor_minecraft/config
[17Jun2025 01:45:24.263] [main/DEBUG] [net.minecraftforge.fml.loading.FMLPaths/CORE]: Path FMLCONFIG is /workspaces/MyBmc/servidor_minecraft/config/fml.toml
[17Jun2025 01:45:24.263] [main/DEBUG] [net.minecraftforge.fml.loading.FMLServiceProvider/CORE]: Loading configuration
[17Jun2025 01:45:24.265] [main/DEBUG] [net.minecraftforge.fml.loading.FMLServiceProvider/CORE]: Preparing ModFile
[17Jun2025 01:45:24.268] [main/DEBUG] [net.minecraftforge.fml.loading.FMLServiceProvider/CORE]: Preparing launch handler
[17Jun2025 01:45:24.269] [main/DEBUG] [net.minecraftforge.fml.loading.FMLLoader/CORE]: Using forgeserver as launch service
[17Jun2025 01:45:24.286] [main/DEBUG] [net.minecraftforge.fml.loading.FMLLoader/CORE]: Received command line version data  : VersionInfo[forgeVersion=47.3.7, mcVersion=1.20.1, mcpVersion=20230612.114412, forgeGroup=net.minecraftforge]
[17Jun2025 01:45:24.288] [main/DEBUG] [cpw.mods.modlauncher.TransformationServiceDecorator/MODLAUNCHER]: Initialized transformation service fml
[17Jun2025 01:45:24.288] [main/DEBUG] [cpw.mods.modlauncher.NameMappingServiceHandler/MODLAUNCHER]: Current naming domain is 'srg'
[17Jun2025 01:45:24.289] [main/DEBUG] [cpw.mods.modlauncher.NameMappingServiceHandler/MODLAUNCHER]: Identified name mapping providers {}
[17Jun2025 01:45:24.289] [main/DEBUG] [cpw.mods.modlauncher.TransformationServicesHandler/MODLAUNCHER]: Transformation services begin scanning
[17Jun2025 01:45:24.290] [main/DEBUG] [cpw.mods.modlauncher.TransformationServiceDecorator/MODLAUNCHER]: Beginning scan trigger - transformation service mixin
[17Jun2025 01:45:24.290] [main/DEBUG] [cpw.mods.modlauncher.TransformationServiceDecorator/MODLAUNCHER]: End scan trigger - transformation service mixin
[17Jun2025 01:45:24.290] [main/DEBUG] [cpw.mods.modlauncher.TransformationServiceDecorator/MODLAUNCHER]: Beginning scan trigger - transformation service fml
[17Jun2025 01:45:24.290] [main/DEBUG] [net.minecraftforge.fml.loading.FMLServiceProvider/CORE]: Initiating mod scan
[17Jun2025 01:45:24.301] [main/DEBUG] [net.minecraftforge.fml.loading.moddiscovery.ModListHandler/CORE]: Found mod coordinates from lists: []
[17Jun2025 01:45:24.306] [main/DEBUG] [net.minecraftforge.fml.loading.moddiscovery.ModDiscoverer/CORE]: Found Mod Locators : (mods folder:null),(maven libs:null),(exploded directory:null),(minecraft:null),(userdev classpath:null)
[17Jun2025 01:45:24.306] [main/DEBUG] [net.minecraftforge.fml.loading.moddiscovery.ModDiscoverer/CORE]: Found Dependency Locators : (JarInJar:null)
[17Jun2025 01:45:24.318] [main/DEBUG] [net.minecraftforge.fml.loading.moddiscovery.ModFileParser/LOADING]: Considering mod file candidate /workspaces/MyBmc/servidor_minecraft/mods/[forge]ctov-3.4.14.jar
[17Jun2025 01:45:24.364] [main/DEBUG] [net.minecraftforge.fml.loading.moddiscovery.ModFileInfo/LOADING]: Found valid mod file [forge]ctov-3.4.14.jar with {ctov} mods - versions {3.4.14}
[17Jun2025 01:45:24.372] [main/DEBUG] [net.minecraftforge.fml.loading.moddiscovery.ModFileParser/LOADING]: Considering mod file candidate /workspaces/MyBmc/servidor_minecraft/mods/alexscaves-2.0.2.jar
[17Jun2025 01:45:24.375] [main/DEBUG] [net.minecraftforge.fml.loading.moddiscovery.ModFileInfo/LOADING]: Found valid mod file alexscaves-2.0.2.jar with {alexscaves} mods - versions {2.0.2}
[17Jun2025 01:45:24.377] [main/DEBUG] [net.minecraftforge.fml.loading.moddiscovery.ModFileParser/LOADING]: Considering mod file candidate /workspaces/MyBmc/servidor_minecraft/mods/architectury-9.2.14-forge.jar
[17Jun2025 01:45:24.379] [main/DEBUG] [net.minecraftforge.fml.loading.moddiscovery.ModFileInfo/LOADING]: Found valid mod file architectury-9.2.14-forge.jar with {architectury} mods - versions {9.2.14}
[17Jun2025 01:45:24.381] [main/DEBUG] [net.minecraftforge.fml.loading.moddiscovery.ModFileParser/LOADING]: Considering mod file candidate /workspaces/MyBmc/servidor_minecraft/mods/artifacts-forge-9.5.16.jar
[17Jun2025 01:45:24.383] [main/DEBUG] [net.minecraftforge.fml.loading.moddiscovery.ModFileInfo/LOADING]: Found valid mod file artifacts-forge-9.5.16.jar with {artifacts} mods - versions {9.5.16}
[17Jun2025 01:45:24.385] [main/DEBUG] [net.minecraftforge.fml.loading.moddiscovery.ModFileParser/LOADING]: Considering mod file candidate /workspaces/MyBmc/servidor_minecraft/mods/balm-forge-1.20.1-7.3.31-all.jar
[17Jun2025 01:45:24.387] [main/DEBUG] [net.minecraftforge.fml.loading.moddiscovery.ModFileInfo/LOADING]: Found valid mod file balm-forge-1.20.1-7.3.31-all.jar with {balm} mods - versions {7.3.31}
[17Jun2025 01:45:24.388] [main/DEBUG] [net.minecraftforge.fml.loading.moddiscovery.ModFileParser/LOADING]: Considering mod file candidate /workspaces/MyBmc/servidor_minecraft/mods/betterchunkloading-1.20.1-5.4.jar
[17Jun2025 01:45:24.392] [main/DEBUG] [net.minecraftforge.fml.loading.moddiscovery.ModFileInfo/LOADING]: Found valid mod file betterchunkloading-1.20.1-5.4.jar with {betterchunkloading} mods - versions {1.20.1-5.4}
[17Jun2025 01:45:24.398] [main/DEBUG] [net.minecraftforge.fml.loading.moddiscovery.ModFileParser/LOADING]: Considering mod file candidate /workspaces/MyBmc/servidor_minecraft/mods/Bookshelf-Forge-1.20.1-20.2.13.jar
[17Jun2025 01:45:24.400] [main/DEBUG] [net.minecraftforge.fml.loading.moddiscovery.ModFileInfo/LOADING]: Found valid mod file Bookshelf-Forge-1.20.1-20.2.13.jar with {bookshelf} mods - versions {20.2.13}
[17Jun2025 01:45:24.405] [main/DEBUG] [net.minecraftforge.fml.loading.moddiscovery.ModFileParser/LOADING]: Considering mod file candidate /workspaces/MyBmc/servidor_minecraft/mods/born_in_chaos_[Forge]1.20.1_1.7.jar
[17Jun2025 01:45:24.408] [main/DEBUG] [net.minecraftforge.fml.loading.moddiscovery.ModFileInfo/LOADING]: Found valid mod file born_in_chaos_[Forge]1.20.1_1.7.jar with {born_in_chaos_v1} mods - versions {1.7}
[17Jun2025 01:45:24.410] [main/DEBUG] [net.minecraftforge.fml.loading.moddiscovery.ModFileParser/LOADING]: Considering mod file candidate /workspaces/MyBmc/servidor_minecraft/mods/carryon-forge-1.20.1-2.1.2.7.jar
[17Jun2025 01:45:24.412] [main/DEBUG] [net.minecraftforge.fml.loading.moddiscovery.ModFileInfo/LOADING]: Found valid mod file carryon-forge-1.20.1-2.1.2.7.jar with {carryon} mods - versions {2.1.2.7}
[17Jun2025 01:45:24.413] [main/DEBUG] [net.minecraftforge.fml.loading.moddiscovery.ModFileParser/LOADING]: Considering mod file candidate /workspaces/MyBmc/servidor_minecraft/mods/chunksending-1.20.1-2.8.jar
[17Jun2025 01:45:24.414] [main/DEBUG] [net.minecraftforge.fml.loading.moddiscovery.ModFileInfo/LOADING]: Found valid mod file chunksending-1.20.1-2.8.jar with {chunksending} mods - versions {1.20.1-2.8}
[17Jun2025 01:45:24.416] [main/DEBUG] [net.minecraftforge.fml.loading.moddiscovery.ModFileParser/LOADING]: Considering mod file candidate /workspaces/MyBmc/servidor_minecraft/mods/citadel-2.6.1-1.20.1.jar
[17Jun2025 01:45:24.418] [main/DEBUG] [net.minecraftforge.fml.loading.moddiscovery.ModFileInfo/LOADING]: Found valid mod file citadel-2.6.1-1.20.1.jar with {citadel} mods - versions {2.6.1}
[17Jun2025 01:45:24.420] [main/DEBUG] [net.minecraftforge.fml.loading.moddiscovery.ModFileParser/LOADING]: Considering mod file candidate /workspaces/MyBmc/servidor_minecraft/mods/clickadv-1.20.1-3.8.jar
[17Jun2025 01:45:24.422] [main/DEBUG] [net.minecraftforge.fml.loading.moddiscovery.ModFileInfo/LOADING]: Found valid mod file clickadv-1.20.1-3.8.jar with {clickadv} mods - versions {1.20.1-3.8}
[17Jun2025 01:45:24.423] [main/DEBUG] [net.minecraftforge.fml.loading.moddiscovery.ModFileParser/LOADING]: Considering mod file candidate /workspaces/MyBmc/servidor_minecraft/mods/cloth-config-11.1.136-forge.jar
[17Jun2025 01:45:24.424] [main/DEBUG] [net.minecraftforge.fml.loading.moddiscovery.ModFileInfo/LOADING]: Found valid mod file cloth-config-11.1.136-forge.jar with {cloth_config} mods - versions {11.1.136}
[17Jun2025 01:45:24.425] [main/DEBUG] [net.minecraftforge.fml.loading.moddiscovery.ModFileParser/LOADING]: Considering mod file candidate /workspaces/MyBmc/servidor_minecraft/mods/Clumps-forge-1.20.1-12.0.0.4.jar
[17Jun2025 01:45:24.426] [main/DEBUG] [net.minecraftforge.fml.loading.moddiscovery.ModFileInfo/LOADING]: Found valid mod file Clumps-forge-1.20.1-12.0.0.4.jar with {clumps} mods - versions {12.0.0.4}
[17Jun2025 01:45:24.427] [main/DEBUG] [net.minecraftforge.fml.loading.moddiscovery.ModFileParser/LOADING]: Considering mod file candidate /workspaces/MyBmc/servidor_minecraft/mods/collective-1.20.1-8.3.jar
[17Jun2025 01:45:24.428] [main/DEBUG] [net.minecraftforge.fml.loading.moddiscovery.ModFileInfo/LOADING]: Found valid mod file collective-1.20.1-8.3.jar with {collective} mods - versions {8.3}
[17Jun2025 01:45:24.428] [main/DEBUG] [net.minecraftforge.fml.loading.moddiscovery.ModFileParser/LOADING]: Considering mod file candidate /workspaces/MyBmc/servidor_minecraft/mods/connectivity-1.20.1-7.1.jar
[17Jun2025 01:45:24.430] [main/DEBUG] [net.minecraftforge.fml.loading.moddiscovery.ModFileInfo/LOADING]: Found valid mod file connectivity-1.20.1-7.1.jar with {connectivity} mods - versions {1.20.1-7.1}
[17Jun2025 01:45:24.432] [main/DEBUG] [net.minecraftforge.fml.loading.moddiscovery.ModFileParser/LOADING]: Considering mod file candidate /workspaces/MyBmc/servidor_minecraft/mods/cosmeticarmorreworked-1.20.1-v1a.jar
[17Jun2025 01:45:24.433] [main/DEBUG] [net.minecraftforge.fml.loading.moddiscovery.ModFileInfo/LOADING]: Found valid mod file cosmeticarmorreworked-1.20.1-v1a.jar with {cosmeticarmorreworked} mods - versions {1.20.1-v1a}
[17Jun2025 01:45:24.434] [main/DEBUG] [net.minecraftforge.fml.loading.moddiscovery.ModFileParser/LOADING]: Considering mod file candidate /workspaces/MyBmc/servidor_minecraft/mods/cupboard-1.20.1-2.7 copy.jar
[17Jun2025 01:45:24.435] [main/DEBUG] [net.minecraftforge.fml.loading.moddiscovery.ModFileInfo/LOADING]: Found valid mod file cupboard-1.20.1-2.7 copy.jar with {cupboard} mods - versions {1.20.1-2.7}
[17Jun2025 01:45:24.436] [main/DEBUG] [net.minecraftforge.fml.loading.moddiscovery.ModFileParser/LOADING]: Considering mod file candidate /workspaces/MyBmc/servidor_minecraft/mods/cupboard-1.20.1-2.7.jar
[17Jun2025 01:45:24.437] [main/DEBUG] [net.minecraftforge.fml.loading.moddiscovery.ModFileInfo/LOADING]: Found valid mod file cupboard-1.20.1-2.7.jar with {cupboard} mods - versions {1.20.1-2.7}
[17Jun2025 01:45:24.439] [main/DEBUG] [net.minecraftforge.fml.loading.moddiscovery.ModFileParser/LOADING]: Considering mod file candidate /workspaces/MyBmc/servidor_minecraft/mods/curios-forge-5.14.1+1.20.1.jar
[17Jun2025 01:45:24.440] [main/DEBUG] [net.minecraftforge.fml.loading.moddiscovery.ModFileInfo/LOADING]: Found valid mod file curios-forge-5.14.1+1.20.1.jar with {curios} mods - versions {5.14.1+1.20.1}
[17Jun2025 01:45:24.443] [main/DEBUG] [net.minecraftforge.fml.loading.moddiscovery.ModFileParser/LOADING]: Considering mod file candidate /workspaces/MyBmc/servidor_minecraft/mods/EnchantmentDescriptions-Forge-1.20.1-17.1.19.jar
[17Jun2025 01:45:24.444] [main/DEBUG] [net.minecraftforge.fml.loading.moddiscovery.ModFileInfo/LOADING]: Found valid mod file EnchantmentDescriptions-Forge-1.20.1-17.1.19.jar with {enchdesc} mods - versions {17.1.19}
[17Jun2025 01:45:24.445] [main/DEBUG] [net.minecraftforge.fml.loading.moddiscovery.ModFileParser/LOADING]: Considering mod file candidate /workspaces/MyBmc/servidor_minecraft/mods/fastasyncworldsave-1.20.1-2.4.jar
[17Jun2025 01:45:24.446] [main/DEBUG] [net.minecraftforge.fml.loading.moddiscovery.ModFileInfo/LOADING]: Found valid mod file fastasyncworldsave-1.20.1-2.4.jar with {fastasyncworldsave} mods - versions {1.20.1-2.4}
[17Jun2025 01:45:24.447] [main/DEBUG] [net.minecraftforge.fml.loading.moddiscovery.ModFileParser/LOADING]: Considering mod file candidate /workspaces/MyBmc/servidor_minecraft/mods/FastLeafDecay-32.jar
[17Jun2025 01:45:24.448] [main/DEBUG] [net.minecraftforge.fml.loading.moddiscovery.ModFileInfo/LOADING]: Found valid mod file FastLeafDecay-32.jar with {fastleafdecay} mods - versions {32}
[17Jun2025 01:45:24.449] [main/DEBUG] [net.minecraftforge.fml.loading.moddiscovery.ModFileParser/LOADING]: Considering mod file candidate /workspaces/MyBmc/servidor_minecraft/mods/geckolib-forge-1.20.1-4.7.1.3.jar
[17Jun2025 01:45:24.450] [main/DEBUG] [net.minecraftforge.fml.loading.moddiscovery.ModFileInfo/LOADING]: Found valid mod file geckolib-forge-1.20.1-4.7.1.3.jar with {geckolib} mods - versions {4.7.1.3}
[17Jun2025 01:45:24.453] [main/DEBUG] [net.minecraftforge.fml.loading.moddiscovery.ModFileParser/LOADING]: Considering mod file candidate /workspaces/MyBmc/servidor_minecraft/mods/journeymap-1.20.1-5.10.3-forge copy.jar
[17Jun2025 01:45:24.454] [main/DEBUG] [net.minecraftforge.fml.loading.moddiscovery.ModFileInfo/LOADING]: Found valid mod file journeymap-1.20.1-5.10.3-forge copy.jar with {journeymap} mods - versions {5.10.3}
[17Jun2025 01:45:24.457] [main/DEBUG] [net.minecraftforge.fml.loading.moddiscovery.ModFileParser/LOADING]: Considering mod file candidate /workspaces/MyBmc/servidor_minecraft/mods/journeymap-1.20.1-5.10.3-forge.jar
[17Jun2025 01:45:24.458] [main/DEBUG] [net.minecraftforge.fml.loading.moddiscovery.ModFileInfo/LOADING]: Found valid mod file journeymap-1.20.1-5.10.3-forge.jar with {journeymap} mods - versions {5.10.3}
[17Jun2025 01:45:24.459] [main/DEBUG] [net.minecraftforge.fml.loading.moddiscovery.ModFileParser/LOADING]: Considering mod file candidate /workspaces/MyBmc/servidor_minecraft/mods/lithostitched-forge-1.20.1-1.4.8.jar
[17Jun2025 01:45:24.460] [main/DEBUG] [net.minecraftforge.fml.loading.moddiscovery.ModFileInfo/LOADING]: Found valid mod file lithostitched-forge-1.20.1-1.4.8.jar with {lithostitched} mods - versions {1.4.8}
[17Jun2025 01:45:24.461] [main/DEBUG] [net.minecraftforge.fml.loading.moddiscovery.ModFileParser/LOADING]: Considering mod file candidate /workspaces/MyBmc/servidor_minecraft/mods/logprot-1.20.1-3.5.jar
[17Jun2025 01:45:24.462] [main/DEBUG] [net.minecraftforge.fml.loading.moddiscovery.ModFileInfo/LOADING]: Found valid mod file logprot-1.20.1-3.5.jar with {logprot} mods - versions {1.4}
[17Jun2025 01:45:24.465] [main/DEBUG] [net.minecraftforge.fml.loading.moddiscovery.ModFileParser/LOADING]: Considering mod file candidate /workspaces/MyBmc/servidor_minecraft/mods/lootintegrations-1.20.1-4.7.jar
[17Jun2025 01:45:24.467] [main/DEBUG] [net.minecraftforge.fml.loading.moddiscovery.ModFileInfo/LOADING]: Found valid mod file lootintegrations-1.20.1-4.7.jar with {lootintegrations} mods - versions {1.20.1-4.7}
[17Jun2025 01:45:24.468] [main/DEBUG] [net.minecraftforge.fml.loading.moddiscovery.ModFileParser/LOADING]: Considering mod file candidate /workspaces/MyBmc/servidor_minecraft/mods/moonlight-1.20-2.14.4-forge.jar
[17Jun2025 01:45:24.470] [main/DEBUG] [net.minecraftforge.fml.loading.moddiscovery.ModFileInfo/LOADING]: Found valid mod file moonlight-1.20-2.14.4-forge.jar with {moonlight} mods - versions {1.20-2.14.4}
[17Jun2025 01:45:24.471] [main/DEBUG] [net.minecraftforge.fml.loading.moddiscovery.ModFileParser/LOADING]: Considering mod file candidate /workspaces/MyBmc/servidor_minecraft/mods/recipeessentials-1.20.1-4.0.jar
[17Jun2025 01:45:24.471] [main/DEBUG] [net.minecraftforge.fml.loading.moddiscovery.ModFileInfo/LOADING]: Found valid mod file recipeessentials-1.20.1-4.0.jar with {recipeessentials} mods - versions {1.20.1-4.0}
[17Jun2025 01:45:24.472] [main/DEBUG] [net.minecraftforge.fml.loading.moddiscovery.ModFileParser/LOADING]: Considering mod file candidate /workspaces/MyBmc/servidor_minecraft/mods/smoothchunk-1.20.1-4.1.jar
[17Jun2025 01:45:24.473] [main/DEBUG] [net.minecraftforge.fml.loading.moddiscovery.ModFileInfo/LOADING]: Found valid mod file smoothchunk-1.20.1-4.1.jar with {smoothchunk} mods - versions {1.20.1-4.1}
[17Jun2025 01:45:24.475] [main/DEBUG] [net.minecraftforge.fml.loading.moddiscovery.ModFileParser/LOADING]: Considering mod file candidate /workspaces/MyBmc/servidor_minecraft/mods/sophisticatedbackpacks-1.20.1-3.23.19.1251.jar
[17Jun2025 01:45:24.475] [main/DEBUG] [net.minecraftforge.fml.loading.moddiscovery.ModFileInfo/LOADING]: Found valid mod file sophisticatedbackpacks-1.20.1-3.23.19.1251.jar with {sophisticatedbackpacks} mods - versions {3.23.19.1251}
[17Jun2025 01:45:24.477] [main/DEBUG] [net.minecraftforge.fml.loading.moddiscovery.ModFileParser/LOADING]: Considering mod file candidate /workspaces/MyBmc/servidor_minecraft/mods/sophisticatedcore-1.20.1-1.2.69.1005.jar
[17Jun2025 01:45:24.477] [main/DEBUG] [net.minecraftforge.fml.loading.moddiscovery.ModFileInfo/LOADING]: Found valid mod file sophisticatedcore-1.20.1-1.2.69.1005.jar with {sophisticatedcore} mods - versions {1.2.69.1005}
[17Jun2025 01:45:24.478] [main/DEBUG] [net.minecraftforge.fml.loading.moddiscovery.ModFileParser/LOADING]: Considering mod file candidate /workspaces/MyBmc/servidor_minecraft/mods/structureessentials-1.20.1-4.7.jar
[17Jun2025 01:45:24.479] [main/DEBUG] [net.minecraftforge.fml.loading.moddiscovery.ModFileInfo/LOADING]: Found valid mod file structureessentials-1.20.1-4.7.jar with {structureessentials} mods - versions {1.20.1-4.7}
[17Jun2025 01:45:24.483] [main/DEBUG] [net.minecraftforge.fml.loading.moddiscovery.ModFileParser/LOADING]: Considering mod file candidate /workspaces/MyBmc/servidor_minecraft/mods/supplementaries-1.20-3.1.31.jar
[17Jun2025 01:45:24.485] [main/DEBUG] [net.minecraftforge.fml.loading.moddiscovery.ModFileInfo/LOADING]: Found valid mod file supplementaries-1.20-3.1.31.jar with {supplementaries} mods - versions {1.20-3.1.31}
[17Jun2025 01:45:24.486] [main/DEBUG] [net.minecraftforge.fml.loading.moddiscovery.ModFileParser/LOADING]: Considering mod file candidate /workspaces/MyBmc/servidor_minecraft/mods/takesapillage-1.0.3-1.20.1.jar
[17Jun2025 01:45:24.488] [main/DEBUG] [net.minecraftforge.fml.loading.moddiscovery.ModFileInfo/LOADING]: Found valid mod file takesapillage-1.0.3-1.20.1.jar with {takesapillage} mods - versions {1.0.3}
[17Jun2025 01:45:24.488] [main/DEBUG] [net.minecraftforge.fml.loading.moddiscovery.ModFileParser/LOADING]: Considering mod file candidate /workspaces/MyBmc/servidor_minecraft/mods/TerraBlender-forge-1.20.1-3.0.1.10.jar
[17Jun2025 01:45:24.489] [main/DEBUG] [net.minecraftforge.fml.loading.moddiscovery.ModFileInfo/LOADING]: Found valid mod file TerraBlender-forge-1.20.1-3.0.1.10.jar with {terrablender} mods - versions {3.0.1.10}
[17Jun2025 01:45:24.491] [main/DEBUG] [net.minecraftforge.fml.loading.moddiscovery.ModFileParser/LOADING]: Considering mod file candidate /workspaces/MyBmc/servidor_minecraft/mods/tombstone-1.20.1-8.9.6.jar
[17Jun2025 01:45:24.492] [main/DEBUG] [net.minecraftforge.fml.loading.moddiscovery.ModFileInfo/LOADING]: Found valid mod file tombstone-1.20.1-8.9.6.jar with {tombstone} mods - versions {8.9.6}
[17Jun2025 01:45:24.492] [main/DEBUG] [net.minecraftforge.fml.loading.moddiscovery.ModFileParser/LOADING]: Considering mod file candidate /workspaces/MyBmc/servidor_minecraft/mods/trade-cycling-forge-1.20.1-1.0.18.jar
[17Jun2025 01:45:24.493] [main/DEBUG] [net.minecraftforge.fml.loading.moddiscovery.ModFileInfo/LOADING]: Found valid mod file trade-cycling-forge-1.20.1-1.0.18.jar with {trade_cycling} mods - versions {1.20.1-1.0.18}
[17Jun2025 01:45:24.494] [main/DEBUG] [net.minecraftforge.fml.loading.moddiscovery.ModFileParser/LOADING]: Considering mod file candidate /workspaces/MyBmc/servidor_minecraft/mods/villagernames-1.20.1-8.2.jar
[17Jun2025 01:45:24.494] [main/DEBUG] [net.minecraftforge.fml.loading.moddiscovery.ModFileInfo/LOADING]: Found valid mod file villagernames-1.20.1-8.2.jar with {villagernames} mods - versions {8.2}
[17Jun2025 01:45:24.495] [main/DEBUG] [net.minecraftforge.fml.loading.moddiscovery.ModFileParser/LOADING]: Considering mod file candidate /workspaces/MyBmc/servidor_minecraft/mods/voicechat-forge-1.20.1-2.5.30.jar
[17Jun2025 01:45:24.496] [main/DEBUG] [net.minecraftforge.fml.loading.moddiscovery.ModFileInfo/LOADING]: Found valid mod file voicechat-forge-1.20.1-2.5.30.jar with {voicechat} mods - versions {1.20.1-2.5.30}
[17Jun2025 01:45:24.497] [main/DEBUG] [net.minecraftforge.fml.loading.moddiscovery.ModFileParser/LOADING]: Considering mod file candidate /workspaces/MyBmc/servidor_minecraft/mods/waystones-forge-1.20.1-14.1.13.jar
[17Jun2025 01:45:24.498] [main/DEBUG] [net.minecraftforge.fml.loading.moddiscovery.ModFileInfo/LOADING]: Found valid mod file waystones-forge-1.20.1-14.1.13.jar with {waystones} mods - versions {14.1.13}
[17Jun2025 01:45:24.498] [main/DEBUG] [net.minecraftforge.fml.loading.moddiscovery.ModFileParser/LOADING]: Considering mod file candidate /workspaces/MyBmc/servidor_minecraft/mods/YungsApi-1.20-Forge-4.0.6.jar
[17Jun2025 01:45:24.499] [main/DEBUG] [net.minecraftforge.fml.loading.moddiscovery.ModFileInfo/LOADING]: Found valid mod file YungsApi-1.20-Forge-4.0.6.jar with {yungsapi} mods - versions {1.20-Forge-4.0.6}
[17Jun2025 01:45:24.500] [main/DEBUG] [net.minecraftforge.fml.loading.moddiscovery.ModFileParser/LOADING]: Considering mod file candidate /workspaces/MyBmc/servidor_minecraft/mods/YungsBetterDesertTemples-1.20-Forge-3.0.3.jar
[17Jun2025 01:45:24.500] [main/DEBUG] [net.minecraftforge.fml.loading.moddiscovery.ModFileInfo/LOADING]: Found valid mod file YungsBetterDesertTemples-1.20-Forge-3.0.3.jar with {betterdeserttemples} mods - versions {1.20-Forge-3.0.3}
[17Jun2025 01:45:24.501] [main/DEBUG] [net.minecraftforge.fml.loading.moddiscovery.ModFileParser/LOADING]: Considering mod file candidate /workspaces/MyBmc/servidor_minecraft/mods/YungsBetterDungeons-1.20-Forge-4.0.4.jar
[17Jun2025 01:45:24.502] [main/DEBUG] [net.minecraftforge.fml.loading.moddiscovery.ModFileInfo/LOADING]: Found valid mod file YungsBetterDungeons-1.20-Forge-4.0.4.jar with {betterdungeons} mods - versions {1.20-Forge-4.0.4}
[17Jun2025 01:45:24.503] [main/DEBUG] [net.minecraftforge.fml.loading.moddiscovery.ModFileParser/LOADING]: Considering mod file candidate /workspaces/MyBmc/servidor_minecraft/mods/YungsBetterEndIsland-1.20-Forge-2.0.6.jar
[17Jun2025 01:45:24.503] [main/DEBUG] [net.minecraftforge.fml.loading.moddiscovery.ModFileInfo/LOADING]: Found valid mod file YungsBetterEndIsland-1.20-Forge-2.0.6.jar with {betterendisland} mods - versions {1.20-Forge-2.0.6}
[17Jun2025 01:45:24.505] [main/DEBUG] [net.minecraftforge.fml.loading.moddiscovery.ModFileParser/LOADING]: Considering mod file candidate /workspaces/MyBmc/servidor_minecraft/mods/YungsBetterJungleTemples-1.20-Forge-2.0.5.jar
[17Jun2025 01:45:24.505] [main/DEBUG] [net.minecraftforge.fml.loading.moddiscovery.ModFileInfo/LOADING]: Found valid mod file YungsBetterJungleTemples-1.20-Forge-2.0.5.jar with {betterjungletemples} mods - versions {1.20-Forge-2.0.5}
[17Jun2025 01:45:24.506] [main/DEBUG] [net.minecraftforge.fml.loading.moddiscovery.ModFileParser/LOADING]: Considering mod file candidate /workspaces/MyBmc/servidor_minecraft/mods/YungsBetterMineshafts-1.20-Forge-4.0.4.jar
[17Jun2025 01:45:24.507] [main/DEBUG] [net.minecraftforge.fml.loading.moddiscovery.ModFileInfo/LOADING]: Found valid mod file YungsBetterMineshafts-1.20-Forge-4.0.4.jar with {bettermineshafts} mods - versions {1.20-Forge-4.0.4}
[17Jun2025 01:45:24.507] [main/DEBUG] [net.minecraftforge.fml.loading.moddiscovery.ModFileParser/LOADING]: Considering mod file candidate /workspaces/MyBmc/servidor_minecraft/mods/YungsBetterNetherFortresses-1.20-Forge-2.0.6.jar
[17Jun2025 01:45:24.508] [main/DEBUG] [net.minecraftforge.fml.loading.moddiscovery.ModFileInfo/LOADING]: Found valid mod file YungsBetterNetherFortresses-1.20-Forge-2.0.6.jar with {betterfortresses} mods - versions {1.20-Forge-2.0.6}
[17Jun2025 01:45:24.509] [main/DEBUG] [net.minecraftforge.fml.loading.moddiscovery.ModFileParser/LOADING]: Considering mod file candidate /workspaces/MyBmc/servidor_minecraft/mods/YungsBetterStrongholds-1.20-Forge-4.0.3.jar
[17Jun2025 01:45:24.509] [main/DEBUG] [net.minecraftforge.fml.loading.moddiscovery.ModFileInfo/LOADING]: Found valid mod file YungsBetterStrongholds-1.20-Forge-4.0.3.jar with {betterstrongholds} mods - versions {1.20-Forge-4.0.3}
[17Jun2025 01:45:24.510] [main/DEBUG] [net.minecraftforge.fml.loading.moddiscovery.ModFileParser/LOADING]: Considering mod file candidate /workspaces/MyBmc/servidor_minecraft/mods/YungsBetterWitchHuts-1.20-Forge-3.0.3.jar
[17Jun2025 01:45:24.510] [main/DEBUG] [net.minecraftforge.fml.loading.moddiscovery.ModFileInfo/LOADING]: Found valid mod file YungsBetterWitchHuts-1.20-Forge-3.0.3.jar with {betterwitchhuts} mods - versions {1.20-Forge-3.0.3}
[17Jun2025 01:45:24.511] [main/DEBUG] [net.minecraftforge.fml.loading.moddiscovery.ModFileParser/LOADING]: Considering mod file candidate /workspaces/MyBmc/servidor_minecraft/mods/YungsCaveBiomes-1.20.1-Forge-2.0.5.jar
[17Jun2025 01:45:24.512] [main/DEBUG] [net.minecraftforge.fml.loading.moddiscovery.ModFileInfo/LOADING]: Found valid mod file YungsCaveBiomes-1.20.1-Forge-2.0.5.jar with {yungscavebiomes} mods - versions {1.20.1-Forge-2.0.5}
[17Jun2025 01:45:24.621] [main/DEBUG] [net.minecraftforge.fml.loading.moddiscovery.ModFileInfo/LOADING]: Found valid mod file server-1.20.1-20230612.114412-srg.jar with {minecraft} mods - versions {1.20.1}
[17Jun2025 01:45:24.628] [main/DEBUG] [net.minecraftforge.fml.loading.moddiscovery.ModFileParser/LOADING]: Considering mod file candidate /workspaces/MyBmc/servidor_minecraft/libraries/net/minecraftforge/fmlcore/1.20.1-47.3.7/fmlcore-1.20.1-47.3.7.jar
[17Jun2025 01:45:24.628] [main/WARN] [net.minecraftforge.fml.loading.moddiscovery.ModFileParser/LOADING]: Mod file /workspaces/MyBmc/servidor_minecraft/libraries/net/minecraftforge/fmlcore/1.20.1-47.3.7/fmlcore-1.20.1-47.3.7.jar is missing mods.toml file
[17Jun2025 01:45:24.631] [main/DEBUG] [net.minecraftforge.fml.loading.moddiscovery.ModFileParser/LOADING]: Considering mod file candidate /workspaces/MyBmc/servidor_minecraft/libraries/net/minecraftforge/javafmllanguage/1.20.1-47.3.7/javafmllanguage-1.20.1-47.3.7.jar
[17Jun2025 01:45:24.631] [main/WARN] [net.minecraftforge.fml.loading.moddiscovery.ModFileParser/LOADING]: Mod file /workspaces/MyBmc/servidor_minecraft/libraries/net/minecraftforge/javafmllanguage/1.20.1-47.3.7/javafmllanguage-1.20.1-47.3.7.jar is missing mods.toml file
[17Jun2025 01:45:24.633] [main/DEBUG] [net.minecraftforge.fml.loading.moddiscovery.ModFileParser/LOADING]: Considering mod file candidate /workspaces/MyBmc/servidor_minecraft/libraries/net/minecraftforge/lowcodelanguage/1.20.1-47.3.7/lowcodelanguage-1.20.1-47.3.7.jar
[17Jun2025 01:45:24.633] [main/WARN] [net.minecraftforge.fml.loading.moddiscovery.ModFileParser/LOADING]: Mod file /workspaces/MyBmc/servidor_minecraft/libraries/net/minecraftforge/lowcodelanguage/1.20.1-47.3.7/lowcodelanguage-1.20.1-47.3.7.jar is missing mods.toml file
[17Jun2025 01:45:24.635] [main/DEBUG] [net.minecraftforge.fml.loading.moddiscovery.ModFileParser/LOADING]: Considering mod file candidate /workspaces/MyBmc/servidor_minecraft/libraries/net/minecraftforge/mclanguage/1.20.1-47.3.7/mclanguage-1.20.1-47.3.7.jar
[17Jun2025 01:45:24.635] [main/WARN] [net.minecraftforge.fml.loading.moddiscovery.ModFileParser/LOADING]: Mod file /workspaces/MyBmc/servidor_minecraft/libraries/net/minecraftforge/mclanguage/1.20.1-47.3.7/mclanguage-1.20.1-47.3.7.jar is missing mods.toml file
[17Jun2025 01:45:24.679] [main/DEBUG] [net.minecraftforge.fml.loading.moddiscovery.ModFileParser/LOADING]: Considering mod file candidate /workspaces/MyBmc/servidor_minecraft/libraries/net/minecraftforge/forge/1.20.1-47.3.7/forge-1.20.1-47.3.7-universal.jar
[17Jun2025 01:45:24.680] [main/DEBUG] [net.minecraftforge.fml.loading.moddiscovery.ModFileInfo/LOADING]: Found valid mod file forge-1.20.1-47.3.7-universal.jar with {forge} mods - versions {47.3.7}
[17Jun2025 01:45:24.687] [main/DEBUG] [net.minecraftforge.fml.loading.UniqueModListBuilder/]: Found 2 mods for first modid journeymap, selecting most recent based on version data
[17Jun2025 01:45:24.688] [main/DEBUG] [net.minecraftforge.fml.loading.UniqueModListBuilder/]: Selected file journeymap-1.20.1-5.10.3-forge copy.jar for modid journeymap with version 5.10.3
[17Jun2025 01:45:24.688] [main/DEBUG] [net.minecraftforge.fml.loading.UniqueModListBuilder/]: Found 2 mods for first modid cupboard, selecting most recent based on version data
[17Jun2025 01:45:24.688] [main/DEBUG] [net.minecraftforge.fml.loading.UniqueModListBuilder/]: Selected file cupboard-1.20.1-2.7 copy.jar for modid cupboard with version 1.20.1-2.7
[17Jun2025 01:45:24.698] [main/DEBUG] [net.minecraftforge.fml.loading.moddiscovery.AbstractJarFileDependencyLocator/]: Failed to load resource META-INF/jarjar/metadata.json from YungsBetterDungeons-1.20-Forge-4.0.4.jar, it does not contain dependency information.
[17Jun2025 01:45:24.699] [main/DEBUG] [net.minecraftforge.fml.loading.moddiscovery.AbstractJarFileDependencyLocator/]: Failed to load resource META-INF/jarjar/metadata.json from YungsBetterWitchHuts-1.20-Forge-3.0.3.jar, it does not contain dependency information.
[17Jun2025 01:45:24.699] [main/DEBUG] [net.minecraftforge.fml.loading.moddiscovery.AbstractJarFileDependencyLocator/]: Failed to load resource META-INF/jarjar/metadata.json from recipeessentials-1.20.1-4.0.jar, it does not contain dependency information.
[17Jun2025 01:45:24.699] [main/DEBUG] [net.minecraftforge.fml.loading.moddiscovery.AbstractJarFileDependencyLocator/]: Failed to load resource META-INF/jarjar/metadata.json from lithostitched-forge-1.20.1-1.4.8.jar, it does not contain dependency information.
[17Jun2025 01:45:24.699] [main/DEBUG] [net.minecraftforge.fml.loading.moddiscovery.AbstractJarFileDependencyLocator/]: Failed to load resource META-INF/jarjar/metadata.json from connectivity-1.20.1-7.1.jar, it does not contain dependency information.
[17Jun2025 01:45:24.699] [main/DEBUG] [net.minecraftforge.fml.loading.moddiscovery.AbstractJarFileDependencyLocator/]: Failed to load resource META-INF/jarjar/metadata.json from sophisticatedcore-1.20.1-1.2.69.1005.jar, it does not contain dependency information.
[17Jun2025 01:45:24.699] [main/DEBUG] [net.minecraftforge.fml.loading.moddiscovery.AbstractJarFileDependencyLocator/]: Failed to load resource META-INF/jarjar/metadata.json from waystones-forge-1.20.1-14.1.13.jar, it does not contain dependency information.
[17Jun2025 01:45:24.700] [main/DEBUG] [net.minecraftforge.fml.loading.moddiscovery.AbstractJarFileDependencyLocator/]: Failed to load resource META-INF/jarjar/metadata.json from structureessentials-1.20.1-4.7.jar, it does not contain dependency information.
[17Jun2025 01:45:24.700] [main/DEBUG] [net.minecraftforge.fml.loading.moddiscovery.AbstractJarFileDependencyLocator/]: Failed to load resource META-INF/jarjar/metadata.json from villagernames-1.20.1-8.2.jar, it does not contain dependency information.
[17Jun2025 01:45:24.700] [main/DEBUG] [net.minecraftforge.fml.loading.moddiscovery.AbstractJarFileDependencyLocator/]: Failed to load resource META-INF/jarjar/metadata.json from Clumps-forge-1.20.1-12.0.0.4.jar, it does not contain dependency information.
[17Jun2025 01:45:24.700] [main/DEBUG] [net.minecraftforge.fml.loading.moddiscovery.AbstractJarFileDependencyLocator/]: Failed to load resource META-INF/jarjar/metadata.json from journeymap-1.20.1-5.10.3-forge copy.jar, it does not contain dependency information.
[17Jun2025 01:45:24.700] [main/DEBUG] [net.minecraftforge.fml.loading.moddiscovery.AbstractJarFileDependencyLocator/]: Failed to load resource META-INF/jarjar/metadata.json from fastasyncworldsave-1.20.1-2.4.jar, it does not contain dependency information.
[17Jun2025 01:45:24.700] [main/DEBUG] [net.minecraftforge.fml.loading.moddiscovery.AbstractJarFileDependencyLocator/]: Failed to load resource META-INF/jarjar/metadata.json from YungsCaveBiomes-1.20.1-Forge-2.0.5.jar, it does not contain dependency information.
[17Jun2025 01:45:24.700] [main/DEBUG] [net.minecraftforge.fml.loading.moddiscovery.AbstractJarFileDependencyLocator/]: Failed to load resource META-INF/jarjar/metadata.json from citadel-2.6.1-1.20.1.jar, it does not contain dependency information.
[17Jun2025 01:45:24.700] [main/DEBUG] [net.minecraftforge.fml.loading.moddiscovery.AbstractJarFileDependencyLocator/]: Failed to load resource META-INF/jarjar/metadata.json from lootintegrations-1.20.1-4.7.jar, it does not contain dependency information.
[17Jun2025 01:45:24.702] [main/DEBUG] [net.minecraftforge.fml.loading.moddiscovery.AbstractJarFileDependencyLocator/]: Failed to load resource META-INF/jarjar/metadata.json from YungsApi-1.20-Forge-4.0.6.jar, it does not contain dependency information.
[17Jun2025 01:45:24.702] [main/DEBUG] [net.minecraftforge.fml.loading.moddiscovery.AbstractJarFileDependencyLocator/]: Failed to load resource META-INF/jarjar/metadata.json from Bookshelf-Forge-1.20.1-20.2.13.jar, it does not contain dependency information.
[17Jun2025 01:45:24.703] [main/DEBUG] [net.minecraftforge.fml.loading.moddiscovery.AbstractJarFileDependencyLocator/]: Failed to load resource META-INF/jarjar/metadata.json from sophisticatedbackpacks-1.20.1-3.23.19.1251.jar, it does not contain dependency information.
[17Jun2025 01:45:24.703] [main/DEBUG] [net.minecraftforge.fml.loading.moddiscovery.AbstractJarFileDependencyLocator/]: Failed to load resource META-INF/jarjar/metadata.json from YungsBetterDesertTemples-1.20-Forge-3.0.3.jar, it does not contain dependency information.
[17Jun2025 01:45:24.703] [main/DEBUG] [net.minecraftforge.fml.loading.moddiscovery.AbstractJarFileDependencyLocator/]: Failed to load resource META-INF/jarjar/metadata.json from takesapillage-1.0.3-1.20.1.jar, it does not contain dependency information.
[17Jun2025 01:45:24.704] [main/DEBUG] [net.minecraftforge.fml.loading.moddiscovery.AbstractJarFileDependencyLocator/]: Failed to load resource META-INF/jarjar/metadata.json from clickadv-1.20.1-3.8.jar, it does not contain dependency information.
[17Jun2025 01:45:24.705] [main/DEBUG] [net.minecraftforge.fml.loading.moddiscovery.AbstractJarFileDependencyLocator/]: Failed to load resource META-INF/jarjar/metadata.json from YungsBetterNetherFortresses-1.20-Forge-2.0.6.jar, it does not contain dependency information.
[17Jun2025 01:45:24.706] [main/DEBUG] [net.minecraftforge.fml.loading.moddiscovery.AbstractJarFileDependencyLocator/]: Failed to load resource META-INF/jarjar/metadata.json from cloth-config-11.1.136-forge.jar, it does not contain dependency information.
[17Jun2025 01:45:24.706] [main/DEBUG] [net.minecraftforge.fml.loading.moddiscovery.AbstractJarFileDependencyLocator/]: Failed to load resource META-INF/jarjar/metadata.json from forge-1.20.1-47.3.7-universal.jar, it does not contain dependency information.
[17Jun2025 01:45:24.707] [main/DEBUG] [net.minecraftforge.fml.loading.moddiscovery.AbstractJarFileDependencyLocator/]: Failed to load resource META-INF/jarjar/metadata.json from [forge]ctov-3.4.14.jar, it does not contain dependency information.
[17Jun2025 01:45:24.707] [main/DEBUG] [net.minecraftforge.fml.loading.moddiscovery.AbstractJarFileDependencyLocator/]: Failed to load resource META-INF/jarjar/metadata.json from server-1.20.1-20230612.114412-srg.jar, it does not contain dependency information.
[17Jun2025 01:45:24.707] [main/DEBUG] [net.minecraftforge.fml.loading.moddiscovery.AbstractJarFileDependencyLocator/]: Failed to load resource META-INF/jarjar/metadata.json from smoothchunk-1.20.1-4.1.jar, it does not contain dependency information.
[17Jun2025 01:45:24.707] [main/DEBUG] [net.minecraftforge.fml.loading.moddiscovery.AbstractJarFileDependencyLocator/]: Failed to load resource META-INF/jarjar/metadata.json from logprot-1.20.1-3.5.jar, it does not contain dependency information.
[17Jun2025 01:45:24.707] [main/DEBUG] [net.minecraftforge.fml.loading.moddiscovery.AbstractJarFileDependencyLocator/]: Failed to load resource META-INF/jarjar/metadata.json from alexscaves-2.0.2.jar, it does not contain dependency information.
[17Jun2025 01:45:24.708] [main/DEBUG] [net.minecraftforge.fml.loading.moddiscovery.AbstractJarFileDependencyLocator/]: Failed to load resource META-INF/jarjar/metadata.json from voicechat-forge-1.20.1-2.5.30.jar, it does not contain dependency information.
[17Jun2025 01:45:24.708] [main/DEBUG] [net.minecraftforge.fml.loading.moddiscovery.AbstractJarFileDependencyLocator/]: Failed to load resource META-INF/jarjar/metadata.json from trade-cycling-forge-1.20.1-1.0.18.jar, it does not contain dependency information.
[17Jun2025 01:45:24.708] [main/DEBUG] [net.minecraftforge.fml.loading.moddiscovery.AbstractJarFileDependencyLocator/]: Failed to load resource META-INF/jarjar/metadata.json from EnchantmentDescriptions-Forge-1.20.1-17.1.19.jar, it does not contain dependency information.
[17Jun2025 01:45:24.708] [main/DEBUG] [net.minecraftforge.fml.loading.moddiscovery.AbstractJarFileDependencyLocator/]: Failed to load resource META-INF/jarjar/metadata.json from TerraBlender-forge-1.20.1-3.0.1.10.jar, it does not contain dependency information.
[17Jun2025 01:45:24.708] [main/DEBUG] [net.minecraftforge.fml.loading.moddiscovery.AbstractJarFileDependencyLocator/]: Failed to load resource META-INF/jarjar/metadata.json from born_in_chaos_[Forge]1.20.1_1.7.jar, it does not contain dependency information.
[17Jun2025 01:45:24.708] [main/DEBUG] [net.minecraftforge.fml.loading.moddiscovery.AbstractJarFileDependencyLocator/]: Failed to load resource META-INF/jarjar/metadata.json from curios-forge-5.14.1+1.20.1.jar, it does not contain dependency information.
[17Jun2025 01:45:24.708] [main/DEBUG] [net.minecraftforge.fml.loading.moddiscovery.AbstractJarFileDependencyLocator/]: Failed to load resource META-INF/jarjar/metadata.json from collective-1.20.1-8.3.jar, it does not contain dependency information.
[17Jun2025 01:45:24.710] [main/DEBUG] [net.minecraftforge.fml.loading.moddiscovery.AbstractJarFileDependencyLocator/]: Failed to load resource META-INF/jarjar/metadata.json from betterchunkloading-1.20.1-5.4.jar, it does not contain dependency information.
[17Jun2025 01:45:24.710] [main/DEBUG] [net.minecraftforge.fml.loading.moddiscovery.AbstractJarFileDependencyLocator/]: Failed to load resource META-INF/jarjar/metadata.json from YungsBetterStrongholds-1.20-Forge-4.0.3.jar, it does not contain dependency information.
[17Jun2025 01:45:24.710] [main/DEBUG] [net.minecraftforge.fml.loading.moddiscovery.AbstractJarFileDependencyLocator/]: Failed to load resource META-INF/jarjar/metadata.json from tombstone-1.20.1-8.9.6.jar, it does not contain dependency information.
[17Jun2025 01:45:24.711] [main/DEBUG] [net.minecraftforge.fml.loading.moddiscovery.AbstractJarFileDependencyLocator/]: Failed to load resource META-INF/jarjar/metadata.json from architectury-9.2.14-forge.jar, it does not contain dependency information.
[17Jun2025 01:45:24.711] [main/DEBUG] [net.minecraftforge.fml.loading.moddiscovery.AbstractJarFileDependencyLocator/]: Failed to load resource META-INF/jarjar/metadata.json from cupboard-1.20.1-2.7 copy.jar, it does not contain dependency information.
[17Jun2025 01:45:24.712] [main/DEBUG] [net.minecraftforge.fml.loading.moddiscovery.AbstractJarFileDependencyLocator/]: Failed to load resource META-INF/jarjar/metadata.json from YungsBetterEndIsland-1.20-Forge-2.0.6.jar, it does not contain dependency information.
[17Jun2025 01:45:24.712] [main/DEBUG] [net.minecraftforge.fml.loading.moddiscovery.AbstractJarFileDependencyLocator/]: Failed to load resource META-INF/jarjar/metadata.json from FastLeafDecay-32.jar, it does not contain dependency information.
[17Jun2025 01:45:24.712] [main/DEBUG] [net.minecraftforge.fml.loading.moddiscovery.AbstractJarFileDependencyLocator/]: Failed to load resource META-INF/jarjar/metadata.json from cosmeticarmorreworked-1.20.1-v1a.jar, it does not contain dependency information.
[17Jun2025 01:45:24.712] [main/DEBUG] [net.minecraftforge.fml.loading.moddiscovery.AbstractJarFileDependencyLocator/]: Failed to load resource META-INF/jarjar/metadata.json from YungsBetterMineshafts-1.20-Forge-4.0.4.jar, it does not contain dependency information.
[17Jun2025 01:45:24.713] [main/DEBUG] [net.minecraftforge.fml.loading.moddiscovery.AbstractJarFileDependencyLocator/]: Failed to load resource META-INF/jarjar/metadata.json from chunksending-1.20.1-2.8.jar, it does not contain dependency information.
[17Jun2025 01:45:24.713] [main/DEBUG] [net.minecraftforge.fml.loading.moddiscovery.AbstractJarFileDependencyLocator/]: Failed to load resource META-INF/jarjar/metadata.json from YungsBetterJungleTemples-1.20-Forge-2.0.5.jar, it does not contain dependency information.
[17Jun2025 01:45:24.713] [main/DEBUG] [net.minecraftforge.fml.loading.moddiscovery.AbstractJarFileDependencyLocator/]: Failed to load resource META-INF/jarjar/metadata.json from mclanguage-1.20.1-47.3.7.jar, it does not contain dependency information.
[17Jun2025 01:45:24.713] [main/DEBUG] [net.minecraftforge.fml.loading.moddiscovery.AbstractJarFileDependencyLocator/]: Failed to load resource META-INF/jarjar/metadata.json from javafmllanguage-1.20.1-47.3.7.jar, it does not contain dependency information.
[17Jun2025 01:45:24.713] [main/DEBUG] [net.minecraftforge.fml.loading.moddiscovery.AbstractJarFileDependencyLocator/]: Failed to load resource META-INF/jarjar/metadata.json from fmlcore-1.20.1-47.3.7.jar, it does not contain dependency information.
[17Jun2025 01:45:24.713] [main/DEBUG] [net.minecraftforge.fml.loading.moddiscovery.AbstractJarFileDependencyLocator/]: Failed to load resource META-INF/jarjar/metadata.json from lowcodelanguage-1.20.1-47.3.7.jar, it does not contain dependency information.
[17Jun2025 01:45:24.770] [main/DEBUG] [net.minecraftforge.fml.loading.moddiscovery.ModFileParser/LOADING]: Considering mod file candidate 
[17Jun2025 01:45:24.771] [main/DEBUG] [net.minecraftforge.fml.loading.moddiscovery.ModFileInfo/LOADING]: Found valid mod file kuma-api-forge-20.1.10+1.20.1.jar with {kuma_api} mods - versions {20.1.10}
[17Jun2025 01:45:24.774] [main/DEBUG] [net.minecraftforge.fml.loading.moddiscovery.ModFileParser/LOADING]: Considering mod file candidate 
[17Jun2025 01:45:24.775] [main/DEBUG] [net.minecraftforge.fml.loading.moddiscovery.ModFileInfo/LOADING]: Found valid mod file mixinextras-forge-0.2.0-beta.6.jar with {mixinextras} mods - versions {0.2.0-beta.6}
[17Jun2025 01:45:24.778] [main/DEBUG] [net.minecraftforge.fml.loading.moddiscovery.ModFileParser/LOADING]: Considering mod file candidate 
[17Jun2025 01:45:24.779] [main/DEBUG] [net.minecraftforge.fml.loading.moddiscovery.ModFileInfo/LOADING]: Found valid mod file mixinextras-forge-0.3.6.jar with {mixinextras} mods - versions {0.3.6}
[17Jun2025 01:45:24.780] [main/DEBUG] [net.minecraftforge.fml.loading.moddiscovery.ModFileParser/LOADING]: Considering mod file candidate 
[17Jun2025 01:45:24.781] [main/DEBUG] [net.minecraftforge.fml.loading.moddiscovery.ModFileInfo/LOADING]: Found valid mod file mixinsquared-forge-0.1.1.jar with {mixinsquared} mods - versions {0.1.1}
[17Jun2025 01:45:24.783] [main/DEBUG] [net.minecraftforge.fml.loading.moddiscovery.ModFileParser/LOADING]: Considering mod file candidate 
[17Jun2025 01:45:24.784] [main/DEBUG] [net.minecraftforge.fml.loading.moddiscovery.ModFileInfo/LOADING]: Found valid mod file expandability-forge-9.0.4.jar with {expandability} mods - versions {9.0.4}
[17Jun2025 01:45:24.786] [main/DEBUG] [net.minecraftforge.fml.loading.moddiscovery.ModFileParser/LOADING]: Considering mod file candidate 
[17Jun2025 01:45:24.787] [main/DEBUG] [net.minecraftforge.fml.loading.moddiscovery.ModFileInfo/LOADING]: Found valid mod file mixinextras-forge-0.3.5.jar with {mixinextras} mods - versions {0.3.5}
[17Jun2025 01:45:24.790] [main/DEBUG] [net.minecraftforge.fml.loading.moddiscovery.ModFileParser/LOADING]: Considering mod file candidate 
[17Jun2025 01:45:24.791] [main/DEBUG] [net.minecraftforge.fml.loading.moddiscovery.ModFileInfo/LOADING]: Found valid mod file mixinextras-forge-0.3.6.jar with {mixinextras} mods - versions {0.3.6}
[17Jun2025 01:45:24.798] [main/DEBUG] [net.minecraftforge.fml.loading.moddiscovery.AbstractJarFileDependencyLocator/]: Failed to load resource META-INF/jarjar/metadata.json from kuma-api-forge-20.1.10+1.20.1.jar, it does not contain dependency information.
[17Jun2025 01:45:24.825] [main/DEBUG] [net.minecraftforge.fml.loading.moddiscovery.AbstractJarFileDependencyLocator/]: Failed to load resource META-INF/jarjar/metadata.json from mclib-20.jar, it does not contain dependency information.
[17Jun2025 01:45:24.826] [main/DEBUG] [net.minecraftforge.fml.loading.moddiscovery.AbstractJarFileDependencyLocator/]: Failed to load resource META-INF/jarjar/metadata.json from MixinExtras-0.2.0-beta.6.jar, it does not contain dependency information.
[17Jun2025 01:45:24.826] [main/DEBUG] [net.minecraftforge.fml.loading.moddiscovery.AbstractJarFileDependencyLocator/]: Failed to load resource META-INF/jarjar/metadata.json from MixinExtras-0.3.6.jar, it does not contain dependency information.
[17Jun2025 01:45:24.826] [main/DEBUG] [net.minecraftforge.fml.loading.moddiscovery.AbstractJarFileDependencyLocator/]: Failed to load resource META-INF/jarjar/metadata.json from MixinSquared-0.1.1.jar, it does not contain dependency information.
[17Jun2025 01:45:24.827] [main/DEBUG] [net.minecraftforge.fml.loading.moddiscovery.AbstractJarFileDependencyLocator/]: Failed to load resource META-INF/jarjar/metadata.json from MixinExtras-0.1.1.jar, it does not contain dependency information.
[17Jun2025 01:45:24.827] [main/DEBUG] [net.minecraftforge.fml.loading.moddiscovery.AbstractJarFileDependencyLocator/]: Failed to load resource META-INF/jarjar/metadata.json from MixinExtras-0.3.5.jar, it does not contain dependency information.
[17Jun2025 01:45:24.827] [main/DEBUG] [net.minecraftforge.fml.loading.moddiscovery.AbstractJarFileDependencyLocator/]: Failed to load resource META-INF/jarjar/metadata.json from MixinExtras-0.3.6.jar, it does not contain dependency information.
[17Jun2025 01:45:24.855] [main/DEBUG] [net.minecraftforge.fml.loading.moddiscovery.ModFileParser/LOADING]: Considering mod file candidate 
[17Jun2025 01:45:24.855] [main/DEBUG] [net.minecraftforge.fml.loading.moddiscovery.ModFileInfo/LOADING]: Found valid mod file mixinsquared-forge-0.1.1.jar with {mixinsquared} mods - versions {0.1.1}
[17Jun2025 01:45:24.859] [main/DEBUG] [net.minecraftforge.fml.loading.moddiscovery.ModFileParser/LOADING]: Considering mod file candidate 
[17Jun2025 01:45:24.859] [main/DEBUG] [net.minecraftforge.fml.loading.moddiscovery.ModFileInfo/LOADING]: Found valid mod file expandability-forge-9.0.4.jar with {expandability} mods - versions {9.0.4}
[17Jun2025 01:45:24.864] [main/DEBUG] [net.minecraftforge.fml.loading.moddiscovery.ModFileParser/LOADING]: Considering mod file candidate 
[17Jun2025 01:45:24.865] [main/DEBUG] [net.minecraftforge.fml.loading.moddiscovery.ModFileInfo/LOADING]: Found valid mod file kuma-api-forge-20.1.10+1.20.1.jar with {kuma_api} mods - versions {20.1.10}
[17Jun2025 01:45:24.866] [main/DEBUG] [net.minecraftforge.fml.loading.moddiscovery.ModFileParser/LOADING]: Considering mod file candidate 
[17Jun2025 01:45:24.866] [main/DEBUG] [net.minecraftforge.fml.loading.moddiscovery.ModFileInfo/LOADING]: Found valid mod file mixinextras-forge-0.2.0-beta.6.jar with {mixinextras} mods - versions {0.2.0-beta.6}
[17Jun2025 01:45:24.867] [main/DEBUG] [net.minecraftforge.fml.loading.moddiscovery.ModFileParser/LOADING]: Considering mod file candidate 
[17Jun2025 01:45:24.868] [main/DEBUG] [net.minecraftforge.fml.loading.moddiscovery.ModFileInfo/LOADING]: Found valid mod file mixinextras-forge-0.3.6.jar with {mixinextras} mods - versions {0.3.6}
[17Jun2025 01:45:24.869] [main/WARN] [net.minecraftforge.jarjar.selection.JarSelector/]: Attempted to select two dependency jars from JarJar which have the same identification: Mod File:  and Mod File: . Using Mod File: 
[17Jun2025 01:45:24.872] [main/INFO] [net.minecraftforge.fml.loading.moddiscovery.JarInJarDependencyLocator/]: Found 7 dependencies adding them to mods collection
[17Jun2025 01:45:24.875] [main/DEBUG] [net.minecraftforge.fml.loading.moddiscovery.ModFileParser/LOADING]: Considering mod file candidate 
[17Jun2025 01:45:24.876] [main/DEBUG] [net.minecraftforge.fml.loading.moddiscovery.ModFileInfo/LOADING]: Found valid mod file kuma-api-forge-20.1.10+1.20.1.jar with {kuma_api} mods - versions {20.1.10}
[17Jun2025 01:45:24.880] [main/DEBUG] [net.minecraftforge.fml.loading.moddiscovery.ModFile/LOADING]: Loading mod file  with languages [LanguageSpec[languageName=javafml, acceptedVersions=[47,)]]
[17Jun2025 01:45:24.881] [main/DEBUG] [net.minecraftforge.fml.loading.moddiscovery.ModFileParser/LOADING]: Considering mod file candidate /workspaces/MyBmc/servidor_minecraft/mods/YungsBetterDungeons-1.20-Forge-4.0.4.jar
[17Jun2025 01:45:24.881] [main/DEBUG] [net.minecraftforge.fml.loading.moddiscovery.ModFileInfo/LOADING]: Found valid mod file YungsBetterDungeons-1.20-Forge-4.0.4.jar with {betterdungeons} mods - versions {1.20-Forge-4.0.4}
[17Jun2025 01:45:24.882] [main/DEBUG] [net.minecraftforge.fml.loading.moddiscovery.ModFile/LOADING]: Loading mod file /workspaces/MyBmc/servidor_minecraft/mods/YungsBetterDungeons-1.20-Forge-4.0.4.jar with languages [LanguageSpec[languageName=javafml, acceptedVersions=[46,)]]
[17Jun2025 01:45:24.882] [main/DEBUG] [net.minecraftforge.fml.loading.moddiscovery.ModFileParser/LOADING]: Considering mod file candidate /workspaces/MyBmc/servidor_minecraft/mods/YungsBetterWitchHuts-1.20-Forge-3.0.3.jar
[17Jun2025 01:45:24.882] [main/DEBUG] [net.minecraftforge.fml.loading.moddiscovery.ModFileInfo/LOADING]: Found valid mod file YungsBetterWitchHuts-1.20-Forge-3.0.3.jar with {betterwitchhuts} mods - versions {1.20-Forge-3.0.3}
[17Jun2025 01:45:24.882] [main/DEBUG] [net.minecraftforge.fml.loading.moddiscovery.ModFile/LOADING]: Loading mod file /workspaces/MyBmc/servidor_minecraft/mods/YungsBetterWitchHuts-1.20-Forge-3.0.3.jar with languages [LanguageSpec[languageName=javafml, acceptedVersions=[46,)]]
[17Jun2025 01:45:24.883] [main/DEBUG] [net.minecraftforge.fml.loading.moddiscovery.ModFileParser/LOADING]: Considering mod file candidate /workspaces/MyBmc/servidor_minecraft/mods/geckolib-forge-1.20.1-4.7.1.3.jar
[17Jun2025 01:45:24.883] [main/DEBUG] [net.minecraftforge.fml.loading.moddiscovery.ModFileInfo/LOADING]: Found valid mod file geckolib-forge-1.20.1-4.7.1.3.jar with {geckolib} mods - versions {4.7.1.3}
[17Jun2025 01:45:24.883] [main/DEBUG] [net.minecraftforge.fml.loading.moddiscovery.ModFile/LOADING]: Loading mod file /workspaces/MyBmc/servidor_minecraft/mods/geckolib-forge-1.20.1-4.7.1.3.jar with languages [LanguageSpec[languageName=javafml, acceptedVersions=[47,)]]
[17Jun2025 01:45:24.883] [main/DEBUG] [net.minecraftforge.fml.loading.moddiscovery.ModFileParser/LOADING]: Considering mod file candidate /workspaces/MyBmc/servidor_minecraft/mods/recipeessentials-1.20.1-4.0.jar
[17Jun2025 01:45:24.884] [main/DEBUG] [net.minecraftforge.fml.loading.moddiscovery.ModFileInfo/LOADING]: Found valid mod file recipeessentials-1.20.1-4.0.jar with {recipeessentials} mods - versions {1.20.1-4.0}
[17Jun2025 01:45:24.884] [main/DEBUG] [net.minecraftforge.fml.loading.moddiscovery.ModFile/LOADING]: Loading mod file /workspaces/MyBmc/servidor_minecraft/mods/recipeessentials-1.20.1-4.0.jar with languages [LanguageSpec[languageName=javafml, acceptedVersions=[36,)]]
[17Jun2025 01:45:24.884] [main/DEBUG] [net.minecraftforge.fml.loading.moddiscovery.ModFileParser/LOADING]: Considering mod file candidate /workspaces/MyBmc/servidor_minecraft/mods/lithostitched-forge-1.20.1-1.4.8.jar
[17Jun2025 01:45:24.885] [main/DEBUG] [net.minecraftforge.fml.loading.moddiscovery.ModFileInfo/LOADING]: Found valid mod file lithostitched-forge-1.20.1-1.4.8.jar with {lithostitched} mods - versions {1.4.8}
[17Jun2025 01:45:24.885] [main/DEBUG] [net.minecraftforge.fml.loading.moddiscovery.ModFile/LOADING]: Loading mod file /workspaces/MyBmc/servidor_minecraft/mods/lithostitched-forge-1.20.1-1.4.8.jar with languages [LanguageSpec[languageName=javafml, acceptedVersions=[46,)]]
[17Jun2025 01:45:24.885] [main/DEBUG] [net.minecraftforge.fml.loading.moddiscovery.ModFileParser/LOADING]: Considering mod file candidate /workspaces/MyBmc/servidor_minecraft/mods/connectivity-1.20.1-7.1.jar
[17Jun2025 01:45:24.886] [main/DEBUG] [net.minecraftforge.fml.loading.moddiscovery.ModFileInfo/LOADING]: Found valid mod file connectivity-1.20.1-7.1.jar with {connectivity} mods - versions {1.20.1-7.1}
[17Jun2025 01:45:24.886] [main/DEBUG] [net.minecraftforge.fml.loading.moddiscovery.ModFile/LOADING]: Loading mod file /workspaces/MyBmc/servidor_minecraft/mods/connectivity-1.20.1-7.1.jar with languages [LanguageSpec[languageName=javafml, acceptedVersions=[28,)]]
[17Jun2025 01:45:24.886] [main/DEBUG] [net.minecraftforge.fml.loading.moddiscovery.ModFileParser/LOADING]: Considering mod file candidate /workspaces/MyBmc/servidor_minecraft/mods/sophisticatedcore-1.20.1-1.2.69.1005.jar
[17Jun2025 01:45:24.887] [main/DEBUG] [net.minecraftforge.fml.loading.moddiscovery.ModFileInfo/LOADING]: Found valid mod file sophisticatedcore-1.20.1-1.2.69.1005.jar with {sophisticatedcore} mods - versions {1.2.69.1005}
[17Jun2025 01:45:24.887] [main/DEBUG] [net.minecraftforge.fml.loading.moddiscovery.ModFile/LOADING]: Loading mod file /workspaces/MyBmc/servidor_minecraft/mods/sophisticatedcore-1.20.1-1.2.69.1005.jar with languages [LanguageSpec[languageName=javafml, acceptedVersions=[47,)]]
[17Jun2025 01:45:24.887] [main/DEBUG] [net.minecraftforge.fml.loading.moddiscovery.ModFileParser/LOADING]: Considering mod file candidate /workspaces/MyBmc/servidor_minecraft/mods/structureessentials-1.20.1-4.7.jar
[17Jun2025 01:45:24.888] [main/DEBUG] [net.minecraftforge.fml.loading.moddiscovery.ModFileInfo/LOADING]: Found valid mod file structureessentials-1.20.1-4.7.jar with {structureessentials} mods - versions {1.20.1-4.7}
[17Jun2025 01:45:24.888] [main/DEBUG] [net.minecraftforge.fml.loading.moddiscovery.ModFile/LOADING]: Loading mod file /workspaces/MyBmc/servidor_minecraft/mods/structureessentials-1.20.1-4.7.jar with languages [LanguageSpec[languageName=javafml, acceptedVersions=[36,)]]
[17Jun2025 01:45:24.888] [main/DEBUG] [net.minecraftforge.fml.loading.moddiscovery.ModFileParser/LOADING]: Considering mod file candidate /workspaces/MyBmc/servidor_minecraft/mods/waystones-forge-1.20.1-14.1.13.jar
[17Jun2025 01:45:24.888] [main/DEBUG] [net.minecraftforge.fml.loading.moddiscovery.ModFileInfo/LOADING]: Found valid mod file waystones-forge-1.20.1-14.1.13.jar with {waystones} mods - versions {14.1.13}
[17Jun2025 01:45:24.889] [main/DEBUG] [net.minecraftforge.fml.loading.moddiscovery.ModFile/LOADING]: Loading mod file /workspaces/MyBmc/servidor_minecraft/mods/waystones-forge-1.20.1-14.1.13.jar with languages [LanguageSpec[languageName=javafml, acceptedVersions=[46,)]]
[17Jun2025 01:45:24.889] [main/DEBUG] [net.minecraftforge.fml.loading.moddiscovery.ModFileParser/LOADING]: Considering mod file candidate /workspaces/MyBmc/servidor_minecraft/mods/villagernames-1.20.1-8.2.jar
[17Jun2025 01:45:24.889] [main/DEBUG] [net.minecraftforge.fml.loading.moddiscovery.ModFileInfo/LOADING]: Found valid mod file villagernames-1.20.1-8.2.jar with {villagernames} mods - versions {8.2}
[17Jun2025 01:45:24.890] [main/DEBUG] [net.minecraftforge.fml.loading.moddiscovery.ModFile/LOADING]: Loading mod file /workspaces/MyBmc/servidor_minecraft/mods/villagernames-1.20.1-8.2.jar with languages [LanguageSpec[languageName=javafml, acceptedVersions=*]]
[17Jun2025 01:45:24.890] [main/DEBUG] [net.minecraftforge.fml.loading.moddiscovery.ModFileParser/LOADING]: Considering mod file candidate /workspaces/MyBmc/servidor_minecraft/mods/Clumps-forge-1.20.1-12.0.0.4.jar
[17Jun2025 01:45:24.890] [main/DEBUG] [net.minecraftforge.fml.loading.moddiscovery.ModFileInfo/LOADING]: Found valid mod file Clumps-forge-1.20.1-12.0.0.4.jar with {clumps} mods - versions {12.0.0.4}
[17Jun2025 01:45:24.890] [main/DEBUG] [net.minecraftforge.fml.loading.moddiscovery.ModFile/LOADING]: Loading mod file /workspaces/MyBmc/servidor_minecraft/mods/Clumps-forge-1.20.1-12.0.0.4.jar with languages [LanguageSpec[languageName=javafml, acceptedVersions=[41,)]]
[17Jun2025 01:45:24.891] [main/DEBUG] [net.minecraftforge.fml.loading.moddiscovery.ModFileParser/LOADING]: Considering mod file candidate /workspaces/MyBmc/servidor_minecraft/mods/fastasyncworldsave-1.20.1-2.4.jar
[17Jun2025 01:45:24.892] [main/DEBUG] [net.minecraftforge.fml.loading.moddiscovery.ModFileInfo/LOADING]: Found valid mod file fastasyncworldsave-1.20.1-2.4.jar with {fastasyncworldsave} mods - versions {1.20.1-2.4}
[17Jun2025 01:45:24.892] [main/DEBUG] [net.minecraftforge.fml.loading.moddiscovery.ModFile/LOADING]: Loading mod file /workspaces/MyBmc/servidor_minecraft/mods/fastasyncworldsave-1.20.1-2.4.jar with languages [LanguageSpec[languageName=javafml, acceptedVersions=[36,)]]
[17Jun2025 01:45:24.892] [main/DEBUG] [net.minecraftforge.fml.loading.moddiscovery.ModFileParser/LOADING]: Considering mod file candidate /workspaces/MyBmc/servidor_minecraft/mods/journeymap-1.20.1-5.10.3-forge copy.jar
[17Jun2025 01:45:24.893] [main/DEBUG] [net.minecraftforge.fml.loading.moddiscovery.ModFileInfo/LOADING]: Found valid mod file journeymap-1.20.1-5.10.3-forge copy.jar with {journeymap} mods - versions {5.10.3}
[17Jun2025 01:45:24.893] [main/DEBUG] [net.minecraftforge.fml.loading.moddiscovery.ModFile/LOADING]: Loading mod file /workspaces/MyBmc/servidor_minecraft/mods/journeymap-1.20.1-5.10.3-forge copy.jar with languages [LanguageSpec[languageName=javafml, acceptedVersions=[44,)]]
[17Jun2025 01:45:24.898] [main/DEBUG] [net.minecraftforge.fml.loading.moddiscovery.ModFileParser/LOADING]: Found coremod journeymap potion effect transformer with Javascript path potion-effects-shift.js
[17Jun2025 01:45:24.898] [main/DEBUG] [net.minecraftforge.fml.loading.moddiscovery.ModFile/LOADING]: Found coremod potion-effects-shift.js
[17Jun2025 01:45:24.899] [main/DEBUG] [net.minecraftforge.fml.loading.moddiscovery.ModFileParser/LOADING]: Considering mod file candidate /workspaces/MyBmc/servidor_minecraft/mods/citadel-2.6.1-1.20.1.jar
[17Jun2025 01:45:24.900] [main/DEBUG] [net.minecraftforge.fml.loading.moddiscovery.ModFileInfo/LOADING]: Found valid mod file citadel-2.6.1-1.20.1.jar with {citadel} mods - versions {2.6.1}
[17Jun2025 01:45:24.900] [main/DEBUG] [net.minecraftforge.fml.loading.moddiscovery.ModFile/LOADING]: Loading mod file /workspaces/MyBmc/servidor_minecraft/mods/citadel-2.6.1-1.20.1.jar with languages [LanguageSpec[languageName=javafml, acceptedVersions=[47,)]]
[17Jun2025 01:45:24.900] [main/DEBUG] [net.minecraftforge.fml.loading.moddiscovery.ModFileParser/LOADING]: Considering mod file candidate /workspaces/MyBmc/servidor_minecraft/mods/YungsCaveBiomes-1.20.1-Forge-2.0.5.jar
[17Jun2025 01:45:24.901] [main/DEBUG] [net.minecraftforge.fml.loading.moddiscovery.ModFileInfo/LOADING]: Found valid mod file YungsCaveBiomes-1.20.1-Forge-2.0.5.jar with {yungscavebiomes} mods - versions {1.20.1-Forge-2.0.5}
[17Jun2025 01:45:24.901] [main/DEBUG] [net.minecraftforge.fml.loading.moddiscovery.ModFile/LOADING]: Loading mod file /workspaces/MyBmc/servidor_minecraft/mods/YungsCaveBiomes-1.20.1-Forge-2.0.5.jar with languages [LanguageSpec[languageName=javafml, acceptedVersions=[46,)]]
[17Jun2025 01:45:24.902] [main/DEBUG] [net.minecraftforge.fml.loading.moddiscovery.ModFileParser/LOADING]: Considering mod file candidate /workspaces/MyBmc/servidor_minecraft/mods/artifacts-forge-9.5.16.jar
[17Jun2025 01:45:24.903] [main/DEBUG] [net.minecraftforge.fml.loading.moddiscovery.ModFileInfo/LOADING]: Found valid mod file artifacts-forge-9.5.16.jar with {artifacts} mods - versions {9.5.16}
[17Jun2025 01:45:24.903] [main/DEBUG] [net.minecraftforge.fml.loading.moddiscovery.ModFile/LOADING]: Loading mod file /workspaces/MyBmc/servidor_minecraft/mods/artifacts-forge-9.5.16.jar with languages [LanguageSpec[languageName=javafml, acceptedVersions=[47,)]]
[17Jun2025 01:45:24.903] [main/DEBUG] [net.minecraftforge.fml.loading.moddiscovery.ModFileParser/LOADING]: Considering mod file candidate /workspaces/MyBmc/servidor_minecraft/mods/lootintegrations-1.20.1-4.7.jar
[17Jun2025 01:45:24.905] [main/DEBUG] [net.minecraftforge.fml.loading.moddiscovery.ModFileInfo/LOADING]: Found valid mod file lootintegrations-1.20.1-4.7.jar with {lootintegrations} mods - versions {1.20.1-4.7}
[17Jun2025 01:45:24.905] [main/DEBUG] [net.minecraftforge.fml.loading.moddiscovery.ModFile/LOADING]: Loading mod file /workspaces/MyBmc/servidor_minecraft/mods/lootintegrations-1.20.1-4.7.jar with languages [LanguageSpec[languageName=javafml, acceptedVersions=[36,)]]
[17Jun2025 01:45:24.905] [main/DEBUG] [net.minecraftforge.fml.loading.moddiscovery.ModFileParser/LOADING]: Considering mod file candidate /workspaces/MyBmc/servidor_minecraft/mods/YungsApi-1.20-Forge-4.0.6.jar
[17Jun2025 01:45:24.906] [main/DEBUG] [net.minecraftforge.fml.loading.moddiscovery.ModFileInfo/LOADING]: Found valid mod file YungsApi-1.20-Forge-4.0.6.jar with {yungsapi} mods - versions {1.20-Forge-4.0.6}
[17Jun2025 01:45:24.906] [main/DEBUG] [net.minecraftforge.fml.loading.moddiscovery.ModFile/LOADING]: Loading mod file /workspaces/MyBmc/servidor_minecraft/mods/YungsApi-1.20-Forge-4.0.6.jar with languages [LanguageSpec[languageName=javafml, acceptedVersions=[46,)]]
[17Jun2025 01:45:24.906] [main/DEBUG] [net.minecraftforge.fml.loading.moddiscovery.ModFileParser/LOADING]: Considering mod file candidate /workspaces/MyBmc/servidor_minecraft/mods/Bookshelf-Forge-1.20.1-20.2.13.jar
[17Jun2025 01:45:24.907] [main/DEBUG] [net.minecraftforge.fml.loading.moddiscovery.ModFileInfo/LOADING]: Found valid mod file Bookshelf-Forge-1.20.1-20.2.13.jar with {bookshelf} mods - versions {20.2.13}
[17Jun2025 01:45:24.907] [main/DEBUG] [net.minecraftforge.fml.loading.moddiscovery.ModFile/LOADING]: Loading mod file /workspaces/MyBmc/servidor_minecraft/mods/Bookshelf-Forge-1.20.1-20.2.13.jar with languages [LanguageSpec[languageName=javafml, acceptedVersions=[47,)]]
[17Jun2025 01:45:24.908] [main/DEBUG] [net.minecraftforge.fml.loading.moddiscovery.ModFileParser/LOADING]: Considering mod file candidate /workspaces/MyBmc/servidor_minecraft/mods/sophisticatedbackpacks-1.20.1-3.23.19.1251.jar
[17Jun2025 01:45:24.908] [main/DEBUG] [net.minecraftforge.fml.loading.moddiscovery.ModFileInfo/LOADING]: Found valid mod file sophisticatedbackpacks-1.20.1-3.23.19.1251.jar with {sophisticatedbackpacks} mods - versions {3.23.19.1251}
[17Jun2025 01:45:24.909] [main/DEBUG] [net.minecraftforge.fml.loading.moddiscovery.ModFile/LOADING]: Loading mod file /workspaces/MyBmc/servidor_minecraft/mods/sophisticatedbackpacks-1.20.1-3.23.19.1251.jar with languages [LanguageSpec[languageName=javafml, acceptedVersions=[47,)]]
[17Jun2025 01:45:24.909] [main/DEBUG] [net.minecraftforge.fml.loading.moddiscovery.ModFileParser/LOADING]: Considering mod file candidate /workspaces/MyBmc/servidor_minecraft/mods/takesapillage-1.0.3-1.20.1.jar
[17Jun2025 01:45:24.910] [main/DEBUG] [net.minecraftforge.fml.loading.moddiscovery.ModFileInfo/LOADING]: Found valid mod file takesapillage-1.0.3-1.20.1.jar with {takesapillage} mods - versions {1.0.3}
[17Jun2025 01:45:24.910] [main/DEBUG] [net.minecraftforge.fml.loading.moddiscovery.ModFile/LOADING]: Loading mod file /workspaces/MyBmc/servidor_minecraft/mods/takesapillage-1.0.3-1.20.1.jar with languages [LanguageSpec[languageName=javafml, acceptedVersions=[46,)]]
[17Jun2025 01:45:24.910] [main/DEBUG] [net.minecraftforge.fml.loading.moddiscovery.ModFileParser/LOADING]: Considering mod file candidate /workspaces/MyBmc/servidor_minecraft/mods/YungsBetterDesertTemples-1.20-Forge-3.0.3.jar
[17Jun2025 01:45:24.911] [main/DEBUG] [net.minecraftforge.fml.loading.moddiscovery.ModFileInfo/LOADING]: Found valid mod file YungsBetterDesertTemples-1.20-Forge-3.0.3.jar with {betterdeserttemples} mods - versions {1.20-Forge-3.0.3}
[17Jun2025 01:45:24.911] [main/DEBUG] [net.minecraftforge.fml.loading.moddiscovery.ModFile/LOADING]: Loading mod file /workspaces/MyBmc/servidor_minecraft/mods/YungsBetterDesertTemples-1.20-Forge-3.0.3.jar with languages [LanguageSpec[languageName=javafml, acceptedVersions=[46,)]]
[17Jun2025 01:45:24.911] [main/DEBUG] [net.minecraftforge.fml.loading.moddiscovery.ModFileParser/LOADING]: Considering mod file candidate /workspaces/MyBmc/servidor_minecraft/mods/clickadv-1.20.1-3.8.jar
[17Jun2025 01:45:24.912] [main/DEBUG] [net.minecraftforge.fml.loading.moddiscovery.ModFileInfo/LOADING]: Found valid mod file clickadv-1.20.1-3.8.jar with {clickadv} mods - versions {1.20.1-3.8}
[17Jun2025 01:45:24.913] [main/DEBUG] [net.minecraftforge.fml.loading.moddiscovery.ModFile/LOADING]: Loading mod file /workspaces/MyBmc/servidor_minecraft/mods/clickadv-1.20.1-3.8.jar with languages [LanguageSpec[languageName=javafml, acceptedVersions=[36,)]]
[17Jun2025 01:45:24.913] [main/DEBUG] [net.minecraftforge.fml.loading.moddiscovery.ModFileParser/LOADING]: Considering mod file candidate /workspaces/MyBmc/servidor_minecraft/mods/balm-forge-1.20.1-7.3.31-all.jar
[17Jun2025 01:45:24.914] [main/DEBUG] [net.minecraftforge.fml.loading.moddiscovery.ModFileInfo/LOADING]: Found valid mod file balm-forge-1.20.1-7.3.31-all.jar with {balm} mods - versions {7.3.31}
[17Jun2025 01:45:24.914] [main/DEBUG] [net.minecraftforge.fml.loading.moddiscovery.ModFile/LOADING]: Loading mod file /workspaces/MyBmc/servidor_minecraft/mods/balm-forge-1.20.1-7.3.31-all.jar with languages [LanguageSpec[languageName=javafml, acceptedVersions=[46,)]]
[17Jun2025 01:45:24.914] [main/DEBUG] [net.minecraftforge.fml.loading.moddiscovery.ModFileParser/LOADING]: Considering mod file candidate /workspaces/MyBmc/servidor_minecraft/mods/carryon-forge-1.20.1-2.1.2.7.jar
[17Jun2025 01:45:24.915] [main/DEBUG] [net.minecraftforge.fml.loading.moddiscovery.ModFileInfo/LOADING]: Found valid mod file carryon-forge-1.20.1-2.1.2.7.jar with {carryon} mods - versions {2.1.2.7}
[17Jun2025 01:45:24.915] [main/DEBUG] [net.minecraftforge.fml.loading.moddiscovery.ModFile/LOADING]: Loading mod file /workspaces/MyBmc/servidor_minecraft/mods/carryon-forge-1.20.1-2.1.2.7.jar with languages [LanguageSpec[languageName=javafml, acceptedVersions=[46,)]]
[17Jun2025 01:45:24.915] [main/DEBUG] [net.minecraftforge.fml.loading.moddiscovery.ModFileParser/LOADING]: Considering mod file candidate /workspaces/MyBmc/servidor_minecraft/mods/cloth-config-11.1.136-forge.jar
[17Jun2025 01:45:24.915] [main/DEBUG] [net.minecraftforge.fml.loading.moddiscovery.ModFileInfo/LOADING]: Found valid mod file cloth-config-11.1.136-forge.jar with {cloth_config} mods - versions {11.1.136}
[17Jun2025 01:45:24.916] [main/DEBUG] [net.minecraftforge.fml.loading.moddiscovery.ModFile/LOADING]: Loading mod file /workspaces/MyBmc/servidor_minecraft/mods/cloth-config-11.1.136-forge.jar with languages [LanguageSpec[languageName=javafml, acceptedVersions=[34,)]]
[17Jun2025 01:45:24.916] [main/DEBUG] [net.minecraftforge.fml.loading.moddiscovery.ModFileParser/LOADING]: Considering mod file candidate /workspaces/MyBmc/servidor_minecraft/mods/YungsBetterNetherFortresses-1.20-Forge-2.0.6.jar
[17Jun2025 01:45:24.917] [main/DEBUG] [net.minecraftforge.fml.loading.moddiscovery.ModFileInfo/LOADING]: Found valid mod file YungsBetterNetherFortresses-1.20-Forge-2.0.6.jar with {betterfortresses} mods - versions {1.20-Forge-2.0.6}
[17Jun2025 01:45:24.917] [main/DEBUG] [net.minecraftforge.fml.loading.moddiscovery.ModFile/LOADING]: Loading mod file /workspaces/MyBmc/servidor_minecraft/mods/YungsBetterNetherFortresses-1.20-Forge-2.0.6.jar with languages [LanguageSpec[languageName=javafml, acceptedVersions=[46,)]]
[17Jun2025 01:45:24.917] [main/DEBUG] [net.minecraftforge.fml.loading.moddiscovery.ModFileParser/LOADING]: Considering mod file candidate /workspaces/MyBmc/servidor_minecraft/mods/[forge]ctov-3.4.14.jar
[17Jun2025 01:45:24.918] [main/DEBUG] [net.minecraftforge.fml.loading.moddiscovery.ModFileInfo/LOADING]: Found valid mod file [forge]ctov-3.4.14.jar with {ctov} mods - versions {3.4.14}
[17Jun2025 01:45:24.919] [main/DEBUG] [net.minecraftforge.fml.loading.moddiscovery.ModFile/LOADING]: Loading mod file /workspaces/MyBmc/servidor_minecraft/mods/[forge]ctov-3.4.14.jar with languages [LanguageSpec[languageName=javafml, acceptedVersions=[47,)]]
[17Jun2025 01:45:24.919] [main/DEBUG] [net.minecraftforge.fml.loading.moddiscovery.ModFileParser/LOADING]: Considering mod file candidate /workspaces/MyBmc/servidor_minecraft/libraries/net/minecraftforge/forge/1.20.1-47.3.7/forge-1.20.1-47.3.7-universal.jar
[17Jun2025 01:45:24.920] [main/DEBUG] [net.minecraftforge.fml.loading.moddiscovery.ModFileInfo/LOADING]: Found valid mod file forge-1.20.1-47.3.7-universal.jar with {forge} mods - versions {47.3.7}
[17Jun2025 01:45:24.920] [main/DEBUG] [net.minecraftforge.fml.loading.moddiscovery.ModFile/LOADING]: Loading mod file /workspaces/MyBmc/servidor_minecraft/libraries/net/minecraftforge/forge/1.20.1-47.3.7/forge-1.20.1-47.3.7-universal.jar with languages [LanguageSpec[languageName=javafml, acceptedVersions=[24,]]]
[17Jun2025 01:45:24.920] [main/DEBUG] [net.minecraftforge.fml.loading.moddiscovery.ModFileParser/LOADING]: Found coremod field_to_method with Javascript path coremods/field_to_method.js
[17Jun2025 01:45:24.921] [main/DEBUG] [net.minecraftforge.fml.loading.moddiscovery.ModFileParser/LOADING]: Found coremod field_to_instanceof with Javascript path coremods/field_to_instanceof.js
[17Jun2025 01:45:24.921] [main/DEBUG] [net.minecraftforge.fml.loading.moddiscovery.ModFileParser/LOADING]: Found coremod add_bouncer_method with Javascript path coremods/add_bouncer_method.js
[17Jun2025 01:45:24.921] [main/DEBUG] [net.minecraftforge.fml.loading.moddiscovery.ModFileParser/LOADING]: Found coremod method_redirector with Javascript path coremods/method_redirector.js
[17Jun2025 01:45:24.921] [main/DEBUG] [net.minecraftforge.fml.loading.moddiscovery.ModFile/LOADING]: Found coremod coremods/field_to_method.js
[17Jun2025 01:45:24.922] [main/DEBUG] [net.minecraftforge.fml.loading.moddiscovery.ModFile/LOADING]: Found coremod coremods/field_to_instanceof.js
[17Jun2025 01:45:24.922] [main/DEBUG] [net.minecraftforge.fml.loading.moddiscovery.ModFile/LOADING]: Found coremod coremods/add_bouncer_method.js
[17Jun2025 01:45:24.922] [main/DEBUG] [net.minecraftforge.fml.loading.moddiscovery.ModFile/LOADING]: Found coremod coremods/method_redirector.js
[17Jun2025 01:45:24.922] [main/DEBUG] [net.minecraftforge.fml.loading.moddiscovery.ModFileParser/LOADING]: Considering mod file candidate /workspaces/MyBmc/servidor_minecraft/mods/supplementaries-1.20-3.1.31.jar
[17Jun2025 01:45:24.923] [main/DEBUG] [net.minecraftforge.fml.loading.moddiscovery.ModFileInfo/LOADING]: Found valid mod file supplementaries-1.20-3.1.31.jar with {supplementaries} mods - versions {1.20-3.1.31}
[17Jun2025 01:45:24.924] [main/DEBUG] [net.minecraftforge.fml.loading.moddiscovery.ModFile/LOADING]: Loading mod file /workspaces/MyBmc/servidor_minecraft/mods/supplementaries-1.20-3.1.31.jar with languages [LanguageSpec[languageName=javafml, acceptedVersions=[4,)]]
[17Jun2025 01:45:24.924] [main/DEBUG] [net.minecraftforge.fml.loading.moddiscovery.ModFileParser/LOADING]: Considering mod file candidate /workspaces/MyBmc/servidor_minecraft/mods/logprot-1.20.1-3.5.jar
[17Jun2025 01:45:24.925] [main/DEBUG] [net.minecraftforge.fml.loading.moddiscovery.ModFileInfo/LOADING]: Found valid mod file logprot-1.20.1-3.5.jar with {logprot} mods - versions {1.4}
[17Jun2025 01:45:24.925] [main/DEBUG] [net.minecraftforge.fml.loading.moddiscovery.ModFile/LOADING]: Loading mod file /workspaces/MyBmc/servidor_minecraft/mods/logprot-1.20.1-3.5.jar with languages [LanguageSpec[languageName=javafml, acceptedVersions=[28,)]]
[17Jun2025 01:45:24.925] [main/DEBUG] [net.minecraftforge.fml.loading.moddiscovery.ModFileParser/LOADING]: Considering mod file candidate /workspaces/MyBmc/servidor_minecraft/mods/smoothchunk-1.20.1-4.1.jar
[17Jun2025 01:45:24.926] [main/DEBUG] [net.minecraftforge.fml.loading.moddiscovery.ModFileInfo/LOADING]: Found valid mod file smoothchunk-1.20.1-4.1.jar with {smoothchunk} mods - versions {1.20.1-4.1}
[17Jun2025 01:45:24.926] [main/DEBUG] [net.minecraftforge.fml.loading.moddiscovery.ModFile/LOADING]: Loading mod file /workspaces/MyBmc/servidor_minecraft/mods/smoothchunk-1.20.1-4.1.jar with languages [LanguageSpec[languageName=javafml, acceptedVersions=[36,)]]
[17Jun2025 01:45:24.927] [main/DEBUG] [net.minecraftforge.fml.loading.moddiscovery.ModFileInfo/LOADING]: Found valid mod file server-1.20.1-20230612.114412-srg.jar with {minecraft} mods - versions {1.20.1}
[17Jun2025 01:45:24.927] [main/DEBUG] [net.minecraftforge.fml.loading.moddiscovery.ModFile/LOADING]: Loading mod file /workspaces/MyBmc/servidor_minecraft/libraries/net/minecraft/server/1.20.1-20230612.114412/server-1.20.1-20230612.114412-srg.jar with languages [LanguageSpec[languageName=minecraft, acceptedVersions=1]]
[17Jun2025 01:45:24.928] [main/DEBUG] [net.minecraftforge.fml.loading.moddiscovery.ModFileParser/LOADING]: Considering mod file candidate /workspaces/MyBmc/servidor_minecraft/mods/alexscaves-2.0.2.jar
[17Jun2025 01:45:24.928] [main/DEBUG] [net.minecraftforge.fml.loading.moddiscovery.ModFileInfo/LOADING]: Found valid mod file alexscaves-2.0.2.jar with {alexscaves} mods - versions {2.0.2}
[17Jun2025 01:45:24.929] [main/DEBUG] [net.minecraftforge.fml.loading.moddiscovery.ModFile/LOADING]: Loading mod file /workspaces/MyBmc/servidor_minecraft/mods/alexscaves-2.0.2.jar with languages [LanguageSpec[languageName=javafml, acceptedVersions=[46,)]]
[17Jun2025 01:45:24.929] [main/DEBUG] [net.minecraftforge.fml.loading.moddiscovery.ModFileParser/LOADING]: Considering mod file candidate /workspaces/MyBmc/servidor_minecraft/mods/EnchantmentDescriptions-Forge-1.20.1-17.1.19.jar
[17Jun2025 01:45:24.929] [main/DEBUG] [net.minecraftforge.fml.loading.moddiscovery.ModFileInfo/LOADING]: Found valid mod file EnchantmentDescriptions-Forge-1.20.1-17.1.19.jar with {enchdesc} mods - versions {17.1.19}
[17Jun2025 01:45:24.930] [main/DEBUG] [net.minecraftforge.fml.loading.moddiscovery.ModFile/LOADING]: Loading mod file /workspaces/MyBmc/servidor_minecraft/mods/EnchantmentDescriptions-Forge-1.20.1-17.1.19.jar with languages [LanguageSpec[languageName=javafml, acceptedVersions=[47,)]]
[17Jun2025 01:45:24.930] [main/DEBUG] [net.minecraftforge.fml.loading.moddiscovery.ModFileParser/LOADING]: Considering mod file candidate /workspaces/MyBmc/servidor_minecraft/mods/trade-cycling-forge-1.20.1-1.0.18.jar
[17Jun2025 01:45:24.931] [main/DEBUG] [net.minecraftforge.fml.loading.moddiscovery.ModFileInfo/LOADING]: Found valid mod file trade-cycling-forge-1.20.1-1.0.18.jar with {trade_cycling} mods - versions {1.20.1-1.0.18}
[17Jun2025 01:45:24.931] [main/DEBUG] [net.minecraftforge.fml.loading.moddiscovery.ModFile/LOADING]: Loading mod file /workspaces/MyBmc/servidor_minecraft/mods/trade-cycling-forge-1.20.1-1.0.18.jar with languages [LanguageSpec[languageName=javafml, acceptedVersions=*]]
[17Jun2025 01:45:24.931] [main/DEBUG] [net.minecraftforge.fml.loading.moddiscovery.ModFileParser/LOADING]: Considering mod file candidate /workspaces/MyBmc/servidor_minecraft/mods/voicechat-forge-1.20.1-2.5.30.jar
[17Jun2025 01:45:24.931] [main/DEBUG] [net.minecraftforge.fml.loading.moddiscovery.ModFileInfo/LOADING]: Found valid mod file voicechat-forge-1.20.1-2.5.30.jar with {voicechat} mods - versions {1.20.1-2.5.30}
[17Jun2025 01:45:24.932] [main/DEBUG] [net.minecraftforge.fml.loading.moddiscovery.ModFile/LOADING]: Loading mod file /workspaces/MyBmc/servidor_minecraft/mods/voicechat-forge-1.20.1-2.5.30.jar with languages [LanguageSpec[languageName=javafml, acceptedVersions=*]]
[17Jun2025 01:45:24.932] [main/DEBUG] [net.minecraftforge.fml.loading.moddiscovery.ModFileParser/LOADING]: Considering mod file candidate /workspaces/MyBmc/servidor_minecraft/mods/moonlight-1.20-2.14.4-forge.jar
[17Jun2025 01:45:24.932] [main/DEBUG] [net.minecraftforge.fml.loading.moddiscovery.ModFileInfo/LOADING]: Found valid mod file moonlight-1.20-2.14.4-forge.jar with {moonlight} mods - versions {1.20-2.14.4}
[17Jun2025 01:45:24.933] [main/DEBUG] [net.minecraftforge.fml.loading.moddiscovery.ModFile/LOADING]: Loading mod file /workspaces/MyBmc/servidor_minecraft/mods/moonlight-1.20-2.14.4-forge.jar with languages [LanguageSpec[languageName=javafml, acceptedVersions=[40,)]]
[17Jun2025 01:45:24.933] [main/DEBUG] [net.minecraftforge.fml.loading.moddiscovery.ModFileParser/LOADING]: Considering mod file candidate /workspaces/MyBmc/servidor_minecraft/mods/TerraBlender-forge-1.20.1-3.0.1.10.jar
[17Jun2025 01:45:24.933] [main/DEBUG] [net.minecraftforge.fml.loading.moddiscovery.ModFileInfo/LOADING]: Found valid mod file TerraBlender-forge-1.20.1-3.0.1.10.jar with {terrablender} mods - versions {3.0.1.10}
[17Jun2025 01:45:24.933] [main/DEBUG] [net.minecraftforge.fml.loading.moddiscovery.ModFile/LOADING]: Loading mod file /workspaces/MyBmc/servidor_minecraft/mods/TerraBlender-forge-1.20.1-3.0.1.10.jar with languages [LanguageSpec[languageName=javafml, acceptedVersions=[47,)]]
[17Jun2025 01:45:24.934] [main/DEBUG] [net.minecraftforge.fml.loading.moddiscovery.ModFileParser/LOADING]: Considering mod file candidate /workspaces/MyBmc/servidor_minecraft/mods/born_in_chaos_[Forge]1.20.1_1.7.jar
[17Jun2025 01:45:24.934] [main/DEBUG] [net.minecraftforge.fml.loading.moddiscovery.ModFileInfo/LOADING]: Found valid mod file born_in_chaos_[Forge]1.20.1_1.7.jar with {born_in_chaos_v1} mods - versions {1.7}
[17Jun2025 01:45:24.934] [main/DEBUG] [net.minecraftforge.fml.loading.moddiscovery.ModFile/LOADING]: Loading mod file /workspaces/MyBmc/servidor_minecraft/mods/born_in_chaos_[Forge]1.20.1_1.7.jar with languages [LanguageSpec[languageName=javafml, acceptedVersions=[47,)]]
[17Jun2025 01:45:24.935] [main/DEBUG] [net.minecraftforge.fml.loading.moddiscovery.ModFileParser/LOADING]: Considering mod file candidate /workspaces/MyBmc/servidor_minecraft/mods/curios-forge-5.14.1+1.20.1.jar
[17Jun2025 01:45:24.935] [main/DEBUG] [net.minecraftforge.fml.loading.moddiscovery.ModFileInfo/LOADING]: Found valid mod file curios-forge-5.14.1+1.20.1.jar with {curios} mods - versions {5.14.1+1.20.1}
[17Jun2025 01:45:24.935] [main/DEBUG] [net.minecraftforge.fml.loading.moddiscovery.ModFile/LOADING]: Loading mod file /workspaces/MyBmc/servidor_minecraft/mods/curios-forge-5.14.1+1.20.1.jar with languages [LanguageSpec[languageName=javafml, acceptedVersions=[41,)]]
[17Jun2025 01:45:24.936] [main/DEBUG] [net.minecraftforge.fml.loading.moddiscovery.ModFileParser/LOADING]: Considering mod file candidate /workspaces/MyBmc/servidor_minecraft/mods/collective-1.20.1-8.3.jar
[17Jun2025 01:45:24.936] [main/DEBUG] [net.minecraftforge.fml.loading.moddiscovery.ModFileInfo/LOADING]: Found valid mod file collective-1.20.1-8.3.jar with {collective} mods - versions {8.3}
[17Jun2025 01:45:24.936] [main/DEBUG] [net.minecraftforge.fml.loading.moddiscovery.ModFile/LOADING]: Loading mod file /workspaces/MyBmc/servidor_minecraft/mods/collective-1.20.1-8.3.jar with languages [LanguageSpec[languageName=javafml, acceptedVersions=*]]
[17Jun2025 01:45:24.937] [main/DEBUG] [net.minecraftforge.fml.loading.moddiscovery.ModFileParser/LOADING]: Considering mod file candidate /workspaces/MyBmc/servidor_minecraft/mods/betterchunkloading-1.20.1-5.4.jar
[17Jun2025 01:45:24.937] [main/DEBUG] [net.minecraftforge.fml.loading.moddiscovery.ModFileInfo/LOADING]: Found valid mod file betterchunkloading-1.20.1-5.4.jar with {betterchunkloading} mods - versions {1.20.1-5.4}
[17Jun2025 01:45:24.937] [main/DEBUG] [net.minecraftforge.fml.loading.moddiscovery.ModFile/LOADING]: Loading mod file /workspaces/MyBmc/servidor_minecraft/mods/betterchunkloading-1.20.1-5.4.jar with languages [LanguageSpec[languageName=javafml, acceptedVersions=[36,)]]
[17Jun2025 01:45:24.938] [main/DEBUG] [net.minecraftforge.fml.loading.moddiscovery.ModFileParser/LOADING]: Considering mod file candidate /workspaces/MyBmc/servidor_minecraft/mods/tombstone-1.20.1-8.9.6.jar
[17Jun2025 01:45:24.938] [main/DEBUG] [net.minecraftforge.fml.loading.moddiscovery.ModFileInfo/LOADING]: Found valid mod file tombstone-1.20.1-8.9.6.jar with {tombstone} mods - versions {8.9.6}
[17Jun2025 01:45:24.938] [main/DEBUG] [net.minecraftforge.fml.loading.moddiscovery.ModFile/LOADING]: Loading mod file /workspaces/MyBmc/servidor_minecraft/mods/tombstone-1.20.1-8.9.6.jar with languages [LanguageSpec[languageName=javafml, acceptedVersions=[46,)]]
[17Jun2025 01:45:24.939] [main/DEBUG] [net.minecraftforge.fml.loading.moddiscovery.ModFileParser/LOADING]: Considering mod file candidate /workspaces/MyBmc/servidor_minecraft/mods/YungsBetterStrongholds-1.20-Forge-4.0.3.jar
[17Jun2025 01:45:24.939] [main/DEBUG] [net.minecraftforge.fml.loading.moddiscovery.ModFileInfo/LOADING]: Found valid mod file YungsBetterStrongholds-1.20-Forge-4.0.3.jar with {betterstrongholds} mods - versions {1.20-Forge-4.0.3}
[17Jun2025 01:45:24.939] [main/DEBUG] [net.minecraftforge.fml.loading.moddiscovery.ModFile/LOADING]: Loading mod file /workspaces/MyBmc/servidor_minecraft/mods/YungsBetterStrongholds-1.20-Forge-4.0.3.jar with languages [LanguageSpec[languageName=javafml, acceptedVersions=[46,)]]
[17Jun2025 01:45:24.940] [main/DEBUG] [net.minecraftforge.fml.loading.moddiscovery.ModFileParser/LOADING]: Considering mod file candidate /workspaces/MyBmc/servidor_minecraft/mods/architectury-9.2.14-forge.jar
[17Jun2025 01:45:24.940] [main/DEBUG] [net.minecraftforge.fml.loading.moddiscovery.ModFileInfo/LOADING]: Found valid mod file architectury-9.2.14-forge.jar with {architectury} mods - versions {9.2.14}
[17Jun2025 01:45:24.940] [main/DEBUG] [net.minecraftforge.fml.loading.moddiscovery.ModFile/LOADING]: Loading mod file /workspaces/MyBmc/servidor_minecraft/mods/architectury-9.2.14-forge.jar with languages [LanguageSpec[languageName=javafml, acceptedVersions=[46,)]]
[17Jun2025 01:45:24.941] [main/DEBUG] [net.minecraftforge.fml.loading.moddiscovery.ModFileParser/LOADING]: Considering mod file candidate /workspaces/MyBmc/servidor_minecraft/mods/cupboard-1.20.1-2.7 copy.jar
[17Jun2025 01:45:24.941] [main/DEBUG] [net.minecraftforge.fml.loading.moddiscovery.ModFileInfo/LOADING]: Found valid mod file cupboard-1.20.1-2.7 copy.jar with {cupboard} mods - versions {1.20.1-2.7}
[17Jun2025 01:45:24.942] [main/DEBUG] [net.minecraftforge.fml.loading.moddiscovery.ModFile/LOADING]: Loading mod file /workspaces/MyBmc/servidor_minecraft/mods/cupboard-1.20.1-2.7 copy.jar with languages [LanguageSpec[languageName=javafml, acceptedVersions=[36,)]]
[17Jun2025 01:45:24.942] [main/DEBUG] [net.minecraftforge.fml.loading.moddiscovery.ModFileParser/LOADING]: Considering mod file candidate /workspaces/MyBmc/servidor_minecraft/mods/YungsBetterEndIsland-1.20-Forge-2.0.6.jar
[17Jun2025 01:45:24.942] [main/DEBUG] [net.minecraftforge.fml.loading.moddiscovery.ModFileInfo/LOADING]: Found valid mod file YungsBetterEndIsland-1.20-Forge-2.0.6.jar with {betterendisland} mods - versions {1.20-Forge-2.0.6}
[17Jun2025 01:45:24.942] [main/DEBUG] [net.minecraftforge.fml.loading.moddiscovery.ModFile/LOADING]: Loading mod file /workspaces/MyBmc/servidor_minecraft/mods/YungsBetterEndIsland-1.20-Forge-2.0.6.jar with languages [LanguageSpec[languageName=javafml, acceptedVersions=[46,)]]
[17Jun2025 01:45:24.943] [main/DEBUG] [net.minecraftforge.fml.loading.moddiscovery.ModFileParser/LOADING]: Considering mod file candidate 
[17Jun2025 01:45:24.943] [main/DEBUG] [net.minecraftforge.fml.loading.moddiscovery.ModFileInfo/LOADING]: Found valid mod file expandability-forge-9.0.4.jar with {expandability} mods - versions {9.0.4}
[17Jun2025 01:45:24.943] [main/DEBUG] [net.minecraftforge.fml.loading.moddiscovery.ModFile/LOADING]: Loading mod file  with languages [LanguageSpec[languageName=javafml, acceptedVersions=[46,)]]
[17Jun2025 01:45:24.944] [main/DEBUG] [net.minecraftforge.fml.loading.moddiscovery.ModFileParser/LOADING]: Considering mod file candidate /workspaces/MyBmc/servidor_minecraft/mods/cosmeticarmorreworked-1.20.1-v1a.jar
[17Jun2025 01:45:24.944] [main/DEBUG] [net.minecraftforge.fml.loading.moddiscovery.ModFileInfo/LOADING]: Found valid mod file cosmeticarmorreworked-1.20.1-v1a.jar with {cosmeticarmorreworked} mods - versions {1.20.1-v1a}
[17Jun2025 01:45:24.944] [main/DEBUG] [net.minecraftforge.fml.loading.moddiscovery.ModFile/LOADING]: Loading mod file /workspaces/MyBmc/servidor_minecraft/mods/cosmeticarmorreworked-1.20.1-v1a.jar with languages [LanguageSpec[languageName=javafml, acceptedVersions=[47,)]]
[17Jun2025 01:45:24.945] [main/DEBUG] [net.minecraftforge.fml.loading.moddiscovery.ModFileParser/LOADING]: Considering mod file candidate /workspaces/MyBmc/servidor_minecraft/mods/FastLeafDecay-32.jar
[17Jun2025 01:45:24.945] [main/DEBUG] [net.minecraftforge.fml.loading.moddiscovery.ModFileInfo/LOADING]: Found valid mod file FastLeafDecay-32.jar with {fastleafdecay} mods - versions {32}
[17Jun2025 01:45:24.945] [main/DEBUG] [net.minecraftforge.fml.loading.moddiscovery.ModFile/LOADING]: Loading mod file /workspaces/MyBmc/servidor_minecraft/mods/FastLeafDecay-32.jar with languages [LanguageSpec[languageName=javafml, acceptedVersions=[47,)]]
[17Jun2025 01:45:24.946] [main/DEBUG] [net.minecraftforge.fml.loading.moddiscovery.ModFileParser/LOADING]: Considering mod file candidate /workspaces/MyBmc/servidor_minecraft/mods/chunksending-1.20.1-2.8.jar
[17Jun2025 01:45:24.947] [main/DEBUG] [net.minecraftforge.fml.loading.moddiscovery.ModFileInfo/LOADING]: Found valid mod file chunksending-1.20.1-2.8.jar with {chunksending} mods - versions {1.20.1-2.8}
[17Jun2025 01:45:24.947] [main/DEBUG] [net.minecraftforge.fml.loading.moddiscovery.ModFile/LOADING]: Loading mod file /workspaces/MyBmc/servidor_minecraft/mods/chunksending-1.20.1-2.8.jar with languages [LanguageSpec[languageName=javafml, acceptedVersions=[36,)]]
[17Jun2025 01:45:24.947] [main/DEBUG] [net.minecraftforge.fml.loading.moddiscovery.ModFileParser/LOADING]: Considering mod file candidate /workspaces/MyBmc/servidor_minecraft/mods/YungsBetterMineshafts-1.20-Forge-4.0.4.jar
[17Jun2025 01:45:24.948] [main/DEBUG] [net.minecraftforge.fml.loading.moddiscovery.ModFileInfo/LOADING]: Found valid mod file YungsBetterMineshafts-1.20-Forge-4.0.4.jar with {bettermineshafts} mods - versions {1.20-Forge-4.0.4}
[17Jun2025 01:45:24.948] [main/DEBUG] [net.minecraftforge.fml.loading.moddiscovery.ModFile/LOADING]: Loading mod file /workspaces/MyBmc/servidor_minecraft/mods/YungsBetterMineshafts-1.20-Forge-4.0.4.jar with languages [LanguageSpec[languageName=javafml, acceptedVersions=[46,)]]
[17Jun2025 01:45:24.948] [main/DEBUG] [net.minecraftforge.fml.loading.moddiscovery.ModFileParser/LOADING]: Considering mod file candidate /workspaces/MyBmc/servidor_minecraft/mods/YungsBetterJungleTemples-1.20-Forge-2.0.5.jar
[17Jun2025 01:45:24.949] [main/DEBUG] [net.minecraftforge.fml.loading.moddiscovery.ModFileInfo/LOADING]: Found valid mod file YungsBetterJungleTemples-1.20-Forge-2.0.5.jar with {betterjungletemples} mods - versions {1.20-Forge-2.0.5}
[17Jun2025 01:45:24.949] [main/DEBUG] [net.minecraftforge.fml.loading.moddiscovery.ModFile/LOADING]: Loading mod file /workspaces/MyBmc/servidor_minecraft/mods/YungsBetterJungleTemples-1.20-Forge-2.0.5.jar with languages [LanguageSpec[languageName=javafml, acceptedVersions=[46,)]]
[17Jun2025 01:45:24.949] [main/DEBUG] [net.minecraftforge.fml.loading.moddiscovery.ModFile/LOADING]: Loading mod file  with languages []
[17Jun2025 01:45:24.949] [main/DEBUG] [net.minecraftforge.fml.loading.moddiscovery.ModFileParser/LOADING]: Considering mod file candidate 
[17Jun2025 01:45:24.950] [main/DEBUG] [net.minecraftforge.fml.loading.moddiscovery.ModFileInfo/LOADING]: Found valid mod file mixinextras-forge-0.2.0-beta.6.jar with {mixinextras} mods - versions {0.2.0-beta.6}
[17Jun2025 01:45:24.950] [main/DEBUG] [net.minecraftforge.fml.loading.moddiscovery.ModFile/LOADING]: Loading mod file  with languages [LanguageSpec[languageName=javafml, acceptedVersions=*]]
[17Jun2025 01:45:24.950] [main/DEBUG] [net.minecraftforge.fml.loading.moddiscovery.ModFileParser/LOADING]: Considering mod file candidate 
[17Jun2025 01:45:24.951] [main/DEBUG] [net.minecraftforge.fml.loading.moddiscovery.ModFileInfo/LOADING]: Found valid mod file mixinsquared-forge-0.1.1.jar with {mixinsquared} mods - versions {0.1.1}
[17Jun2025 01:45:24.951] [main/DEBUG] [net.minecraftforge.fml.loading.moddiscovery.ModFile/LOADING]: Loading mod file  with languages [LanguageSpec[languageName=javafml, acceptedVersions=*]]
[17Jun2025 01:45:24.951] [main/DEBUG] [net.minecraftforge.fml.loading.moddiscovery.ModFile/LOADING]: Loading mod file  with languages []
[17Jun2025 01:45:24.951] [main/DEBUG] [net.minecraftforge.fml.loading.moddiscovery.ModFile/LOADING]: Loading mod file  with languages []
[17Jun2025 01:45:24.951] [main/DEBUG] [net.minecraftforge.fml.loading.moddiscovery.ModFile/LOADING]: Loading mod file  with languages []
[17Jun2025 01:45:24.952] [main/DEBUG] [net.minecraftforge.fml.loading.moddiscovery.ModFileParser/LOADING]: Considering mod file candidate 
[17Jun2025 01:45:24.952] [main/DEBUG] [net.minecraftforge.fml.loading.moddiscovery.ModFileInfo/LOADING]: Found valid mod file mixinextras-forge-0.2.0-beta.6.jar with {mixinextras} mods - versions {0.2.0-beta.6}
[17Jun2025 01:45:24.952] [main/DEBUG] [net.minecraftforge.fml.loading.moddiscovery.ModFile/LOADING]: Loading mod file  with languages [LanguageSpec[languageName=javafml, acceptedVersions=*]]
[17Jun2025 01:45:24.953] [main/DEBUG] [net.minecraftforge.fml.loading.moddiscovery.ModFileParser/LOADING]: Considering mod file candidate 
[17Jun2025 01:45:24.953] [main/DEBUG] [net.minecraftforge.fml.loading.moddiscovery.ModFileInfo/LOADING]: Found valid mod file mixinsquared-forge-0.1.1.jar with {mixinsquared} mods - versions {0.1.1}
[17Jun2025 01:45:24.953] [main/DEBUG] [net.minecraftforge.fml.loading.moddiscovery.ModFile/LOADING]: Loading mod file  with languages [LanguageSpec[languageName=javafml, acceptedVersions=*]]
[17Jun2025 01:45:24.953] [main/DEBUG] [net.minecraftforge.fml.loading.moddiscovery.ModFile/LOADING]: Loading mod file  with languages []
[17Jun2025 01:45:24.954] [main/DEBUG] [net.minecraftforge.fml.loading.moddiscovery.ModFile/LOADING]: Loading mod file  with languages []
[17Jun2025 01:45:24.955] [main/DEBUG] [cpw.mods.modlauncher.TransformationServiceDecorator/MODLAUNCHER]: End scan trigger - transformation service fml
[17Jun2025 01:45:24.965] [main/DEBUG] [net.minecraftforge.fml.loading.LanguageLoadingProvider/CORE]: Found 3 language providers
[17Jun2025 01:45:24.966] [main/DEBUG] [net.minecraftforge.fml.loading.LanguageLoadingProvider/CORE]: Found language provider minecraft, version 1.0
[17Jun2025 01:45:24.967] [main/DEBUG] [net.minecraftforge.fml.loading.LanguageLoadingProvider/CORE]: Found language provider lowcodefml, version 47
[17Jun2025 01:45:24.967] [main/DEBUG] [net.minecraftforge.fml.loading.LanguageLoadingProvider/CORE]: Found language provider javafml, version 47
[17Jun2025 01:45:24.973] [main/DEBUG] [net.minecraftforge.fml.loading.UniqueModListBuilder/]: Found 2 mods for first modid mclib, selecting most recent based on version data
[17Jun2025 01:45:24.974] [main/DEBUG] [net.minecraftforge.fml.loading.UniqueModListBuilder/]: Selected file mclib-20.jar for modid mclib with version 0.0NONE
[17Jun2025 01:45:24.974] [main/DEBUG] [net.minecraftforge.fml.loading.UniqueModListBuilder/]: Found 2 mods for first modid mixinextras, selecting most recent based on version data
[17Jun2025 01:45:24.974] [main/DEBUG] [net.minecraftforge.fml.loading.UniqueModListBuilder/]: Selected file mixinextras-forge-0.2.0-beta.6.jar for modid mixinextras with version 0.2.0-beta.6
[17Jun2025 01:45:24.974] [main/DEBUG] [net.minecraftforge.fml.loading.UniqueModListBuilder/]: Found 2 mods for first modid mixinsquared, selecting most recent based on version data
[17Jun2025 01:45:24.974] [main/DEBUG] [net.minecraftforge.fml.loading.UniqueModListBuilder/]: Selected file mixinsquared-forge-0.1.1.jar for modid mixinsquared with version 0.1.1
[17Jun2025 01:45:24.974] [main/DEBUG] [net.minecraftforge.fml.loading.UniqueModListBuilder/]: Found 2 mods for first modid MixinSquared, selecting most recent based on version data
[17Jun2025 01:45:24.974] [main/DEBUG] [net.minecraftforge.fml.loading.UniqueModListBuilder/]: Selected file MixinSquared-0.1.1.jar for modid MixinSquared with version 0.0NONE
[17Jun2025 01:45:24.974] [main/DEBUG] [net.minecraftforge.fml.loading.UniqueModListBuilder/]: Found 2 mods for first modid MixinExtras, selecting most recent based on version data
[17Jun2025 01:45:24.974] [main/DEBUG] [net.minecraftforge.fml.loading.UniqueModListBuilder/]: Selected file MixinExtras-0.3.6.jar for modid MixinExtras with version 0.0NONE
[17Jun2025 01:45:24.976] [main/DEBUG] [net.minecraftforge.fml.loading.ModSorter/]: Configured system mods: [minecraft, forge]
[17Jun2025 01:45:24.976] [main/DEBUG] [net.minecraftforge.fml.loading.ModSorter/]: Found system mod: minecraft
[17Jun2025 01:45:24.977] [main/DEBUG] [net.minecraftforge.fml.loading.ModSorter/]: Found system mod: forge
[17Jun2025 01:45:24.979] [main/DEBUG] [net.minecraftforge.fml.loading.ModSorter/LOADING]: Found 125 mod requirements (120 mandatory, 5 optional)
[17Jun2025 01:45:24.980] [main/DEBUG] [net.minecraftforge.fml.loading.ModSorter/LOADING]: Found 0 mod requirements missing (0 mandatory, 0 optional)
[17Jun2025 01:45:25.535] [main/DEBUG] [cpw.mods.modlauncher.TransformationServicesHandler/MODLAUNCHER]: Transformation services loading transformers
[17Jun2025 01:45:25.536] [main/DEBUG] [cpw.mods.modlauncher.TransformationServiceDecorator/MODLAUNCHER]: Initializing transformers for transformation service mixin
[17Jun2025 01:45:25.536] [main/DEBUG] [cpw.mods.modlauncher.TransformationServiceDecorator/MODLAUNCHER]: Initialized transformers for transformation service mixin
[17Jun2025 01:45:25.537] [main/DEBUG] [cpw.mods.modlauncher.TransformationServiceDecorator/MODLAUNCHER]: Initializing transformers for transformation service fml
[17Jun2025 01:45:25.537] [main/DEBUG] [net.minecraftforge.fml.loading.FMLServiceProvider/CORE]: Loading coremod transformers
[17Jun2025 01:45:25.537] [main/DEBUG] [net.minecraftforge.coremod.CoreModEngine/COREMOD]: Loading CoreMod from potion-effects-shift.js
[17Jun2025 01:45:25.860] [main/DEBUG] [net.minecraftforge.coremod.CoreModEngine/COREMOD]: CoreMod loaded successfully
[17Jun2025 01:45:25.861] [main/DEBUG] [net.minecraftforge.coremod.CoreModEngine/COREMOD]: Loading CoreMod from coremods/field_to_method.js
[17Jun2025 01:45:25.923] [main/DEBUG] [net.minecraftforge.coremod.CoreModEngine/COREMOD]: CoreMod loaded successfully
[17Jun2025 01:45:25.924] [main/DEBUG] [net.minecraftforge.coremod.CoreModEngine/COREMOD]: Loading CoreMod from coremods/field_to_instanceof.js
[17Jun2025 01:45:25.965] [main/DEBUG] [net.minecraftforge.coremod.CoreModEngine/COREMOD]: CoreMod loaded successfully
[17Jun2025 01:45:25.966] [main/DEBUG] [net.minecraftforge.coremod.CoreModEngine/COREMOD]: Loading CoreMod from coremods/add_bouncer_method.js
[17Jun2025 01:45:26.035] [main/DEBUG] [net.minecraftforge.coremod.CoreModEngine/COREMOD]: CoreMod loaded successfully
[17Jun2025 01:45:26.035] [main/DEBUG] [net.minecraftforge.coremod.CoreModEngine/COREMOD]: Loading CoreMod from coremods/method_redirector.js
[17Jun2025 01:45:26.131] [main/DEBUG] [net.minecraftforge.coremod.CoreModEngine/COREMOD]: CoreMod loaded successfully
[17Jun2025 01:45:26.147] [main/DEBUG] [cpw.mods.modlauncher.TransformStore/MODLAUNCHER]: Adding transformer net.minecraftforge.coremod.transformer.CoreModMethodTransformer@3b4a1a75 to Target : METHOD {Lnet/minecraft/client/gui/Gui;} {m_93028_} {(Lcom/mojang/blaze3d/vertex/PoseStack;)V}
[17Jun2025 01:45:26.149] [main/DEBUG] [cpw.mods.modlauncher.TransformStore/MODLAUNCHER]: Adding transformer net.minecraftforge.coremod.transformer.CoreModClassTransformer@7209ffb5 to Target : CLASS {Lnet/minecraft/world/level/biome/Biome;} {} {V}
[17Jun2025 01:45:26.149] [main/DEBUG] [cpw.mods.modlauncher.TransformStore/MODLAUNCHER]: Adding transformer net.minecraftforge.coremod.transformer.CoreModClassTransformer@5e99b9c to Target : CLASS {Lnet/minecraft/world/level/levelgen/structure/Structure;} {} {V}
[17Jun2025 01:45:26.149] [main/DEBUG] [cpw.mods.modlauncher.TransformStore/MODLAUNCHER]: Adding transformer net.minecraftforge.coremod.transformer.CoreModClassTransformer@2fe74516 to Target : CLASS {Lnet/minecraft/world/effect/MobEffectInstance;} {} {V}
[17Jun2025 01:45:26.149] [main/DEBUG] [cpw.mods.modlauncher.TransformStore/MODLAUNCHER]: Adding transformer net.minecraftforge.coremod.transformer.CoreModClassTransformer@1c3259fa to Target : CLASS {Lnet/minecraft/world/level/block/LiquidBlock;} {} {V}
[17Jun2025 01:45:26.150] [main/DEBUG] [cpw.mods.modlauncher.TransformStore/MODLAUNCHER]: Adding transformer net.minecraftforge.coremod.transformer.CoreModClassTransformer@217bf99e to Target : CLASS {Lnet/minecraft/world/item/BucketItem;} {} {V}
[17Jun2025 01:45:26.150] [main/DEBUG] [cpw.mods.modlauncher.TransformStore/MODLAUNCHER]: Adding transformer net.minecraftforge.coremod.transformer.CoreModClassTransformer@6807a356 to Target : CLASS {Lnet/minecraft/world/level/block/StairBlock;} {} {V}
[17Jun2025 01:45:26.150] [main/DEBUG] [cpw.mods.modlauncher.TransformStore/MODLAUNCHER]: Adding transformer net.minecraftforge.coremod.transformer.CoreModClassTransformer@7ddd84b5 to Target : CLASS {Lnet/minecraft/world/level/block/FlowerPotBlock;} {} {V}
[17Jun2025 01:45:26.150] [main/DEBUG] [cpw.mods.modlauncher.TransformStore/MODLAUNCHER]: Adding transformer net.minecraftforge.coremod.transformer.CoreModClassTransformer@73aeef7d to Target : CLASS {Lnet/minecraft/world/item/ItemStack;} {} {V}
[17Jun2025 01:45:26.151] [main/DEBUG] [cpw.mods.modlauncher.TransformStore/MODLAUNCHER]: Adding transformer net.minecraftforge.coremod.transformer.CoreModClassTransformer@d675f9f to Target : CLASS {Lnet/minecraft/network/play/client/CClientSettingsPacket;} {} {V}
[17Jun2025 01:45:26.151] [main/DEBUG] [cpw.mods.modlauncher.TransformStore/MODLAUNCHER]: Adding transformer net.minecraftforge.coremod.transformer.CoreModClassTransformer@58af5076 to Target : CLASS {Lnet/minecraft/world/entity/monster/ZombieVillager;} {} {V}
[17Jun2025 01:45:26.151] [main/DEBUG] [cpw.mods.modlauncher.TransformStore/MODLAUNCHER]: Adding transformer net.minecraftforge.coremod.transformer.CoreModClassTransformer@58af5076 to Target : CLASS {Lnet/minecraft/world/level/NaturalSpawner;} {} {V}
[17Jun2025 01:45:26.151] [main/DEBUG] [cpw.mods.modlauncher.TransformStore/MODLAUNCHER]: Adding transformer net.minecraftforge.coremod.transformer.CoreModClassTransformer@58af5076 to Target : CLASS {Lnet/minecraft/server/commands/SummonCommand;} {} {V}
[17Jun2025 01:45:26.151] [main/DEBUG] [cpw.mods.modlauncher.TransformStore/MODLAUNCHER]: Adding transformer net.minecraftforge.coremod.transformer.CoreModClassTransformer@58af5076 to Target : CLASS {Lnet/minecraft/world/entity/EntityType;} {} {V}
[17Jun2025 01:45:26.151] [main/DEBUG] [cpw.mods.modlauncher.TransformStore/MODLAUNCHER]: Adding transformer net.minecraftforge.coremod.transformer.CoreModClassTransformer@58af5076 to Target : CLASS {Lnet/minecraft/world/entity/monster/Strider;} {} {V}
[17Jun2025 01:45:26.151] [main/DEBUG] [cpw.mods.modlauncher.TransformStore/MODLAUNCHER]: Adding transformer net.minecraftforge.coremod.transformer.CoreModClassTransformer@58af5076 to Target : CLASS {Lnet/minecraft/world/level/levelgen/structure/templatesystem/StructureTemplate;} {} {V}
[17Jun2025 01:45:26.151] [main/DEBUG] [cpw.mods.modlauncher.TransformStore/MODLAUNCHER]: Adding transformer net.minecraftforge.coremod.transformer.CoreModClassTransformer@58af5076 to Target : CLASS {Lnet/minecraft/world/entity/npc/Villager;} {} {V}
[17Jun2025 01:45:26.151] [main/DEBUG] [cpw.mods.modlauncher.TransformStore/MODLAUNCHER]: Adding transformer net.minecraftforge.coremod.transformer.CoreModClassTransformer@58af5076 to Target : CLASS {Lnet/minecraft/world/level/levelgen/structure/structures/OceanRuinPieces$OceanRuinPiece;} {} {V}
[17Jun2025 01:45:26.151] [main/DEBUG] [cpw.mods.modlauncher.TransformStore/MODLAUNCHER]: Adding transformer net.minecraftforge.coremod.transformer.CoreModClassTransformer@58af5076 to Target : CLASS {Lnet/minecraft/world/entity/monster/Evoker$EvokerSummonSpellGoal;} {} {V}
[17Jun2025 01:45:26.151] [main/DEBUG] [cpw.mods.modlauncher.TransformStore/MODLAUNCHER]: Adding transformer net.minecraftforge.coremod.transformer.CoreModClassTransformer@58af5076 to Target : CLASS {Lnet/minecraft/world/entity/npc/CatSpawner;} {} {V}
[17Jun2025 01:45:26.151] [main/DEBUG] [cpw.mods.modlauncher.TransformStore/MODLAUNCHER]: Adding transformer net.minecraftforge.coremod.transformer.CoreModClassTransformer@58af5076 to Target : CLASS {Lnet/minecraft/world/entity/monster/Spider;} {} {V}
[17Jun2025 01:45:26.152] [main/DEBUG] [cpw.mods.modlauncher.TransformStore/MODLAUNCHER]: Adding transformer net.minecraftforge.coremod.transformer.CoreModClassTransformer@58af5076 to Target : CLASS {Lnet/minecraft/world/entity/raid/Raid;} {} {V}
[17Jun2025 01:45:26.152] [main/DEBUG] [cpw.mods.modlauncher.TransformStore/MODLAUNCHER]: Adding transformer net.minecraftforge.coremod.transformer.CoreModClassTransformer@58af5076 to Target : CLASS {Lnet/minecraft/world/level/levelgen/PatrolSpawner;} {} {V}
[17Jun2025 01:45:26.152] [main/DEBUG] [cpw.mods.modlauncher.TransformStore/MODLAUNCHER]: Adding transformer net.minecraftforge.coremod.transformer.CoreModClassTransformer@58af5076 to Target : CLASS {Lnet/minecraft/world/level/levelgen/PhantomSpawner;} {} {V}
[17Jun2025 01:45:26.152] [main/DEBUG] [cpw.mods.modlauncher.TransformStore/MODLAUNCHER]: Adding transformer net.minecraftforge.coremod.transformer.CoreModClassTransformer@58af5076 to Target : CLASS {Lnet/minecraft/world/entity/animal/frog/Tadpole;} {} {V}
[17Jun2025 01:45:26.152] [main/DEBUG] [cpw.mods.modlauncher.TransformStore/MODLAUNCHER]: Adding transformer net.minecraftforge.coremod.transformer.CoreModClassTransformer@58af5076 to Target : CLASS {Lnet/minecraft/world/entity/animal/horse/SkeletonTrapGoal;} {} {V}
[17Jun2025 01:45:26.152] [main/DEBUG] [cpw.mods.modlauncher.TransformStore/MODLAUNCHER]: Adding transformer net.minecraftforge.coremod.transformer.CoreModClassTransformer@58af5076 to Target : CLASS {Lnet/minecraft/world/level/levelgen/structure/structures/SwampHutPiece;} {} {V}
[17Jun2025 01:45:26.152] [main/DEBUG] [cpw.mods.modlauncher.TransformStore/MODLAUNCHER]: Adding transformer net.minecraftforge.coremod.transformer.CoreModClassTransformer@58af5076 to Target : CLASS {Lnet/minecraft/world/entity/ai/village/VillageSiege;} {} {V}
[17Jun2025 01:45:26.152] [main/DEBUG] [cpw.mods.modlauncher.TransformStore/MODLAUNCHER]: Adding transformer net.minecraftforge.coremod.transformer.CoreModClassTransformer@58af5076 to Target : CLASS {Lnet/minecraft/world/entity/monster/Zombie;} {} {V}
[17Jun2025 01:45:26.152] [main/DEBUG] [cpw.mods.modlauncher.TransformStore/MODLAUNCHER]: Adding transformer net.minecraftforge.coremod.transformer.CoreModClassTransformer@58af5076 to Target : CLASS {Lnet/minecraft/world/level/levelgen/structure/structures/OceanMonumentPieces$OceanMonumentPiece;} {} {V}
[17Jun2025 01:45:26.152] [main/DEBUG] [cpw.mods.modlauncher.TransformStore/MODLAUNCHER]: Adding transformer net.minecraftforge.coremod.transformer.CoreModClassTransformer@58af5076 to Target : CLASS {Lnet/minecraft/world/level/levelgen/structure/structures/WoodlandMansionPieces$WoodlandMansionPiece;} {} {V}
[17Jun2025 01:45:26.152] [main/DEBUG] [cpw.mods.modlauncher.TransformStore/MODLAUNCHER]: Adding transformer net.minecraftforge.coremod.transformer.CoreModClassTransformer@58af5076 to Target : CLASS {Lnet/minecraft/server/commands/RaidCommand;} {} {V}
[17Jun2025 01:45:26.152] [main/DEBUG] [cpw.mods.modlauncher.TransformationServiceDecorator/MODLAUNCHER]: Initialized transformers for transformation service fml
[17Jun2025 01:45:27.264] [main/DEBUG] [mixin/]: Processing prepare() for PlatformAgent[MixinPlatformAgentDefault:ModLauncher Root Container(ModLauncher:4f56a0a2)]
[17Jun2025 01:45:27.265] [main/DEBUG] [mixin/]: Processing launch tasks for PlatformAgent[MixinPlatformAgentDefault:ModLauncher Root Container(ModLauncher:4f56a0a2)]
[17Jun2025 01:45:27.265] [main/DEBUG] [mixin/]: Adding mixin platform agents for container SecureJarResource(betterdungeons)
[17Jun2025 01:45:27.265] [main/DEBUG] [mixin/]: Instancing new MixinPlatformAgentMinecraftForge for SecureJarResource(betterdungeons)
[17Jun2025 01:45:27.265] [main/DEBUG] [mixin/]: MixinPlatformAgentMinecraftForge rejected container SecureJarResource(betterdungeons)
[17Jun2025 01:45:27.265] [main/DEBUG] [mixin/]: Instancing new MixinPlatformAgentDefault for SecureJarResource(betterdungeons)
[17Jun2025 01:45:27.265] [main/DEBUG] [mixin/]: MixinPlatformAgentDefault accepted container SecureJarResource(betterdungeons)
[17Jun2025 01:45:27.265] [main/DEBUG] [mixin/]: Processing prepare() for PlatformAgent[MixinPlatformAgentDefault:SecureJarResource(betterdungeons)]
[17Jun2025 01:45:27.265] [main/DEBUG] [mixin/]: Registering mixin config: betterdungeons.mixins.json
[17Jun2025 01:45:27.283] [main/DEBUG] [mixin/]: Compatibility level JAVA_17 specified by betterdungeons.mixins.json is higher than the maximum level supported by this version of mixin (JAVA_13).
[17Jun2025 01:45:27.288] [main/INFO] [mixin/]: Compatibility level set to JAVA_17
[17Jun2025 01:45:27.290] [main/DEBUG] [mixin/]: Registering mixin config: betterdungeons_forge.mixins.json
[17Jun2025 01:45:27.293] [main/DEBUG] [mixin/]: Adding mixin platform agents for container SecureJarResource(kuma_api)
[17Jun2025 01:45:27.293] [main/DEBUG] [mixin/]: Instancing new MixinPlatformAgentMinecraftForge for SecureJarResource(kuma_api)
[17Jun2025 01:45:27.293] [main/DEBUG] [mixin/]: MixinPlatformAgentMinecraftForge rejected container SecureJarResource(kuma_api)
[17Jun2025 01:45:27.295] [main/DEBUG] [mixin/]: Instancing new MixinPlatformAgentDefault for SecureJarResource(kuma_api)
[17Jun2025 01:45:27.295] [main/DEBUG] [mixin/]: MixinPlatformAgentDefault accepted container SecureJarResource(kuma_api)
[17Jun2025 01:45:27.295] [main/DEBUG] [mixin/]: Processing prepare() for PlatformAgent[MixinPlatformAgentDefault:SecureJarResource(kuma_api)]
[17Jun2025 01:45:27.295] [main/DEBUG] [mixin/]: Registering mixin config: kuma_api.mixins.json
[17Jun2025 01:45:27.298] [main/DEBUG] [mixin/]: Registering mixin config: kuma_api.forge.mixins.json
[17Jun2025 01:45:27.300] [main/DEBUG] [mixin/]: Adding mixin platform agents for container SecureJarResource(betterwitchhuts)
[17Jun2025 01:45:27.300] [main/DEBUG] [mixin/]: Instancing new MixinPlatformAgentMinecraftForge for SecureJarResource(betterwitchhuts)
[17Jun2025 01:45:27.300] [main/DEBUG] [mixin/]: MixinPlatformAgentMinecraftForge rejected container SecureJarResource(betterwitchhuts)
[17Jun2025 01:45:27.301] [main/DEBUG] [mixin/]: Instancing new MixinPlatformAgentDefault for SecureJarResource(betterwitchhuts)
[17Jun2025 01:45:27.301] [main/DEBUG] [mixin/]: MixinPlatformAgentDefault accepted container SecureJarResource(betterwitchhuts)
[17Jun2025 01:45:27.301] [main/DEBUG] [mixin/]: Processing prepare() for PlatformAgent[MixinPlatformAgentDefault:SecureJarResource(betterwitchhuts)]
[17Jun2025 01:45:27.301] [main/DEBUG] [mixin/]: Registering mixin config: betterwitchhuts.mixins.json
[17Jun2025 01:45:27.303] [main/DEBUG] [mixin/]: Registering mixin config: betterwitchhuts_forge.mixins.json
[17Jun2025 01:45:27.306] [main/DEBUG] [mixin/]: Adding mixin platform agents for container SecureJarResource(geckolib)
[17Jun2025 01:45:27.306] [main/DEBUG] [mixin/]: Instancing new MixinPlatformAgentMinecraftForge for SecureJarResource(geckolib)
[17Jun2025 01:45:27.306] [main/DEBUG] [mixin/]: MixinPlatformAgentMinecraftForge rejected container SecureJarResource(geckolib)
[17Jun2025 01:45:27.306] [main/DEBUG] [mixin/]: Instancing new MixinPlatformAgentDefault for SecureJarResource(geckolib)
[17Jun2025 01:45:27.306] [main/DEBUG] [mixin/]: MixinPlatformAgentDefault accepted container SecureJarResource(geckolib)
[17Jun2025 01:45:27.306] [main/DEBUG] [mixin/]: Processing prepare() for PlatformAgent[MixinPlatformAgentDefault:SecureJarResource(geckolib)]
[17Jun2025 01:45:27.306] [main/DEBUG] [mixin/]: Registering mixin config: geckolib.mixins.json
[17Jun2025 01:45:27.309] [main/DEBUG] [mixin/]: Adding mixin platform agents for container SecureJarResource(recipeessentials)
[17Jun2025 01:45:27.310] [main/DEBUG] [mixin/]: Instancing new MixinPlatformAgentMinecraftForge for SecureJarResource(recipeessentials)
[17Jun2025 01:45:27.310] [main/DEBUG] [mixin/]: MixinPlatformAgentMinecraftForge rejected container SecureJarResource(recipeessentials)
[17Jun2025 01:45:27.310] [main/DEBUG] [mixin/]: Instancing new MixinPlatformAgentDefault for SecureJarResource(recipeessentials)
[17Jun2025 01:45:27.310] [main/DEBUG] [mixin/]: MixinPlatformAgentDefault accepted container SecureJarResource(recipeessentials)
[17Jun2025 01:45:27.310] [main/DEBUG] [mixin/]: Processing prepare() for PlatformAgent[MixinPlatformAgentDefault:SecureJarResource(recipeessentials)]
[17Jun2025 01:45:27.310] [main/DEBUG] [mixin/]: Registering mixin config: recipeessentials.mixins.json
[17Jun2025 01:45:27.312] [main/DEBUG] [mixin/]: Adding mixin platform agents for container SecureJarResource(lithostitched)
[17Jun2025 01:45:27.312] [main/DEBUG] [mixin/]: Instancing new MixinPlatformAgentMinecraftForge for SecureJarResource(lithostitched)
[17Jun2025 01:45:27.312] [main/DEBUG] [mixin/]: MixinPlatformAgentMinecraftForge rejected container SecureJarResource(lithostitched)
[17Jun2025 01:45:27.312] [main/DEBUG] [mixin/]: Instancing new MixinPlatformAgentDefault for SecureJarResource(lithostitched)
[17Jun2025 01:45:27.312] [main/DEBUG] [mixin/]: MixinPlatformAgentDefault accepted container SecureJarResource(lithostitched)
[17Jun2025 01:45:27.312] [main/DEBUG] [mixin/]: Processing prepare() for PlatformAgent[MixinPlatformAgentDefault:SecureJarResource(lithostitched)]
[17Jun2025 01:45:27.313] [main/DEBUG] [mixin/]: Registering mixin config: lithostitched.mixins.json
[17Jun2025 01:45:27.315] [main/DEBUG] [mixin/]: Registering mixin config: lithostitched.forge.mixins.json
[17Jun2025 01:45:27.317] [main/DEBUG] [mixin/]: Adding mixin platform agents for container SecureJarResource(connectivity)
[17Jun2025 01:45:27.317] [main/DEBUG] [mixin/]: Instancing new MixinPlatformAgentMinecraftForge for SecureJarResource(connectivity)
[17Jun2025 01:45:27.317] [main/DEBUG] [mixin/]: MixinPlatformAgentMinecraftForge rejected container SecureJarResource(connectivity)
[17Jun2025 01:45:27.317] [main/DEBUG] [mixin/]: Instancing new MixinPlatformAgentDefault for SecureJarResource(connectivity)
[17Jun2025 01:45:27.317] [main/DEBUG] [mixin/]: MixinPlatformAgentDefault accepted container SecureJarResource(connectivity)
[17Jun2025 01:45:27.318] [main/DEBUG] [mixin/]: Processing prepare() for PlatformAgent[MixinPlatformAgentDefault:SecureJarResource(connectivity)]
[17Jun2025 01:45:27.318] [main/DEBUG] [mixin/]: Registering mixin config: connectivity.mixins.json
[17Jun2025 01:45:27.321] [main/DEBUG] [mixin/]: Adding mixin platform agents for container SecureJarResource(sophisticatedcore)
[17Jun2025 01:45:27.321] [main/DEBUG] [mixin/]: Instancing new MixinPlatformAgentMinecraftForge for SecureJarResource(sophisticatedcore)
[17Jun2025 01:45:27.322] [main/DEBUG] [mixin/]: MixinPlatformAgentMinecraftForge rejected container SecureJarResource(sophisticatedcore)
[17Jun2025 01:45:27.322] [main/DEBUG] [mixin/]: Instancing new MixinPlatformAgentDefault for SecureJarResource(sophisticatedcore)
[17Jun2025 01:45:27.322] [main/DEBUG] [mixin/]: MixinPlatformAgentDefault accepted container SecureJarResource(sophisticatedcore)
[17Jun2025 01:45:27.322] [main/DEBUG] [mixin/]: Processing prepare() for PlatformAgent[MixinPlatformAgentDefault:SecureJarResource(sophisticatedcore)]
[17Jun2025 01:45:27.322] [main/DEBUG] [mixin/]: Adding mixin platform agents for container SecureJarResource(waystones)
[17Jun2025 01:45:27.323] [main/DEBUG] [mixin/]: Instancing new MixinPlatformAgentMinecraftForge for SecureJarResource(waystones)
[17Jun2025 01:45:27.323] [main/DEBUG] [mixin/]: MixinPlatformAgentMinecraftForge rejected container SecureJarResource(waystones)
[17Jun2025 01:45:27.323] [main/DEBUG] [mixin/]: Instancing new MixinPlatformAgentDefault for SecureJarResource(waystones)
[17Jun2025 01:45:27.323] [main/DEBUG] [mixin/]: MixinPlatformAgentDefault accepted container SecureJarResource(waystones)
[17Jun2025 01:45:27.323] [main/DEBUG] [mixin/]: Processing prepare() for PlatformAgent[MixinPlatformAgentDefault:SecureJarResource(waystones)]
[17Jun2025 01:45:27.324] [main/DEBUG] [mixin/]: Registering mixin config: waystones.mixins.json
[17Jun2025 01:45:27.325] [main/DEBUG] [mixin/]: Adding mixin platform agents for container SecureJarResource(structureessentials)
[17Jun2025 01:45:27.326] [main/DEBUG] [mixin/]: Instancing new MixinPlatformAgentMinecraftForge for SecureJarResource(structureessentials)
[17Jun2025 01:45:27.326] [main/DEBUG] [mixin/]: MixinPlatformAgentMinecraftForge rejected container SecureJarResource(structureessentials)
[17Jun2025 01:45:27.326] [main/DEBUG] [mixin/]: Instancing new MixinPlatformAgentDefault for SecureJarResource(structureessentials)
[17Jun2025 01:45:27.326] [main/DEBUG] [mixin/]: MixinPlatformAgentDefault accepted container SecureJarResource(structureessentials)
[17Jun2025 01:45:27.328] [main/DEBUG] [mixin/]: Processing prepare() for PlatformAgent[MixinPlatformAgentDefault:SecureJarResource(structureessentials)]
[17Jun2025 01:45:27.328] [main/DEBUG] [mixin/]: Registering mixin config: structureessentials.mixins.json
[17Jun2025 01:45:27.330] [main/DEBUG] [mixin/]: Adding mixin platform agents for container SecureJarResource(villagernames)
[17Jun2025 01:45:27.331] [main/DEBUG] [mixin/]: Instancing new MixinPlatformAgentMinecraftForge for SecureJarResource(villagernames)
[17Jun2025 01:45:27.331] [main/DEBUG] [mixin/]: MixinPlatformAgentMinecraftForge rejected container SecureJarResource(villagernames)
[17Jun2025 01:45:27.331] [main/DEBUG] [mixin/]: Instancing new MixinPlatformAgentDefault for SecureJarResource(villagernames)
[17Jun2025 01:45:27.331] [main/DEBUG] [mixin/]: MixinPlatformAgentDefault accepted container SecureJarResource(villagernames)
[17Jun2025 01:45:27.331] [main/DEBUG] [mixin/]: Processing prepare() for PlatformAgent[MixinPlatformAgentDefault:SecureJarResource(villagernames)]
[17Jun2025 01:45:27.333] [main/DEBUG] [mixin/]: Registering mixin config: villagernames_forge.mixins.json
[17Jun2025 01:45:27.336] [main/DEBUG] [mixin/]: Adding mixin platform agents for container SecureJarResource(clumps)
[17Jun2025 01:45:27.336] [main/DEBUG] [mixin/]: Instancing new MixinPlatformAgentMinecraftForge for SecureJarResource(clumps)
[17Jun2025 01:45:27.336] [main/DEBUG] [mixin/]: MixinPlatformAgentMinecraftForge rejected container SecureJarResource(clumps)
[17Jun2025 01:45:27.337] [main/DEBUG] [mixin/]: Instancing new MixinPlatformAgentDefault for SecureJarResource(clumps)
[17Jun2025 01:45:27.337] [main/DEBUG] [mixin/]: MixinPlatformAgentDefault accepted container SecureJarResource(clumps)
[17Jun2025 01:45:27.337] [main/DEBUG] [mixin/]: Processing prepare() for PlatformAgent[MixinPlatformAgentDefault:SecureJarResource(clumps)]
[17Jun2025 01:45:27.337] [main/DEBUG] [mixin/]: Registering mixin config: clumps.mixins.json
[17Jun2025 01:45:27.341] [main/DEBUG] [mixin/]: Adding mixin platform agents for container SecureJarResource(journeymap)
[17Jun2025 01:45:27.341] [main/DEBUG] [mixin/]: Instancing new MixinPlatformAgentMinecraftForge for SecureJarResource(journeymap)
[17Jun2025 01:45:27.342] [main/DEBUG] [mixin/]: MixinPlatformAgentMinecraftForge rejected container SecureJarResource(journeymap)
[17Jun2025 01:45:27.342] [main/DEBUG] [mixin/]: Instancing new MixinPlatformAgentDefault for SecureJarResource(journeymap)
[17Jun2025 01:45:27.342] [main/DEBUG] [mixin/]: MixinPlatformAgentDefault accepted container SecureJarResource(journeymap)
[17Jun2025 01:45:27.342] [main/DEBUG] [mixin/]: Processing prepare() for PlatformAgent[MixinPlatformAgentDefault:SecureJarResource(journeymap)]
[17Jun2025 01:45:27.342] [main/DEBUG] [mixin/]: Registering mixin config: journeymap.mixins.json
[17Jun2025 01:45:27.345] [main/DEBUG] [mixin/]: Adding mixin platform agents for container SecureJarResource(fastasyncworldsave)
[17Jun2025 01:45:27.348] [main/DEBUG] [mixin/]: Instancing new MixinPlatformAgentMinecraftForge for SecureJarResource(fastasyncworldsave)
[17Jun2025 01:45:27.349] [main/DEBUG] [mixin/]: MixinPlatformAgentMinecraftForge rejected container SecureJarResource(fastasyncworldsave)
[17Jun2025 01:45:27.349] [main/DEBUG] [mixin/]: Instancing new MixinPlatformAgentDefault for SecureJarResource(fastasyncworldsave)
[17Jun2025 01:45:27.349] [main/DEBUG] [mixin/]: MixinPlatformAgentDefault accepted container SecureJarResource(fastasyncworldsave)
[17Jun2025 01:45:27.349] [main/DEBUG] [mixin/]: Processing prepare() for PlatformAgent[MixinPlatformAgentDefault:SecureJarResource(fastasyncworldsave)]
[17Jun2025 01:45:27.349] [main/DEBUG] [mixin/]: Registering mixin config: fastasyncworldsave.mixins.json
[17Jun2025 01:45:27.351] [main/DEBUG] [mixin/]: Adding mixin platform agents for container SecureJarResource(yungscavebiomes)
[17Jun2025 01:45:27.354] [main/DEBUG] [mixin/]: Instancing new MixinPlatformAgentMinecraftForge for SecureJarResource(yungscavebiomes)
[17Jun2025 01:45:27.354] [main/DEBUG] [mixin/]: MixinPlatformAgentMinecraftForge rejected container SecureJarResource(yungscavebiomes)
[17Jun2025 01:45:27.354] [main/DEBUG] [mixin/]: Instancing new MixinPlatformAgentDefault for SecureJarResource(yungscavebiomes)
[17Jun2025 01:45:27.354] [main/DEBUG] [mixin/]: MixinPlatformAgentDefault accepted container SecureJarResource(yungscavebiomes)
[17Jun2025 01:45:27.354] [main/DEBUG] [mixin/]: Processing prepare() for PlatformAgent[MixinPlatformAgentDefault:SecureJarResource(yungscavebiomes)]
[17Jun2025 01:45:27.354] [main/DEBUG] [mixin/]: Registering mixin config: yungscavebiomes.mixins.json
[17Jun2025 01:45:27.357] [main/DEBUG] [mixin/]: Registering mixin config: yungscavebiomes_forge.mixins.json
[17Jun2025 01:45:27.360] [main/DEBUG] [mixin/]: Adding mixin platform agents for container SecureJarResource(citadel)
[17Jun2025 01:45:27.360] [main/DEBUG] [mixin/]: Instancing new MixinPlatformAgentMinecraftForge for SecureJarResource(citadel)
[17Jun2025 01:45:27.360] [main/DEBUG] [mixin/]: MixinPlatformAgentMinecraftForge rejected container SecureJarResource(citadel)
[17Jun2025 01:45:27.360] [main/DEBUG] [mixin/]: Instancing new MixinPlatformAgentDefault for SecureJarResource(citadel)
[17Jun2025 01:45:27.360] [main/DEBUG] [mixin/]: MixinPlatformAgentDefault accepted container SecureJarResource(citadel)
[17Jun2025 01:45:27.360] [main/DEBUG] [mixin/]: Processing prepare() for PlatformAgent[MixinPlatformAgentDefault:SecureJarResource(citadel)]
[17Jun2025 01:45:27.363] [main/DEBUG] [mixin/]: Registering mixin config: citadel.mixins.json
[17Jun2025 01:45:27.365] [main/DEBUG] [mixin/]: Adding mixin platform agents for container SecureJarResource(lootintegrations)
[17Jun2025 01:45:27.367] [main/DEBUG] [mixin/]: Instancing new MixinPlatformAgentMinecraftForge for SecureJarResource(lootintegrations)
[17Jun2025 01:45:27.367] [main/DEBUG] [mixin/]: MixinPlatformAgentMinecraftForge rejected container SecureJarResource(lootintegrations)
[17Jun2025 01:45:27.367] [main/DEBUG] [mixin/]: Instancing new MixinPlatformAgentDefault for SecureJarResource(lootintegrations)
[17Jun2025 01:45:27.367] [main/DEBUG] [mixin/]: MixinPlatformAgentDefault accepted container SecureJarResource(lootintegrations)
[17Jun2025 01:45:27.367] [main/DEBUG] [mixin/]: Processing prepare() for PlatformAgent[MixinPlatformAgentDefault:SecureJarResource(lootintegrations)]
[17Jun2025 01:45:27.367] [main/DEBUG] [mixin/]: Registering mixin config: lootintegrations.mixins.json
[17Jun2025 01:45:27.370] [main/DEBUG] [mixin/]: Compatibility level JAVA_16 specified by lootintegrations.mixins.json is higher than the maximum level supported by this version of mixin (JAVA_13).
[17Jun2025 01:45:27.371] [main/DEBUG] [mixin/]: Adding mixin platform agents for container SecureJarResource(artifacts)
[17Jun2025 01:45:27.371] [main/DEBUG] [mixin/]: Instancing new MixinPlatformAgentMinecraftForge for SecureJarResource(artifacts)
[17Jun2025 01:45:27.371] [main/DEBUG] [mixin/]: MixinPlatformAgentMinecraftForge rejected container SecureJarResource(artifacts)
[17Jun2025 01:45:27.371] [main/DEBUG] [mixin/]: Instancing new MixinPlatformAgentDefault for SecureJarResource(artifacts)
[17Jun2025 01:45:27.371] [main/DEBUG] [mixin/]: MixinPlatformAgentDefault accepted container SecureJarResource(artifacts)
[17Jun2025 01:45:27.371] [main/DEBUG] [mixin/]: Processing prepare() for PlatformAgent[MixinPlatformAgentDefault:SecureJarResource(artifacts)]
[17Jun2025 01:45:27.372] [main/DEBUG] [mixin/]: Registering mixin config: mixins.artifacts.common.json
[17Jun2025 01:45:27.373] [main/DEBUG] [mixin/]: Registering mixin config: mixins.artifacts.forge.json
[17Jun2025 01:45:27.375] [main/DEBUG] [mixin/]: Adding mixin platform agents for container SecureJarResource(yungsapi)
[17Jun2025 01:45:27.375] [main/DEBUG] [mixin/]: Instancing new MixinPlatformAgentMinecraftForge for SecureJarResource(yungsapi)
[17Jun2025 01:45:27.378] [main/DEBUG] [mixin/]: MixinPlatformAgentMinecraftForge rejected container SecureJarResource(yungsapi)
[17Jun2025 01:45:27.378] [main/DEBUG] [mixin/]: Instancing new MixinPlatformAgentDefault for SecureJarResource(yungsapi)
[17Jun2025 01:45:27.378] [main/DEBUG] [mixin/]: MixinPlatformAgentDefault accepted container SecureJarResource(yungsapi)
[17Jun2025 01:45:27.378] [main/DEBUG] [mixin/]: Processing prepare() for PlatformAgent[MixinPlatformAgentDefault:SecureJarResource(yungsapi)]
[17Jun2025 01:45:27.378] [main/DEBUG] [mixin/]: Registering mixin config: yungsapi.mixins.json
[17Jun2025 01:45:27.380] [main/DEBUG] [mixin/]: Registering mixin config: yungsapi_forge.mixins.json
[17Jun2025 01:45:27.382] [main/DEBUG] [mixin/]: Adding mixin platform agents for container SecureJarResource(mixinextras)
[17Jun2025 01:45:27.382] [main/DEBUG] [mixin/]: Instancing new MixinPlatformAgentMinecraftForge for SecureJarResource(mixinextras)
[17Jun2025 01:45:27.382] [main/DEBUG] [mixin/]: MixinPlatformAgentMinecraftForge rejected container SecureJarResource(mixinextras)
[17Jun2025 01:45:27.383] [main/DEBUG] [mixin/]: Instancing new MixinPlatformAgentDefault for SecureJarResource(mixinextras)
[17Jun2025 01:45:27.383] [main/DEBUG] [mixin/]: MixinPlatformAgentDefault accepted container SecureJarResource(mixinextras)
[17Jun2025 01:45:27.383] [main/DEBUG] [mixin/]: Processing prepare() for PlatformAgent[MixinPlatformAgentDefault:SecureJarResource(mixinextras)]
[17Jun2025 01:45:27.383] [main/DEBUG] [mixin/]: Registering mixin config: mixinextras.init.mixins.json
[17Jun2025 01:45:27.385] [main/DEBUG] [mixin/]: Adding mixin platform agents for container SecureJarResource(bookshelf)
[17Jun2025 01:45:27.385] [main/DEBUG] [mixin/]: Instancing new MixinPlatformAgentMinecraftForge for SecureJarResource(bookshelf)
[17Jun2025 01:45:27.385] [main/DEBUG] [mixin/]: MixinPlatformAgentMinecraftForge rejected container SecureJarResource(bookshelf)
[17Jun2025 01:45:27.385] [main/DEBUG] [mixin/]: Instancing new MixinPlatformAgentDefault for SecureJarResource(bookshelf)
[17Jun2025 01:45:27.386] [main/DEBUG] [mixin/]: MixinPlatformAgentDefault accepted container SecureJarResource(bookshelf)
[17Jun2025 01:45:27.386] [main/DEBUG] [mixin/]: Processing prepare() for PlatformAgent[MixinPlatformAgentDefault:SecureJarResource(bookshelf)]
[17Jun2025 01:45:27.386] [main/DEBUG] [mixin/]: Registering mixin config: bookshelf.common.mixins.json
[17Jun2025 01:45:27.388] [main/DEBUG] [mixin/]: Registering mixin config: bookshelf.forge.mixins.json
[17Jun2025 01:45:27.390] [main/DEBUG] [mixin/]: Adding mixin platform agents for container SecureJarResource(sophisticatedbackpacks)
[17Jun2025 01:45:27.390] [main/DEBUG] [mixin/]: Instancing new MixinPlatformAgentMinecraftForge for SecureJarResource(sophisticatedbackpacks)
[17Jun2025 01:45:27.390] [main/DEBUG] [mixin/]: MixinPlatformAgentMinecraftForge rejected container SecureJarResource(sophisticatedbackpacks)
[17Jun2025 01:45:27.390] [main/DEBUG] [mixin/]: Instancing new MixinPlatformAgentDefault for SecureJarResource(sophisticatedbackpacks)
[17Jun2025 01:45:27.390] [main/DEBUG] [mixin/]: MixinPlatformAgentDefault accepted container SecureJarResource(sophisticatedbackpacks)
[17Jun2025 01:45:27.390] [main/DEBUG] [mixin/]: Processing prepare() for PlatformAgent[MixinPlatformAgentDefault:SecureJarResource(sophisticatedbackpacks)]
[17Jun2025 01:45:27.390] [main/DEBUG] [mixin/]: Adding mixin platform agents for container SecureJarResource(betterdeserttemples)
[17Jun2025 01:45:27.391] [main/DEBUG] [mixin/]: Instancing new MixinPlatformAgentMinecraftForge for SecureJarResource(betterdeserttemples)
[17Jun2025 01:45:27.391] [main/DEBUG] [mixin/]: MixinPlatformAgentMinecraftForge rejected container SecureJarResource(betterdeserttemples)
[17Jun2025 01:45:27.391] [main/DEBUG] [mixin/]: Instancing new MixinPlatformAgentDefault for SecureJarResource(betterdeserttemples)
[17Jun2025 01:45:27.391] [main/DEBUG] [mixin/]: MixinPlatformAgentDefault accepted container SecureJarResource(betterdeserttemples)
[17Jun2025 01:45:27.391] [main/DEBUG] [mixin/]: Processing prepare() for PlatformAgent[MixinPlatformAgentDefault:SecureJarResource(betterdeserttemples)]
[17Jun2025 01:45:27.391] [main/DEBUG] [mixin/]: Registering mixin config: betterdeserttemples.mixins.json
[17Jun2025 01:45:27.393] [main/DEBUG] [mixin/]: Registering mixin config: betterdeserttemples_forge.mixins.json
[17Jun2025 01:45:27.396] [main/DEBUG] [mixin/]: Adding mixin platform agents for container SecureJarResource(takesapillage)
[17Jun2025 01:45:27.396] [main/DEBUG] [mixin/]: Instancing new MixinPlatformAgentMinecraftForge for SecureJarResource(takesapillage)
[17Jun2025 01:45:27.396] [main/DEBUG] [mixin/]: MixinPlatformAgentMinecraftForge rejected container SecureJarResource(takesapillage)
[17Jun2025 01:45:27.396] [main/DEBUG] [mixin/]: Instancing new MixinPlatformAgentDefault for SecureJarResource(takesapillage)
[17Jun2025 01:45:27.396] [main/DEBUG] [mixin/]: MixinPlatformAgentDefault accepted container SecureJarResource(takesapillage)
[17Jun2025 01:45:27.396] [main/DEBUG] [mixin/]: Processing prepare() for PlatformAgent[MixinPlatformAgentDefault:SecureJarResource(takesapillage)]
[17Jun2025 01:45:27.396] [main/DEBUG] [mixin/]: Registering mixin config: takesapillage.mixins.json
[17Jun2025 01:45:27.398] [main/DEBUG] [mixin/]: Adding mixin platform agents for container SecureJarResource(clickadv)
[17Jun2025 01:45:27.399] [main/DEBUG] [mixin/]: Instancing new MixinPlatformAgentMinecraftForge for SecureJarResource(clickadv)
[17Jun2025 01:45:27.399] [main/DEBUG] [mixin/]: MixinPlatformAgentMinecraftForge rejected container SecureJarResource(clickadv)
[17Jun2025 01:45:27.399] [main/DEBUG] [mixin/]: Instancing new MixinPlatformAgentDefault for SecureJarResource(clickadv)
[17Jun2025 01:45:27.399] [main/DEBUG] [mixin/]: MixinPlatformAgentDefault accepted container SecureJarResource(clickadv)
[17Jun2025 01:45:27.399] [main/DEBUG] [mixin/]: Processing prepare() for PlatformAgent[MixinPlatformAgentDefault:SecureJarResource(clickadv)]
[17Jun2025 01:45:27.400] [main/DEBUG] [mixin/]: Registering mixin config: clickadv.mixins.json
[17Jun2025 01:45:27.401] [main/DEBUG] [mixin/]: Adding mixin platform agents for container SecureJarResource(balm)
[17Jun2025 01:45:27.402] [main/DEBUG] [mixin/]: Instancing new MixinPlatformAgentMinecraftForge for SecureJarResource(balm)
[17Jun2025 01:45:27.402] [main/DEBUG] [mixin/]: MixinPlatformAgentMinecraftForge rejected container SecureJarResource(balm)
[17Jun2025 01:45:27.402] [main/DEBUG] [mixin/]: Instancing new MixinPlatformAgentDefault for SecureJarResource(balm)
[17Jun2025 01:45:27.402] [main/DEBUG] [mixin/]: MixinPlatformAgentDefault accepted container SecureJarResource(balm)
[17Jun2025 01:45:27.402] [main/DEBUG] [mixin/]: Processing prepare() for PlatformAgent[MixinPlatformAgentDefault:SecureJarResource(balm)]
[17Jun2025 01:45:27.403] [main/DEBUG] [mixin/]: Registering mixin config: balm.mixins.json
[17Jun2025 01:45:27.404] [main/DEBUG] [mixin/]: Adding mixin platform agents for container SecureJarResource(carryon)
[17Jun2025 01:45:27.405] [main/DEBUG] [mixin/]: Instancing new MixinPlatformAgentMinecraftForge for SecureJarResource(carryon)
[17Jun2025 01:45:27.405] [main/DEBUG] [mixin/]: MixinPlatformAgentMinecraftForge rejected container SecureJarResource(carryon)
[17Jun2025 01:45:27.405] [main/DEBUG] [mixin/]: Instancing new MixinPlatformAgentDefault for SecureJarResource(carryon)
[17Jun2025 01:45:27.405] [main/DEBUG] [mixin/]: MixinPlatformAgentDefault accepted container SecureJarResource(carryon)
[17Jun2025 01:45:27.405] [main/DEBUG] [mixin/]: Processing prepare() for PlatformAgent[MixinPlatformAgentDefault:SecureJarResource(carryon)]
[17Jun2025 01:45:27.405] [main/DEBUG] [mixin/]: Registering mixin config: carryon.mixins.json
[17Jun2025 01:45:27.407] [main/DEBUG] [mixin/]: Registering mixin config: carryon.forge.mixins.json
[17Jun2025 01:45:27.409] [main/DEBUG] [mixin/]: Adding mixin platform agents for container SecureJarResource(betterfortresses)
[17Jun2025 01:45:27.409] [main/DEBUG] [mixin/]: Instancing new MixinPlatformAgentMinecraftForge for SecureJarResource(betterfortresses)
[17Jun2025 01:45:27.409] [main/DEBUG] [mixin/]: MixinPlatformAgentMinecraftForge rejected container SecureJarResource(betterfortresses)
[17Jun2025 01:45:27.409] [main/DEBUG] [mixin/]: Instancing new MixinPlatformAgentDefault for SecureJarResource(betterfortresses)
[17Jun2025 01:45:27.409] [main/DEBUG] [mixin/]: MixinPlatformAgentDefault accepted container SecureJarResource(betterfortresses)
[17Jun2025 01:45:27.409] [main/DEBUG] [mixin/]: Processing prepare() for PlatformAgent[MixinPlatformAgentDefault:SecureJarResource(betterfortresses)]
[17Jun2025 01:45:27.409] [main/DEBUG] [mixin/]: Registering mixin config: betterfortresses.mixins.json
[17Jun2025 01:45:27.411] [main/DEBUG] [mixin/]: Registering mixin config: betterfortresses_forge.mixins.json
[17Jun2025 01:45:27.413] [main/DEBUG] [mixin/]: Adding mixin platform agents for container SecureJarResource(cloth_config)
[17Jun2025 01:45:27.413] [main/DEBUG] [mixin/]: Instancing new MixinPlatformAgentMinecraftForge for SecureJarResource(cloth_config)
[17Jun2025 01:45:27.413] [main/DEBUG] [mixin/]: MixinPlatformAgentMinecraftForge rejected container SecureJarResource(cloth_config)
[17Jun2025 01:45:27.413] [main/DEBUG] [mixin/]: Instancing new MixinPlatformAgentDefault for SecureJarResource(cloth_config)
[17Jun2025 01:45:27.413] [main/DEBUG] [mixin/]: MixinPlatformAgentDefault accepted container SecureJarResource(cloth_config)
[17Jun2025 01:45:27.413] [main/DEBUG] [mixin/]: Processing prepare() for PlatformAgent[MixinPlatformAgentDefault:SecureJarResource(cloth_config)]
[17Jun2025 01:45:27.413] [main/DEBUG] [mixin/]: Adding mixin platform agents for container SecureJarResource(forge)
[17Jun2025 01:45:27.414] [main/DEBUG] [mixin/]: Instancing new MixinPlatformAgentMinecraftForge for SecureJarResource(forge)
[17Jun2025 01:45:27.414] [main/DEBUG] [mixin/]: MixinPlatformAgentMinecraftForge rejected container SecureJarResource(forge)
[17Jun2025 01:45:27.414] [main/DEBUG] [mixin/]: Instancing new MixinPlatformAgentDefault for SecureJarResource(forge)
[17Jun2025 01:45:27.414] [main/DEBUG] [mixin/]: MixinPlatformAgentDefault accepted container SecureJarResource(forge)
[17Jun2025 01:45:27.414] [main/DEBUG] [mixin/]: Processing prepare() for PlatformAgent[MixinPlatformAgentDefault:SecureJarResource(forge)]
[17Jun2025 01:45:27.414] [main/DEBUG] [mixin/]: Adding mixin platform agents for container SecureJarResource(ctov)
[17Jun2025 01:45:27.414] [main/DEBUG] [mixin/]: Instancing new MixinPlatformAgentMinecraftForge for SecureJarResource(ctov)
[17Jun2025 01:45:27.414] [main/DEBUG] [mixin/]: MixinPlatformAgentMinecraftForge rejected container SecureJarResource(ctov)
[17Jun2025 01:45:27.414] [main/DEBUG] [mixin/]: Instancing new MixinPlatformAgentDefault for SecureJarResource(ctov)
[17Jun2025 01:45:27.414] [main/DEBUG] [mixin/]: MixinPlatformAgentDefault accepted container SecureJarResource(ctov)
[17Jun2025 01:45:27.414] [main/DEBUG] [mixin/]: Processing prepare() for PlatformAgent[MixinPlatformAgentDefault:SecureJarResource(ctov)]
[17Jun2025 01:45:27.414] [main/DEBUG] [mixin/]: Adding mixin platform agents for container SecureJarResource(supplementaries)
[17Jun2025 01:45:27.414] [main/DEBUG] [mixin/]: Instancing new MixinPlatformAgentMinecraftForge for SecureJarResource(supplementaries)
[17Jun2025 01:45:27.414] [main/DEBUG] [mixin/]: MixinPlatformAgentMinecraftForge rejected container SecureJarResource(supplementaries)
[17Jun2025 01:45:27.414] [main/DEBUG] [mixin/]: Instancing new MixinPlatformAgentDefault for SecureJarResource(supplementaries)
[17Jun2025 01:45:27.414] [main/DEBUG] [mixin/]: MixinPlatformAgentDefault accepted container SecureJarResource(supplementaries)
[17Jun2025 01:45:27.415] [main/DEBUG] [mixin/]: Processing prepare() for PlatformAgent[MixinPlatformAgentDefault:SecureJarResource(supplementaries)]
[17Jun2025 01:45:27.415] [main/DEBUG] [mixin/]: Registering mixin config: supplementaries-common.mixins.json
[17Jun2025 01:45:27.417] [main/DEBUG] [mixin/]: Registering mixin config: supplementaries.mixins.json
[17Jun2025 01:45:27.420] [main/DEBUG] [mixin/]: Adding mixin platform agents for container SecureJarResource(minecraft)
[17Jun2025 01:45:27.421] [main/DEBUG] [mixin/]: Instancing new MixinPlatformAgentMinecraftForge for SecureJarResource(minecraft)
[17Jun2025 01:45:27.421] [main/DEBUG] [mixin/]: MixinPlatformAgentMinecraftForge rejected container SecureJarResource(minecraft)
[17Jun2025 01:45:27.421] [main/DEBUG] [mixin/]: Instancing new MixinPlatformAgentDefault for SecureJarResource(minecraft)
[17Jun2025 01:45:27.421] [main/DEBUG] [mixin/]: MixinPlatformAgentDefault accepted container SecureJarResource(minecraft)
[17Jun2025 01:45:27.421] [main/DEBUG] [mixin/]: Processing prepare() for PlatformAgent[MixinPlatformAgentDefault:SecureJarResource(minecraft)]
[17Jun2025 01:45:27.421] [main/DEBUG] [mixin/]: Adding mixin platform agents for container SecureJarResource(smoothchunk)
[17Jun2025 01:45:27.421] [main/DEBUG] [mixin/]: Instancing new MixinPlatformAgentMinecraftForge for SecureJarResource(smoothchunk)
[17Jun2025 01:45:27.422] [main/DEBUG] [mixin/]: MixinPlatformAgentMinecraftForge rejected container SecureJarResource(smoothchunk)
[17Jun2025 01:45:27.422] [main/DEBUG] [mixin/]: Instancing new MixinPlatformAgentDefault for SecureJarResource(smoothchunk)
[17Jun2025 01:45:27.422] [main/DEBUG] [mixin/]: MixinPlatformAgentDefault accepted container SecureJarResource(smoothchunk)
[17Jun2025 01:45:27.422] [main/DEBUG] [mixin/]: Processing prepare() for PlatformAgent[MixinPlatformAgentDefault:SecureJarResource(smoothchunk)]
[17Jun2025 01:45:27.422] [main/DEBUG] [mixin/]: Registering mixin config: smoothchunk.mixins.json
[17Jun2025 01:45:27.423] [main/DEBUG] [mixin/]: Adding mixin platform agents for container SecureJarResource(logprot)
[17Jun2025 01:45:27.423] [main/DEBUG] [mixin/]: Instancing new MixinPlatformAgentMinecraftForge for SecureJarResource(logprot)
[17Jun2025 01:45:27.423] [main/DEBUG] [mixin/]: MixinPlatformAgentMinecraftForge rejected container SecureJarResource(logprot)
[17Jun2025 01:45:27.423] [main/DEBUG] [mixin/]: Instancing new MixinPlatformAgentDefault for SecureJarResource(logprot)
[17Jun2025 01:45:27.423] [main/DEBUG] [mixin/]: MixinPlatformAgentDefault accepted container SecureJarResource(logprot)
[17Jun2025 01:45:27.424] [main/DEBUG] [mixin/]: Processing prepare() for PlatformAgent[MixinPlatformAgentDefault:SecureJarResource(logprot)]
[17Jun2025 01:45:27.424] [main/DEBUG] [mixin/]: Registering mixin config: logprot.mixins.json
[17Jun2025 01:45:27.425] [main/DEBUG] [mixin/]: Adding mixin platform agents for container SecureJarResource(alexscaves)
[17Jun2025 01:45:27.425] [main/DEBUG] [mixin/]: Instancing new MixinPlatformAgentMinecraftForge for SecureJarResource(alexscaves)
[17Jun2025 01:45:27.425] [main/DEBUG] [mixin/]: MixinPlatformAgentMinecraftForge rejected container SecureJarResource(alexscaves)
[17Jun2025 01:45:27.426] [main/DEBUG] [mixin/]: Instancing new MixinPlatformAgentDefault for SecureJarResource(alexscaves)
[17Jun2025 01:45:27.426] [main/DEBUG] [mixin/]: MixinPlatformAgentDefault accepted container SecureJarResource(alexscaves)
[17Jun2025 01:45:27.426] [main/DEBUG] [mixin/]: Processing prepare() for PlatformAgent[MixinPlatformAgentDefault:SecureJarResource(alexscaves)]
[17Jun2025 01:45:27.426] [main/DEBUG] [mixin/]: Registering mixin config: citadel.mixins.json
[17Jun2025 01:45:27.426] [main/DEBUG] [mixin/]: Registering mixin config: alexscaves.mixins.json
[17Jun2025 01:45:27.428] [main/DEBUG] [mixin/]: Adding mixin platform agents for container SecureJarResource(voicechat)
[17Jun2025 01:45:27.428] [main/DEBUG] [mixin/]: Instancing new MixinPlatformAgentMinecraftForge for SecureJarResource(voicechat)
[17Jun2025 01:45:27.428] [main/DEBUG] [mixin/]: MixinPlatformAgentMinecraftForge rejected container SecureJarResource(voicechat)
[17Jun2025 01:45:27.428] [main/DEBUG] [mixin/]: Instancing new MixinPlatformAgentDefault for SecureJarResource(voicechat)
[17Jun2025 01:45:27.428] [main/DEBUG] [mixin/]: MixinPlatformAgentDefault accepted container SecureJarResource(voicechat)
[17Jun2025 01:45:27.428] [main/DEBUG] [mixin/]: Processing prepare() for PlatformAgent[MixinPlatformAgentDefault:SecureJarResource(voicechat)]
[17Jun2025 01:45:27.428] [main/DEBUG] [mixin/]: Adding mixin platform agents for container SecureJarResource(trade_cycling)
[17Jun2025 01:45:27.428] [main/DEBUG] [mixin/]: Instancing new MixinPlatformAgentMinecraftForge for SecureJarResource(trade_cycling)
[17Jun2025 01:45:27.428] [main/DEBUG] [mixin/]: MixinPlatformAgentMinecraftForge rejected container SecureJarResource(trade_cycling)
[17Jun2025 01:45:27.428] [main/DEBUG] [mixin/]: Instancing new MixinPlatformAgentDefault for SecureJarResource(trade_cycling)
[17Jun2025 01:45:27.428] [main/DEBUG] [mixin/]: MixinPlatformAgentDefault accepted container SecureJarResource(trade_cycling)
[17Jun2025 01:45:27.428] [main/DEBUG] [mixin/]: Processing prepare() for PlatformAgent[MixinPlatformAgentDefault:SecureJarResource(trade_cycling)]
[17Jun2025 01:45:27.429] [main/DEBUG] [mixin/]: Adding mixin platform agents for container SecureJarResource(enchdesc)
[17Jun2025 01:45:27.429] [main/DEBUG] [mixin/]: Instancing new MixinPlatformAgentMinecraftForge for SecureJarResource(enchdesc)
[17Jun2025 01:45:27.429] [main/DEBUG] [mixin/]: MixinPlatformAgentMinecraftForge rejected container SecureJarResource(enchdesc)
[17Jun2025 01:45:27.429] [main/DEBUG] [mixin/]: Instancing new MixinPlatformAgentDefault for SecureJarResource(enchdesc)
[17Jun2025 01:45:27.429] [main/DEBUG] [mixin/]: MixinPlatformAgentDefault accepted container SecureJarResource(enchdesc)
[17Jun2025 01:45:27.429] [main/DEBUG] [mixin/]: Processing prepare() for PlatformAgent[MixinPlatformAgentDefault:SecureJarResource(enchdesc)]
[17Jun2025 01:45:27.429] [main/DEBUG] [mixin/]: Adding mixin platform agents for container SecureJarResource(terrablender)
[17Jun2025 01:45:27.429] [main/DEBUG] [mixin/]: Instancing new MixinPlatformAgentMinecraftForge for SecureJarResource(terrablender)
[17Jun2025 01:45:27.429] [main/DEBUG] [mixin/]: MixinPlatformAgentMinecraftForge rejected container SecureJarResource(terrablender)
[17Jun2025 01:45:27.429] [main/DEBUG] [mixin/]: Instancing new MixinPlatformAgentDefault for SecureJarResource(terrablender)
[17Jun2025 01:45:27.429] [main/DEBUG] [mixin/]: MixinPlatformAgentDefault accepted container SecureJarResource(terrablender)
[17Jun2025 01:45:27.429] [main/DEBUG] [mixin/]: Processing prepare() for PlatformAgent[MixinPlatformAgentDefault:SecureJarResource(terrablender)]
[17Jun2025 01:45:27.429] [main/DEBUG] [mixin/]: Registering mixin config: terrablender.mixins.json
[17Jun2025 01:45:27.431] [main/DEBUG] [mixin/]: Registering mixin config: terrablender_forge.mixins.json
[17Jun2025 01:45:27.432] [main/DEBUG] [mixin/]: Adding mixin platform agents for container SecureJarResource(moonlight)
[17Jun2025 01:45:27.432] [main/DEBUG] [mixin/]: Instancing new MixinPlatformAgentMinecraftForge for SecureJarResource(moonlight)
[17Jun2025 01:45:27.432] [main/DEBUG] [mixin/]: MixinPlatformAgentMinecraftForge rejected container SecureJarResource(moonlight)
[17Jun2025 01:45:27.432] [main/DEBUG] [mixin/]: Instancing new MixinPlatformAgentDefault for SecureJarResource(moonlight)
[17Jun2025 01:45:27.432] [main/DEBUG] [mixin/]: MixinPlatformAgentDefault accepted container SecureJarResource(moonlight)
[17Jun2025 01:45:27.432] [main/DEBUG] [mixin/]: Processing prepare() for PlatformAgent[MixinPlatformAgentDefault:SecureJarResource(moonlight)]
[17Jun2025 01:45:27.432] [main/DEBUG] [mixin/]: Registering mixin config: moonlight-common.mixins.json
[17Jun2025 01:45:27.434] [main/DEBUG] [mixin/]: Registering mixin config: moonlight.mixins.json
[17Jun2025 01:45:27.435] [main/DEBUG] [mixin/]: Adding mixin platform agents for container SecureJarResource(mixinsquared)
[17Jun2025 01:45:27.436] [main/DEBUG] [mixin/]: Instancing new MixinPlatformAgentMinecraftForge for SecureJarResource(mixinsquared)
[17Jun2025 01:45:27.436] [main/DEBUG] [mixin/]: MixinPlatformAgentMinecraftForge rejected container SecureJarResource(mixinsquared)
[17Jun2025 01:45:27.436] [main/DEBUG] [mixin/]: Instancing new MixinPlatformAgentDefault for SecureJarResource(mixinsquared)
[17Jun2025 01:45:27.436] [main/DEBUG] [mixin/]: MixinPlatformAgentDefault accepted container SecureJarResource(mixinsquared)
[17Jun2025 01:45:27.436] [main/DEBUG] [mixin/]: Processing prepare() for PlatformAgent[MixinPlatformAgentDefault:SecureJarResource(mixinsquared)]
[17Jun2025 01:45:27.436] [main/DEBUG] [mixin/]: Registering mixin config: mixinsquared.init.mixins.json
[17Jun2025 01:45:27.437] [main/DEBUG] [mixin/]: Adding mixin platform agents for container SecureJarResource(born_in_chaos_v1)
[17Jun2025 01:45:27.437] [main/DEBUG] [mixin/]: Instancing new MixinPlatformAgentMinecraftForge for SecureJarResource(born_in_chaos_v1)
[17Jun2025 01:45:27.437] [main/DEBUG] [mixin/]: MixinPlatformAgentMinecraftForge rejected container SecureJarResource(born_in_chaos_v1)
[17Jun2025 01:45:27.437] [main/DEBUG] [mixin/]: Instancing new MixinPlatformAgentDefault for SecureJarResource(born_in_chaos_v1)
[17Jun2025 01:45:27.437] [main/DEBUG] [mixin/]: MixinPlatformAgentDefault accepted container SecureJarResource(born_in_chaos_v1)
[17Jun2025 01:45:27.437] [main/DEBUG] [mixin/]: Processing prepare() for PlatformAgent[MixinPlatformAgentDefault:SecureJarResource(born_in_chaos_v1)]
[17Jun2025 01:45:27.437] [main/DEBUG] [mixin/]: Adding mixin platform agents for container SecureJarResource(curios)
[17Jun2025 01:45:27.437] [main/DEBUG] [mixin/]: Instancing new MixinPlatformAgentMinecraftForge for SecureJarResource(curios)
[17Jun2025 01:45:27.437] [main/DEBUG] [mixin/]: MixinPlatformAgentMinecraftForge rejected container SecureJarResource(curios)
[17Jun2025 01:45:27.437] [main/DEBUG] [mixin/]: Instancing new MixinPlatformAgentDefault for SecureJarResource(curios)
[17Jun2025 01:45:27.437] [main/DEBUG] [mixin/]: MixinPlatformAgentDefault accepted container SecureJarResource(curios)
[17Jun2025 01:45:27.437] [main/DEBUG] [mixin/]: Processing prepare() for PlatformAgent[MixinPlatformAgentDefault:SecureJarResource(curios)]
[17Jun2025 01:45:27.438] [main/DEBUG] [mixin/]: Registering mixin config: curios.mixins.json
[17Jun2025 01:45:27.439] [main/DEBUG] [mixin/]: Adding mixin platform agents for container SecureJarResource(collective)
[17Jun2025 01:45:27.439] [main/DEBUG] [mixin/]: Instancing new MixinPlatformAgentMinecraftForge for SecureJarResource(collective)
[17Jun2025 01:45:27.439] [main/DEBUG] [mixin/]: MixinPlatformAgentMinecraftForge rejected container SecureJarResource(collective)
[17Jun2025 01:45:27.439] [main/DEBUG] [mixin/]: Instancing new MixinPlatformAgentDefault for SecureJarResource(collective)
[17Jun2025 01:45:27.439] [main/DEBUG] [mixin/]: MixinPlatformAgentDefault accepted container SecureJarResource(collective)
[17Jun2025 01:45:27.439] [main/DEBUG] [mixin/]: Processing prepare() for PlatformAgent[MixinPlatformAgentDefault:SecureJarResource(collective)]
[17Jun2025 01:45:27.439] [main/DEBUG] [mixin/]: Registering mixin config: collective_forge.mixins.json
[17Jun2025 01:45:27.440] [main/DEBUG] [mixin/]: Adding mixin platform agents for container SecureJarResource(betterchunkloading)
[17Jun2025 01:45:27.441] [main/DEBUG] [mixin/]: Instancing new MixinPlatformAgentMinecraftForge for SecureJarResource(betterchunkloading)
[17Jun2025 01:45:27.441] [main/DEBUG] [mixin/]: MixinPlatformAgentMinecraftForge rejected container SecureJarResource(betterchunkloading)
[17Jun2025 01:45:27.441] [main/DEBUG] [mixin/]: Instancing new MixinPlatformAgentDefault for SecureJarResource(betterchunkloading)
[17Jun2025 01:45:27.441] [main/DEBUG] [mixin/]: MixinPlatformAgentDefault accepted container SecureJarResource(betterchunkloading)
[17Jun2025 01:45:27.441] [main/DEBUG] [mixin/]: Processing prepare() for PlatformAgent[MixinPlatformAgentDefault:SecureJarResource(betterchunkloading)]
[17Jun2025 01:45:27.441] [main/DEBUG] [mixin/]: Registering mixin config: betterchunkloading.mixins.json
[17Jun2025 01:45:27.442] [main/DEBUG] [mixin/]: Adding mixin platform agents for container SecureJarResource(betterstrongholds)
[17Jun2025 01:45:27.442] [main/DEBUG] [mixin/]: Instancing new MixinPlatformAgentMinecraftForge for SecureJarResource(betterstrongholds)
[17Jun2025 01:45:27.442] [main/DEBUG] [mixin/]: MixinPlatformAgentMinecraftForge rejected container SecureJarResource(betterstrongholds)
[17Jun2025 01:45:27.442] [main/DEBUG] [mixin/]: Instancing new MixinPlatformAgentDefault for SecureJarResource(betterstrongholds)
[17Jun2025 01:45:27.443] [main/DEBUG] [mixin/]: MixinPlatformAgentDefault accepted container SecureJarResource(betterstrongholds)
[17Jun2025 01:45:27.443] [main/DEBUG] [mixin/]: Processing prepare() for PlatformAgent[MixinPlatformAgentDefault:SecureJarResource(betterstrongholds)]
[17Jun2025 01:45:27.443] [main/DEBUG] [mixin/]: Registering mixin config: betterstrongholds.mixins.json
[17Jun2025 01:45:27.444] [main/DEBUG] [mixin/]: Registering mixin config: betterstrongholds_forge.mixins.json
[17Jun2025 01:45:27.446] [main/DEBUG] [mixin/]: Adding mixin platform agents for container SecureJarResource(tombstone)
[17Jun2025 01:45:27.447] [main/DEBUG] [mixin/]: Instancing new MixinPlatformAgentMinecraftForge for SecureJarResource(tombstone)
[17Jun2025 01:45:27.447] [main/DEBUG] [mixin/]: MixinPlatformAgentMinecraftForge rejected container SecureJarResource(tombstone)
[17Jun2025 01:45:27.447] [main/DEBUG] [mixin/]: Instancing new MixinPlatformAgentDefault for SecureJarResource(tombstone)
[17Jun2025 01:45:27.447] [main/DEBUG] [mixin/]: MixinPlatformAgentDefault accepted container SecureJarResource(tombstone)
[17Jun2025 01:45:27.447] [main/DEBUG] [mixin/]: Processing prepare() for PlatformAgent[MixinPlatformAgentDefault:SecureJarResource(tombstone)]
[17Jun2025 01:45:27.447] [main/DEBUG] [mixin/]: Registering mixin config: tombstone.mixins.json
[17Jun2025 01:45:27.449] [main/DEBUG] [mixin/]: Adding mixin platform agents for container SecureJarResource(architectury)
[17Jun2025 01:45:27.449] [main/DEBUG] [mixin/]: Instancing new MixinPlatformAgentMinecraftForge for SecureJarResource(architectury)
[17Jun2025 01:45:27.449] [main/DEBUG] [mixin/]: MixinPlatformAgentMinecraftForge rejected container SecureJarResource(architectury)
[17Jun2025 01:45:27.449] [main/DEBUG] [mixin/]: Instancing new MixinPlatformAgentDefault for SecureJarResource(architectury)
[17Jun2025 01:45:27.449] [main/DEBUG] [mixin/]: MixinPlatformAgentDefault accepted container SecureJarResource(architectury)
[17Jun2025 01:45:27.449] [main/DEBUG] [mixin/]: Processing prepare() for PlatformAgent[MixinPlatformAgentDefault:SecureJarResource(architectury)]
[17Jun2025 01:45:27.449] [main/DEBUG] [mixin/]: Registering mixin config: architectury.mixins.json
[17Jun2025 01:45:27.451] [main/DEBUG] [mixin/]: Compatibility level JAVA_16 specified by architectury.mixins.json is higher than the maximum level supported by this version of mixin (JAVA_13).
[17Jun2025 01:45:27.451] [main/DEBUG] [mixin/]: Registering mixin config: architectury-common.mixins.json
[17Jun2025 01:45:27.452] [main/DEBUG] [mixin/]: Compatibility level JAVA_16 specified by architectury-common.mixins.json is higher than the maximum level supported by this version of mixin (JAVA_13).
[17Jun2025 01:45:27.453] [main/DEBUG] [mixin/]: Adding mixin platform agents for container SecureJarResource(cupboard)
[17Jun2025 01:45:27.453] [main/DEBUG] [mixin/]: Instancing new MixinPlatformAgentMinecraftForge for SecureJarResource(cupboard)
[17Jun2025 01:45:27.453] [main/DEBUG] [mixin/]: MixinPlatformAgentMinecraftForge rejected container SecureJarResource(cupboard)
[17Jun2025 01:45:27.453] [main/DEBUG] [mixin/]: Instancing new MixinPlatformAgentDefault for SecureJarResource(cupboard)
[17Jun2025 01:45:27.453] [main/DEBUG] [mixin/]: MixinPlatformAgentDefault accepted container SecureJarResource(cupboard)
[17Jun2025 01:45:27.453] [main/DEBUG] [mixin/]: Processing prepare() for PlatformAgent[MixinPlatformAgentDefault:SecureJarResource(cupboard)]
[17Jun2025 01:45:27.453] [main/DEBUG] [mixin/]: Registering mixin config: cupboard.mixins.json
[17Jun2025 01:45:27.454] [main/DEBUG] [mixin/]: Adding mixin platform agents for container SecureJarResource(betterendisland)
[17Jun2025 01:45:27.454] [main/DEBUG] [mixin/]: Instancing new MixinPlatformAgentMinecraftForge for SecureJarResource(betterendisland)
[17Jun2025 01:45:27.454] [main/DEBUG] [mixin/]: MixinPlatformAgentMinecraftForge rejected container SecureJarResource(betterendisland)
[17Jun2025 01:45:27.454] [main/DEBUG] [mixin/]: Instancing new MixinPlatformAgentDefault for SecureJarResource(betterendisland)
[17Jun2025 01:45:27.454] [main/DEBUG] [mixin/]: MixinPlatformAgentDefault accepted container SecureJarResource(betterendisland)
[17Jun2025 01:45:27.454] [main/DEBUG] [mixin/]: Processing prepare() for PlatformAgent[MixinPlatformAgentDefault:SecureJarResource(betterendisland)]
[17Jun2025 01:45:27.454] [main/DEBUG] [mixin/]: Registering mixin config: betterendisland.mixins.json
[17Jun2025 01:45:27.456] [main/DEBUG] [mixin/]: Registering mixin config: betterendisland_forge.mixins.json
[17Jun2025 01:45:27.457] [main/DEBUG] [mixin/]: Adding mixin platform agents for container SecureJarResource(fastleafdecay)
[17Jun2025 01:45:27.457] [main/DEBUG] [mixin/]: Instancing new MixinPlatformAgentMinecraftForge for SecureJarResource(fastleafdecay)
[17Jun2025 01:45:27.457] [main/DEBUG] [mixin/]: MixinPlatformAgentMinecraftForge rejected container SecureJarResource(fastleafdecay)
[17Jun2025 01:45:27.457] [main/DEBUG] [mixin/]: Instancing new MixinPlatformAgentDefault for SecureJarResource(fastleafdecay)
[17Jun2025 01:45:27.457] [main/DEBUG] [mixin/]: MixinPlatformAgentDefault accepted container SecureJarResource(fastleafdecay)
[17Jun2025 01:45:27.457] [main/DEBUG] [mixin/]: Processing prepare() for PlatformAgent[MixinPlatformAgentDefault:SecureJarResource(fastleafdecay)]
[17Jun2025 01:45:27.457] [main/DEBUG] [mixin/]: Adding mixin platform agents for container SecureJarResource(cosmeticarmorreworked)
[17Jun2025 01:45:27.458] [main/DEBUG] [mixin/]: Instancing new MixinPlatformAgentMinecraftForge for SecureJarResource(cosmeticarmorreworked)
[17Jun2025 01:45:27.458] [main/DEBUG] [mixin/]: MixinPlatformAgentMinecraftForge rejected container SecureJarResource(cosmeticarmorreworked)
[17Jun2025 01:45:27.458] [main/DEBUG] [mixin/]: Instancing new MixinPlatformAgentDefault for SecureJarResource(cosmeticarmorreworked)
[17Jun2025 01:45:27.458] [main/DEBUG] [mixin/]: MixinPlatformAgentDefault accepted container SecureJarResource(cosmeticarmorreworked)
[17Jun2025 01:45:27.458] [main/DEBUG] [mixin/]: Processing prepare() for PlatformAgent[MixinPlatformAgentDefault:SecureJarResource(cosmeticarmorreworked)]
[17Jun2025 01:45:27.458] [main/DEBUG] [mixin/]: Adding mixin platform agents for container SecureJarResource(expandability)
[17Jun2025 01:45:27.458] [main/DEBUG] [mixin/]: Instancing new MixinPlatformAgentMinecraftForge for SecureJarResource(expandability)
[17Jun2025 01:45:27.458] [main/DEBUG] [mixin/]: MixinPlatformAgentMinecraftForge rejected container SecureJarResource(expandability)
[17Jun2025 01:45:27.458] [main/DEBUG] [mixin/]: Instancing new MixinPlatformAgentDefault for SecureJarResource(expandability)
[17Jun2025 01:45:27.458] [main/DEBUG] [mixin/]: MixinPlatformAgentDefault accepted container SecureJarResource(expandability)
[17Jun2025 01:45:27.458] [main/DEBUG] [mixin/]: Processing prepare() for PlatformAgent[MixinPlatformAgentDefault:SecureJarResource(expandability)]
[17Jun2025 01:45:27.458] [main/DEBUG] [mixin/]: Registering mixin config: expandability.mixins.json
[17Jun2025 01:45:27.459] [main/DEBUG] [mixin/]: Registering mixin config: expandability-common.mixins.json
[17Jun2025 01:45:27.460] [main/DEBUG] [mixin/]: Adding mixin platform agents for container SecureJarResource(bettermineshafts)
[17Jun2025 01:45:27.460] [main/DEBUG] [mixin/]: Instancing new MixinPlatformAgentMinecraftForge for SecureJarResource(bettermineshafts)
[17Jun2025 01:45:27.460] [main/DEBUG] [mixin/]: MixinPlatformAgentMinecraftForge rejected container SecureJarResource(bettermineshafts)
[17Jun2025 01:45:27.460] [main/DEBUG] [mixin/]: Instancing new MixinPlatformAgentDefault for SecureJarResource(bettermineshafts)
[17Jun2025 01:45:27.460] [main/DEBUG] [mixin/]: MixinPlatformAgentDefault accepted container SecureJarResource(bettermineshafts)
[17Jun2025 01:45:27.460] [main/DEBUG] [mixin/]: Processing prepare() for PlatformAgent[MixinPlatformAgentDefault:SecureJarResource(bettermineshafts)]
[17Jun2025 01:45:27.460] [main/DEBUG] [mixin/]: Registering mixin config: bettermineshafts.mixins.json
[17Jun2025 01:45:27.464] [main/DEBUG] [mixin/]: Registering mixin config: bettermineshafts_forge.mixins.json
[17Jun2025 01:45:27.465] [main/DEBUG] [mixin/]: Adding mixin platform agents for container SecureJarResource(chunksending)
[17Jun2025 01:45:27.466] [main/DEBUG] [mixin/]: Instancing new MixinPlatformAgentMinecraftForge for SecureJarResource(chunksending)
[17Jun2025 01:45:27.466] [main/DEBUG] [mixin/]: MixinPlatformAgentMinecraftForge rejected container SecureJarResource(chunksending)
[17Jun2025 01:45:27.466] [main/DEBUG] [mixin/]: Instancing new MixinPlatformAgentDefault for SecureJarResource(chunksending)
[17Jun2025 01:45:27.466] [main/DEBUG] [mixin/]: MixinPlatformAgentDefault accepted container SecureJarResource(chunksending)
[17Jun2025 01:45:27.466] [main/DEBUG] [mixin/]: Processing prepare() for PlatformAgent[MixinPlatformAgentDefault:SecureJarResource(chunksending)]
[17Jun2025 01:45:27.466] [main/DEBUG] [mixin/]: Registering mixin config: chunksending.mixins.json
[17Jun2025 01:45:27.467] [main/DEBUG] [mixin/]: Adding mixin platform agents for container SecureJarResource(betterjungletemples)
[17Jun2025 01:45:27.467] [main/DEBUG] [mixin/]: Instancing new MixinPlatformAgentMinecraftForge for SecureJarResource(betterjungletemples)
[17Jun2025 01:45:27.467] [main/DEBUG] [mixin/]: MixinPlatformAgentMinecraftForge rejected container SecureJarResource(betterjungletemples)
[17Jun2025 01:45:27.467] [main/DEBUG] [mixin/]: Instancing new MixinPlatformAgentDefault for SecureJarResource(betterjungletemples)
[17Jun2025 01:45:27.467] [main/DEBUG] [mixin/]: MixinPlatformAgentDefault accepted container SecureJarResource(betterjungletemples)
[17Jun2025 01:45:27.467] [main/DEBUG] [mixin/]: Processing prepare() for PlatformAgent[MixinPlatformAgentDefault:SecureJarResource(betterjungletemples)]
[17Jun2025 01:45:27.467] [main/DEBUG] [mixin/]: Registering mixin config: betterjungletemples.mixins.json
[17Jun2025 01:45:27.469] [main/DEBUG] [mixin/]: Registering mixin config: betterjungletemples_forge.mixins.json
[17Jun2025 01:45:27.473] [main/DEBUG] [mixin/]: Adding mixin platform agents for container SecureJarResource(mclib)
[17Jun2025 01:45:27.475] [main/DEBUG] [mixin/]: Instancing new MixinPlatformAgentMinecraftForge for SecureJarResource(mclib)
[17Jun2025 01:45:27.475] [main/DEBUG] [mixin/]: MixinPlatformAgentMinecraftForge rejected container SecureJarResource(mclib)
[17Jun2025 01:45:27.475] [main/DEBUG] [mixin/]: Instancing new MixinPlatformAgentDefault for SecureJarResource(mclib)
[17Jun2025 01:45:27.475] [main/DEBUG] [mixin/]: MixinPlatformAgentDefault accepted container SecureJarResource(mclib)
[17Jun2025 01:45:27.475] [main/DEBUG] [mixin/]: Processing prepare() for PlatformAgent[MixinPlatformAgentDefault:SecureJarResource(mclib)]
[17Jun2025 01:45:27.475] [main/DEBUG] [mixin/]: Adding mixin platform agents for container SecureJarResource(MixinSquared)
[17Jun2025 01:45:27.475] [main/DEBUG] [mixin/]: Instancing new MixinPlatformAgentMinecraftForge for SecureJarResource(MixinSquared)
[17Jun2025 01:45:27.476] [main/DEBUG] [mixin/]: MixinPlatformAgentMinecraftForge rejected container SecureJarResource(MixinSquared)
[17Jun2025 01:45:27.476] [main/DEBUG] [mixin/]: Instancing new MixinPlatformAgentDefault for SecureJarResource(MixinSquared)
[17Jun2025 01:45:27.476] [main/DEBUG] [mixin/]: MixinPlatformAgentDefault accepted container SecureJarResource(MixinSquared)
[17Jun2025 01:45:27.476] [main/DEBUG] [mixin/]: Processing prepare() for PlatformAgent[MixinPlatformAgentDefault:SecureJarResource(MixinSquared)]
[17Jun2025 01:45:27.476] [main/DEBUG] [mixin/]: Adding mixin platform agents for container SecureJarResource(MixinExtras)
[17Jun2025 01:45:27.476] [main/DEBUG] [mixin/]: Instancing new MixinPlatformAgentMinecraftForge for SecureJarResource(MixinExtras)
[17Jun2025 01:45:27.476] [main/DEBUG] [mixin/]: MixinPlatformAgentMinecraftForge rejected container SecureJarResource(MixinExtras)
[17Jun2025 01:45:27.476] [main/DEBUG] [mixin/]: Instancing new MixinPlatformAgentDefault for SecureJarResource(MixinExtras)
[17Jun2025 01:45:27.476] [main/DEBUG] [mixin/]: MixinPlatformAgentDefault accepted container SecureJarResource(MixinExtras)
[17Jun2025 01:45:27.476] [main/DEBUG] [mixin/]: Processing prepare() for PlatformAgent[MixinPlatformAgentDefault:SecureJarResource(MixinExtras)]
[17Jun2025 01:45:27.477] [main/DEBUG] [mixin/]: inject() running with 61 agents
[17Jun2025 01:45:27.477] [main/DEBUG] [mixin/]: Processing inject() for PlatformAgent[MixinPlatformAgentDefault:ModLauncher Root Container(ModLauncher:4f56a0a2)]
[17Jun2025 01:45:27.479] [main/DEBUG] [mixin/]: Processing inject() for PlatformAgent[MixinPlatformAgentDefault:SecureJarResource(betterdungeons)]
[17Jun2025 01:45:27.479] [main/DEBUG] [mixin/]: Processing inject() for PlatformAgent[MixinPlatformAgentDefault:SecureJarResource(kuma_api)]
[17Jun2025 01:45:27.479] [main/DEBUG] [mixin/]: Processing inject() for PlatformAgent[MixinPlatformAgentDefault:SecureJarResource(betterwitchhuts)]
[17Jun2025 01:45:27.479] [main/DEBUG] [mixin/]: Processing inject() for PlatformAgent[MixinPlatformAgentDefault:SecureJarResource(geckolib)]
[17Jun2025 01:45:27.479] [main/DEBUG] [mixin/]: Processing inject() for PlatformAgent[MixinPlatformAgentDefault:SecureJarResource(recipeessentials)]
[17Jun2025 01:45:27.479] [main/DEBUG] [mixin/]: Processing inject() for PlatformAgent[MixinPlatformAgentDefault:SecureJarResource(lithostitched)]
[17Jun2025 01:45:27.479] [main/DEBUG] [mixin/]: Processing inject() for PlatformAgent[MixinPlatformAgentDefault:SecureJarResource(connectivity)]
[17Jun2025 01:45:27.479] [main/DEBUG] [mixin/]: Processing inject() for PlatformAgent[MixinPlatformAgentDefault:SecureJarResource(sophisticatedcore)]
[17Jun2025 01:45:27.479] [main/DEBUG] [mixin/]: Processing inject() for PlatformAgent[MixinPlatformAgentDefault:SecureJarResource(waystones)]
[17Jun2025 01:45:27.480] [main/DEBUG] [mixin/]: Processing inject() for PlatformAgent[MixinPlatformAgentDefault:SecureJarResource(structureessentials)]
[17Jun2025 01:45:27.480] [main/DEBUG] [mixin/]: Processing inject() for PlatformAgent[MixinPlatformAgentDefault:SecureJarResource(villagernames)]
[17Jun2025 01:45:27.480] [main/DEBUG] [mixin/]: Processing inject() for PlatformAgent[MixinPlatformAgentDefault:SecureJarResource(clumps)]
[17Jun2025 01:45:27.480] [main/DEBUG] [mixin/]: Processing inject() for PlatformAgent[MixinPlatformAgentDefault:SecureJarResource(journeymap)]
[17Jun2025 01:45:27.480] [main/DEBUG] [mixin/]: Processing inject() for PlatformAgent[MixinPlatformAgentDefault:SecureJarResource(fastasyncworldsave)]
[17Jun2025 01:45:27.480] [main/DEBUG] [mixin/]: Processing inject() for PlatformAgent[MixinPlatformAgentDefault:SecureJarResource(yungscavebiomes)]
[17Jun2025 01:45:27.480] [main/DEBUG] [mixin/]: Processing inject() for PlatformAgent[MixinPlatformAgentDefault:SecureJarResource(citadel)]
[17Jun2025 01:45:27.480] [main/DEBUG] [mixin/]: Processing inject() for PlatformAgent[MixinPlatformAgentDefault:SecureJarResource(lootintegrations)]
[17Jun2025 01:45:27.480] [main/DEBUG] [mixin/]: Processing inject() for PlatformAgent[MixinPlatformAgentDefault:SecureJarResource(artifacts)]
[17Jun2025 01:45:27.480] [main/DEBUG] [mixin/]: Processing inject() for PlatformAgent[MixinPlatformAgentDefault:SecureJarResource(yungsapi)]
[17Jun2025 01:45:27.480] [main/DEBUG] [mixin/]: Processing inject() for PlatformAgent[MixinPlatformAgentDefault:SecureJarResource(mixinextras)]
[17Jun2025 01:45:27.480] [main/DEBUG] [mixin/]: Processing inject() for PlatformAgent[MixinPlatformAgentDefault:SecureJarResource(bookshelf)]
[17Jun2025 01:45:27.480] [main/DEBUG] [mixin/]: Processing inject() for PlatformAgent[MixinPlatformAgentDefault:SecureJarResource(sophisticatedbackpacks)]
[17Jun2025 01:45:27.480] [main/DEBUG] [mixin/]: Processing inject() for PlatformAgent[MixinPlatformAgentDefault:SecureJarResource(betterdeserttemples)]
[17Jun2025 01:45:27.480] [main/DEBUG] [mixin/]: Processing inject() for PlatformAgent[MixinPlatformAgentDefault:SecureJarResource(takesapillage)]
[17Jun2025 01:45:27.480] [main/DEBUG] [mixin/]: Processing inject() for PlatformAgent[MixinPlatformAgentDefault:SecureJarResource(clickadv)]
[17Jun2025 01:45:27.480] [main/DEBUG] [mixin/]: Processing inject() for PlatformAgent[MixinPlatformAgentDefault:SecureJarResource(balm)]
[17Jun2025 01:45:27.480] [main/DEBUG] [mixin/]: Processing inject() for PlatformAgent[MixinPlatformAgentDefault:SecureJarResource(carryon)]
[17Jun2025 01:45:27.480] [main/DEBUG] [mixin/]: Processing inject() for PlatformAgent[MixinPlatformAgentDefault:SecureJarResource(betterfortresses)]
[17Jun2025 01:45:27.480] [main/DEBUG] [mixin/]: Processing inject() for PlatformAgent[MixinPlatformAgentDefault:SecureJarResource(cloth_config)]
[17Jun2025 01:45:27.480] [main/DEBUG] [mixin/]: Processing inject() for PlatformAgent[MixinPlatformAgentDefault:SecureJarResource(forge)]
[17Jun2025 01:45:27.480] [main/DEBUG] [mixin/]: Processing inject() for PlatformAgent[MixinPlatformAgentDefault:SecureJarResource(ctov)]
[17Jun2025 01:45:27.480] [main/DEBUG] [mixin/]: Processing inject() for PlatformAgent[MixinPlatformAgentDefault:SecureJarResource(supplementaries)]
[17Jun2025 01:45:27.480] [main/DEBUG] [mixin/]: Processing inject() for PlatformAgent[MixinPlatformAgentDefault:SecureJarResource(minecraft)]
[17Jun2025 01:45:27.480] [main/DEBUG] [mixin/]: Processing inject() for PlatformAgent[MixinPlatformAgentDefault:SecureJarResource(smoothchunk)]
[17Jun2025 01:45:27.480] [main/DEBUG] [mixin/]: Processing inject() for PlatformAgent[MixinPlatformAgentDefault:SecureJarResource(logprot)]
[17Jun2025 01:45:27.480] [main/DEBUG] [mixin/]: Processing inject() for PlatformAgent[MixinPlatformAgentDefault:SecureJarResource(alexscaves)]
[17Jun2025 01:45:27.481] [main/DEBUG] [mixin/]: Processing inject() for PlatformAgent[MixinPlatformAgentDefault:SecureJarResource(voicechat)]
[17Jun2025 01:45:27.481] [main/DEBUG] [mixin/]: Processing inject() for PlatformAgent[MixinPlatformAgentDefault:SecureJarResource(trade_cycling)]
[17Jun2025 01:45:27.481] [main/DEBUG] [mixin/]: Processing inject() for PlatformAgent[MixinPlatformAgentDefault:SecureJarResource(enchdesc)]
[17Jun2025 01:45:27.481] [main/DEBUG] [mixin/]: Processing inject() for PlatformAgent[MixinPlatformAgentDefault:SecureJarResource(terrablender)]
[17Jun2025 01:45:27.481] [main/DEBUG] [mixin/]: Processing inject() for PlatformAgent[MixinPlatformAgentDefault:SecureJarResource(moonlight)]
[17Jun2025 01:45:27.481] [main/DEBUG] [mixin/]: Processing inject() for PlatformAgent[MixinPlatformAgentDefault:SecureJarResource(mixinsquared)]
[17Jun2025 01:45:27.481] [main/DEBUG] [mixin/]: Processing inject() for PlatformAgent[MixinPlatformAgentDefault:SecureJarResource(born_in_chaos_v1)]
[17Jun2025 01:45:27.481] [main/DEBUG] [mixin/]: Processing inject() for PlatformAgent[MixinPlatformAgentDefault:SecureJarResource(curios)]
[17Jun2025 01:45:27.481] [main/DEBUG] [mixin/]: Processing inject() for PlatformAgent[MixinPlatformAgentDefault:SecureJarResource(collective)]
[17Jun2025 01:45:27.481] [main/DEBUG] [mixin/]: Processing inject() for PlatformAgent[MixinPlatformAgentDefault:SecureJarResource(betterchunkloading)]
[17Jun2025 01:45:27.481] [main/DEBUG] [mixin/]: Processing inject() for PlatformAgent[MixinPlatformAgentDefault:SecureJarResource(betterstrongholds)]
[17Jun2025 01:45:27.481] [main/DEBUG] [mixin/]: Processing inject() for PlatformAgent[MixinPlatformAgentDefault:SecureJarResource(tombstone)]
[17Jun2025 01:45:27.481] [main/DEBUG] [mixin/]: Processing inject() for PlatformAgent[MixinPlatformAgentDefault:SecureJarResource(architectury)]
[17Jun2025 01:45:27.481] [main/DEBUG] [mixin/]: Processing inject() for PlatformAgent[MixinPlatformAgentDefault:SecureJarResource(cupboard)]
[17Jun2025 01:45:27.481] [main/DEBUG] [mixin/]: Processing inject() for PlatformAgent[MixinPlatformAgentDefault:SecureJarResource(betterendisland)]
[17Jun2025 01:45:27.481] [main/DEBUG] [mixin/]: Processing inject() for PlatformAgent[MixinPlatformAgentDefault:SecureJarResource(fastleafdecay)]
[17Jun2025 01:45:27.481] [main/DEBUG] [mixin/]: Processing inject() for PlatformAgent[MixinPlatformAgentDefault:SecureJarResource(cosmeticarmorreworked)]
[17Jun2025 01:45:27.481] [main/DEBUG] [mixin/]: Processing inject() for PlatformAgent[MixinPlatformAgentDefault:SecureJarResource(expandability)]
[17Jun2025 01:45:27.481] [main/DEBUG] [mixin/]: Processing inject() for PlatformAgent[MixinPlatformAgentDefault:SecureJarResource(bettermineshafts)]
[17Jun2025 01:45:27.481] [main/DEBUG] [mixin/]: Processing inject() for PlatformAgent[MixinPlatformAgentDefault:SecureJarResource(chunksending)]
[17Jun2025 01:45:27.481] [main/DEBUG] [mixin/]: Processing inject() for PlatformAgent[MixinPlatformAgentDefault:SecureJarResource(betterjungletemples)]
[17Jun2025 01:45:27.481] [main/DEBUG] [mixin/]: Processing inject() for PlatformAgent[MixinPlatformAgentDefault:SecureJarResource(mclib)]
[17Jun2025 01:45:27.481] [main/DEBUG] [mixin/]: Processing inject() for PlatformAgent[MixinPlatformAgentDefault:SecureJarResource(MixinSquared)]
[17Jun2025 01:45:27.481] [main/DEBUG] [mixin/]: Processing inject() for PlatformAgent[MixinPlatformAgentDefault:SecureJarResource(MixinExtras)]
[17Jun2025 01:45:27.518] [main/DEBUG] [mixin/]: Error cleaning class output directory: .mixin.out
[17Jun2025 01:45:27.520] [main/DEBUG] [mixin/]: Preparing mixins for MixinEnvironment[PREINIT]
[17Jun2025 01:45:27.530] [main/INFO] [mixin/]: Successfully loaded Mixin Connector [de.maxhenkel.tradecycling.MixinConnector]
[17Jun2025 01:45:27.533] [main/INFO] [cpw.mods.modlauncher.LaunchServiceHandler/MODLAUNCHER]: Launching target 'forgeserver' with arguments [nogui]
[17Jun2025 01:45:27.538] [main/DEBUG] [mixin/]: Preparing mixins for MixinEnvironment[DEFAULT]
[17Jun2025 01:45:27.540] [main/DEBUG] [mixin/]: Selecting config betterdungeons.mixins.json
[17Jun2025 01:45:27.552] [main/DEBUG] [mixin/]: Selecting config betterdungeons_forge.mixins.json
[17Jun2025 01:45:27.555] [main/DEBUG] [mixin/]: Selecting config kuma_api.mixins.json
[17Jun2025 01:45:27.557] [main/DEBUG] [mixin/]: Selecting config kuma_api.forge.mixins.json
[17Jun2025 01:45:27.560] [main/DEBUG] [mixin/]: Selecting config betterwitchhuts.mixins.json
[17Jun2025 01:45:27.561] [main/DEBUG] [mixin/]: Selecting config betterwitchhuts_forge.mixins.json
[17Jun2025 01:45:27.563] [main/DEBUG] [mixin/]: Selecting config geckolib.mixins.json
[17Jun2025 01:45:27.564] [main/DEBUG] [mixin/]: Selecting config recipeessentials.mixins.json
[17Jun2025 01:45:27.569] [main/DEBUG] [mixin/]: Selecting config lithostitched.mixins.json
[17Jun2025 01:45:27.571] [main/DEBUG] [mixin/]: Selecting config lithostitched.forge.mixins.json
[17Jun2025 01:45:27.573] [main/DEBUG] [mixin/]: Selecting config connectivity.mixins.json
[17Jun2025 01:45:27.578] [main/DEBUG] [mixin/]: Selecting config waystones.mixins.json
[17Jun2025 01:45:27.580] [main/DEBUG] [mixin/]: Selecting config structureessentials.mixins.json
[17Jun2025 01:45:27.583] [main/DEBUG] [mixin/]: Selecting config villagernames_forge.mixins.json
[17Jun2025 01:45:27.587] [main/DEBUG] [mixin/]: Selecting config clumps.mixins.json
[17Jun2025 01:45:27.588] [main/DEBUG] [mixin/]: Selecting config journeymap.mixins.json
[17Jun2025 01:45:27.590] [main/DEBUG] [mixin/]: Selecting config fastasyncworldsave.mixins.json
[17Jun2025 01:45:27.591] [main/DEBUG] [mixin/]: Selecting config yungscavebiomes.mixins.json
[17Jun2025 01:45:27.593] [main/DEBUG] [mixin/]: Selecting config yungscavebiomes_forge.mixins.json
[17Jun2025 01:45:27.595] [main/DEBUG] [mixin/]: Selecting config citadel.mixins.json
[17Jun2025 01:45:27.597] [main/DEBUG] [mixin/]: Selecting config lootintegrations.mixins.json
[17Jun2025 01:45:27.599] [main/DEBUG] [mixin/]: Selecting config mixins.artifacts.common.json
[17Jun2025 01:45:27.600] [main/DEBUG] [mixin/]: Selecting config mixins.artifacts.forge.json
[17Jun2025 01:45:27.602] [main/DEBUG] [mixin/]: Selecting config yungsapi.mixins.json
[17Jun2025 01:45:27.604] [main/DEBUG] [mixin/]: Selecting config yungsapi_forge.mixins.json
[17Jun2025 01:45:27.606] [main/DEBUG] [mixin/]: Selecting config mixinextras.init.mixins.json
[17Jun2025 01:45:27.646] [main/DEBUG] [MixinExtras|Service/]: com.llamalad7.mixinextras.service.MixinExtrasServiceImpl(version=0.3.6) is taking over from null
[17Jun2025 01:45:27.688] [main/DEBUG] [mixin/]: Registering new injector for @Inject with org.spongepowered.asm.mixin.injection.struct.CallbackInjectionInfo
[17Jun2025 01:45:27.690] [main/DEBUG] [mixin/]: Registering new injector for @ModifyArg with org.spongepowered.asm.mixin.injection.struct.ModifyArgInjectionInfo
[17Jun2025 01:45:27.692] [main/DEBUG] [mixin/]: Registering new injector for @ModifyArgs with org.spongepowered.asm.mixin.injection.struct.ModifyArgsInjectionInfo
[17Jun2025 01:45:27.694] [main/DEBUG] [mixin/]: Registering new injector for @Redirect with org.spongepowered.asm.mixin.injection.struct.RedirectInjectionInfo
[17Jun2025 01:45:27.696] [main/DEBUG] [mixin/]: Registering new injector for @ModifyVariable with org.spongepowered.asm.mixin.injection.struct.ModifyVariableInjectionInfo
[17Jun2025 01:45:27.698] [main/DEBUG] [mixin/]: Registering new injector for @ModifyConstant with org.spongepowered.asm.mixin.injection.struct.ModifyConstantInjectionInfo
[17Jun2025 01:45:27.708] [main/DEBUG] [mixin/]: Selecting config bookshelf.common.mixins.json
[17Jun2025 01:45:27.710] [main/DEBUG] [mixin/]: Selecting config bookshelf.forge.mixins.json
[17Jun2025 01:45:27.712] [main/DEBUG] [mixin/]: Selecting config betterdeserttemples.mixins.json
[17Jun2025 01:45:27.713] [main/DEBUG] [mixin/]: Selecting config betterdeserttemples_forge.mixins.json
[17Jun2025 01:45:27.715] [main/DEBUG] [mixin/]: Selecting config takesapillage.mixins.json
[17Jun2025 01:45:27.716] [main/DEBUG] [mixin/]: Selecting config clickadv.mixins.json
[17Jun2025 01:45:27.718] [main/DEBUG] [mixin/]: Selecting config balm.mixins.json
[17Jun2025 01:45:27.719] [main/DEBUG] [mixin/]: Selecting config carryon.mixins.json
[17Jun2025 01:45:27.722] [main/DEBUG] [mixin/]: Selecting config carryon.forge.mixins.json
[17Jun2025 01:45:27.723] [main/DEBUG] [mixin/]: Selecting config betterfortresses.mixins.json
[17Jun2025 01:45:27.725] [main/DEBUG] [mixin/]: Selecting config betterfortresses_forge.mixins.json
[17Jun2025 01:45:27.727] [main/DEBUG] [mixin/]: Selecting config supplementaries-common.mixins.json
[17Jun2025 01:45:27.735] [main/DEBUG] [mixin/]: Selecting config supplementaries.mixins.json
[17Jun2025 01:45:27.737] [main/DEBUG] [mixin/]: Selecting config smoothchunk.mixins.json
[17Jun2025 01:45:27.739] [main/DEBUG] [mixin/]: Selecting config logprot.mixins.json
[17Jun2025 01:45:27.741] [main/DEBUG] [mixin/]: Selecting config alexscaves.mixins.json
[17Jun2025 01:45:27.744] [main/DEBUG] [mixin/]: Selecting config terrablender.mixins.json
[17Jun2025 01:45:27.746] [main/DEBUG] [mixin/]: Selecting config terrablender_forge.mixins.json
[17Jun2025 01:45:27.747] [main/DEBUG] [mixin/]: Selecting config moonlight-common.mixins.json
[17Jun2025 01:45:27.753] [main/DEBUG] [mixin/]: Selecting config moonlight.mixins.json
[17Jun2025 01:45:27.756] [main/DEBUG] [mixin/]: Selecting config mixinsquared.init.mixins.json
[17Jun2025 01:45:27.776] [main/DEBUG] [mixin/]: Registering new target selector for @mixinsquared:handler with com.bawnorton.mixinsquared.selector.DynamicSelectorHandler
[17Jun2025 01:45:27.794] [main/DEBUG] [mixin/]: Selecting config curios.mixins.json
[17Jun2025 01:45:27.796] [main/DEBUG] [mixin/]: Selecting config collective_forge.mixins.json
[17Jun2025 01:45:27.799] [main/DEBUG] [mixin/]: Selecting config betterchunkloading.mixins.json
[17Jun2025 01:45:27.803] [main/DEBUG] [mixin/]: Selecting config betterstrongholds.mixins.json
[17Jun2025 01:45:27.806] [main/DEBUG] [mixin/]: Selecting config betterstrongholds_forge.mixins.json
[17Jun2025 01:45:27.809] [main/DEBUG] [mixin/]: Selecting config tombstone.mixins.json
[17Jun2025 01:45:27.813] [main/DEBUG] [mixin/]: Selecting config architectury.mixins.json
[17Jun2025 01:45:27.816] [main/DEBUG] [mixin/]: Selecting config architectury-common.mixins.json
[17Jun2025 01:45:27.818] [main/DEBUG] [mixin/]: Selecting config cupboard.mixins.json
[17Jun2025 01:45:27.820] [main/DEBUG] [mixin/]: Selecting config betterendisland.mixins.json
[17Jun2025 01:45:27.822] [main/DEBUG] [mixin/]: Selecting config betterendisland_forge.mixins.json
[17Jun2025 01:45:27.824] [main/DEBUG] [mixin/]: Selecting config expandability.mixins.json
[17Jun2025 01:45:27.825] [main/DEBUG] [mixin/]: Selecting config expandability-common.mixins.json
[17Jun2025 01:45:27.828] [main/DEBUG] [mixin/]: Selecting config bettermineshafts.mixins.json
[17Jun2025 01:45:27.830] [main/DEBUG] [mixin/]: Selecting config bettermineshafts_forge.mixins.json
[17Jun2025 01:45:27.831] [main/DEBUG] [mixin/]: Selecting config chunksending.mixins.json
[17Jun2025 01:45:27.833] [main/DEBUG] [mixin/]: Selecting config betterjungletemples.mixins.json
[17Jun2025 01:45:27.834] [main/DEBUG] [mixin/]: Selecting config betterjungletemples_forge.mixins.json
[17Jun2025 01:45:27.836] [main/DEBUG] [mixin/]: Selecting config trade_cycling.mixins.json
[17Jun2025 01:45:27.837] [main/DEBUG] [mixin/]: Preparing connectivity.mixins.json (29)
[17Jun2025 01:45:27.971] [main/DEBUG] [mixin/]: Preparing betterdungeons.mixins.json (8)
[17Jun2025 01:45:27.984] [main/DEBUG] [net.minecraftforge.coremod.transformer.CoreModBaseTransformer/COREMOD]: Transforming net/minecraft/world/level/levelgen/structure/templatesystem/StructureTemplate
[17Jun2025 01:45:28.449] [main/DEBUG] [mixin/]: Preparing betterdungeons_forge.mixins.json (0)
[17Jun2025 01:45:28.449] [main/DEBUG] [mixin/]: Preparing kuma_api.mixins.json (1)
[17Jun2025 01:45:28.449] [main/DEBUG] [mixin/]: Preparing kuma_api.forge.mixins.json (0)
[17Jun2025 01:45:28.449] [main/DEBUG] [mixin/]: Preparing betterwitchhuts.mixins.json (5)
[17Jun2025 01:45:28.460] [main/DEBUG] [mixin/]: Preparing betterwitchhuts_forge.mixins.json (0)
[17Jun2025 01:45:28.460] [main/DEBUG] [mixin/]: Preparing geckolib.mixins.json (1)
[17Jun2025 01:45:28.461] [main/DEBUG] [mixin/]: Preparing recipeessentials.mixins.json (18)
[17Jun2025 01:45:28.477] [main/INFO] [com.cupboard.Cupboard/]: Loaded config for: recipeessentials.json
[17Jun2025 01:45:28.512] [main/DEBUG] [net.minecraftforge.coremod.transformer.CoreModBaseTransformer/COREMOD]: Transforming net/minecraft/world/item/ItemStack
[17Jun2025 01:45:28.551] [main/DEBUG] [mixin/]: Preparing lithostitched.mixins.json (18)
[17Jun2025 01:45:28.608] [main/DEBUG] [mixin/]: Preparing lithostitched.forge.mixins.json (2)
[17Jun2025 01:45:28.613] [main/DEBUG] [mixin/]: Preparing waystones.mixins.json (3)
[17Jun2025 01:45:28.621] [main/DEBUG] [mixin/]: @Mixin target net/minecraft/world/level/levelgen/structure/pools/JigsawPlacement$Placer is public in waystones.mixins.json:JigsawPlacementPlacerMixin and should be specified in value
[17Jun2025 01:45:28.621] [main/DEBUG] [mixin/]: Preparing structureessentials.mixins.json (18)
[17Jun2025 01:45:28.628] [main/INFO] [com.cupboard.Cupboard/]: Loaded config for: structureessentials.json
[17Jun2025 01:45:28.663] [main/DEBUG] [net.minecraftforge.coremod.transformer.CoreModBaseTransformer/COREMOD]: Transforming net/minecraft/world/level/levelgen/structure/Structure
[17Jun2025 01:45:28.670] [main/DEBUG] [mixin/]: Preparing villagernames_forge.mixins.json (1)
[17Jun2025 01:45:28.671] [main/DEBUG] [mixin/]: Preparing clumps.mixins.json (2)
[17Jun2025 01:45:28.675] [main/DEBUG] [mixin/]: Preparing journeymap.mixins.json (3)
[17Jun2025 01:45:28.675] [main/DEBUG] [mixin/]: Preparing fastasyncworldsave.mixins.json (2)
[17Jun2025 01:45:28.678] [main/DEBUG] [mixin/]: Preparing yungscavebiomes.mixins.json (36)
[17Jun2025 01:45:28.811] [main/DEBUG] [mixin/]: Preparing yungscavebiomes_forge.mixins.json (1)
[17Jun2025 01:45:28.813] [main/DEBUG] [mixin/]: Preparing citadel.mixins.json (15)
[17Jun2025 01:45:28.831] [main/DEBUG] [mixin/]: Preparing lootintegrations.mixins.json (5)
[17Jun2025 01:45:28.841] [main/DEBUG] [mixin/]: Preparing mixins.artifacts.common.json (21)
[17Jun2025 01:45:28.865] [main/DEBUG] [net.minecraftforge.coremod.transformer.CoreModBaseTransformer/COREMOD]: Transforming net/minecraft/world/level/NaturalSpawner
[17Jun2025 01:45:29.041] [main/DEBUG] [net.minecraftforge.coremod.transformer.CoreModBaseTransformer/COREMOD]: Transforming net/minecraft/world/entity/npc/Villager
[17Jun2025 01:45:29.223] [main/DEBUG] [mixin/]: Preparing mixins.artifacts.forge.json (3)
[17Jun2025 01:45:29.225] [main/DEBUG] [mixin/]: Preparing yungsapi.mixins.json (11)
[17Jun2025 01:45:29.230] [main/DEBUG] [yungsapi/]: Loaded com.yungnickyoung.minecraft.yungsapi.services.ForgePlatformHelper@11f23038 for service interface com.yungnickyoung.minecraft.yungsapi.services.IPlatformHelper
[17Jun2025 01:45:29.231] [main/DEBUG] [yungsapi/]: Loaded com.yungnickyoung.minecraft.yungsapi.services.ForgeAutoRegisterHelper@26f0141 for service interface com.yungnickyoung.minecraft.yungsapi.services.IAutoRegisterHelper
[17Jun2025 01:45:29.233] [main/DEBUG] [yungsapi/]: Loaded com.yungnickyoung.minecraft.yungsapi.services.ForgeBlockEntityTypeHelper@6a09484c for service interface com.yungnickyoung.minecraft.yungsapi.services.IBlockEntityTypeHelper
[17Jun2025 01:45:29.233] [main/DEBUG] [yungsapi/]: Loaded com.yungnickyoung.minecraft.yungsapi.services.ForgeParticleTypeHelper@16d431b4 for service interface com.yungnickyoung.minecraft.yungsapi.services.IParticleTypeHelper
[17Jun2025 01:45:29.251] [main/DEBUG] [mixin/]: Preparing yungsapi_forge.mixins.json (1)
[17Jun2025 01:45:29.251] [main/DEBUG] [mixin/]: Preparing mixinextras.init.mixins.json (0)
[17Jun2025 01:45:29.251] [main/DEBUG] [mixin/]: Preparing bookshelf.common.mixins.json (23)
[17Jun2025 01:45:29.260] [main/DEBUG] [net.minecraftforge.coremod.transformer.CoreModBaseTransformer/COREMOD]: Transforming net/minecraft/world/effect/MobEffectInstance
[17Jun2025 01:45:29.280] [main/DEBUG] [mixin/]: Preparing bookshelf.forge.mixins.json (1)
[17Jun2025 01:45:29.282] [main/DEBUG] [mixin/]: Preparing betterdeserttemples.mixins.json (9)
[17Jun2025 01:45:29.286] [main/DEBUG] [mixin/]: Preparing betterdeserttemples_forge.mixins.json (0)
[17Jun2025 01:45:29.287] [main/DEBUG] [mixin/]: Preparing takesapillage.mixins.json (3)
[17Jun2025 01:45:29.291] [main/DEBUG] [mixin/]: Preparing clickadv.mixins.json (2)
[17Jun2025 01:45:29.292] [main/DEBUG] [mixin/]: Preparing balm.mixins.json (16)
[17Jun2025 01:45:29.302] [main/DEBUG] [mixin/]: Preparing carryon.mixins.json (5)
[17Jun2025 01:45:29.314] [main/DEBUG] [mixin/]: Preparing carryon.forge.mixins.json (0)
[17Jun2025 01:45:29.314] [main/DEBUG] [mixin/]: Preparing betterfortresses.mixins.json (6)
[17Jun2025 01:45:29.317] [main/DEBUG] [mixin/]: Preparing betterfortresses_forge.mixins.json (0)
[17Jun2025 01:45:29.317] [main/DEBUG] [mixin/]: Preparing supplementaries-common.mixins.json (78)
[17Jun2025 01:45:29.431] [main/DEBUG] [mixin/]: Preparing supplementaries.mixins.json (28)
[17Jun2025 01:45:29.444] [main/DEBUG] [mixin/]: @Mixin target net/minecraft/network/protocol/game/ClientboundLevelChunkPacketData$BlockEntityInfo is public in supplementaries.mixins.json:ChunkHolderMixin and should be specified in value
[17Jun2025 01:45:29.446] [main/WARN] [mixin/]: Error loading class: vectorwing/farmersdelight/common/block/TomatoVineBlock (java.lang.ClassNotFoundException: vectorwing.farmersdelight.common.block.TomatoVineBlock)
[17Jun2025 01:45:29.446] [main/DEBUG] [mixin/]: Skipping virtual target vectorwing.farmersdelight.common.block.TomatoVineBlock for supplementaries.mixins.json:CompatFarmersDelightTomatoMixin
[17Jun2025 01:45:29.466] [main/DEBUG] [mixin/]: Preparing smoothchunk.mixins.json (5)
[17Jun2025 01:45:29.476] [main/DEBUG] [mixin/]: Preparing logprot.mixins.json (1)
[17Jun2025 01:45:29.477] [main/DEBUG] [mixin/]: Preparing alexscaves.mixins.json (52)
[17Jun2025 01:45:29.517] [main/DEBUG] [net.minecraftforge.coremod.transformer.CoreModBaseTransformer/COREMOD]: Transforming net/minecraft/world/level/levelgen/structure/structures/SwampHutPiece
[17Jun2025 01:45:29.536] [main/DEBUG] [mixin/]: Preparing terrablender.mixins.json (7)
[17Jun2025 01:45:29.544] [main/DEBUG] [mixin/]: Preparing terrablender_forge.mixins.json (0)
[17Jun2025 01:45:29.544] [main/DEBUG] [mixin/]: Preparing moonlight-common.mixins.json (36)
[17Jun2025 01:45:29.583] [main/DEBUG] [mixin/]: Preparing moonlight.mixins.json (12)
[17Jun2025 01:45:29.589] [main/DEBUG] [mixin/]: Preparing mixinsquared.init.mixins.json (0)
[17Jun2025 01:45:29.589] [main/DEBUG] [mixin/]: Preparing curios.mixins.json (13)
[17Jun2025 01:45:29.603] [main/DEBUG] [mixin/]: Preparing collective_forge.mixins.json (5)
[17Jun2025 01:45:29.606] [main/DEBUG] [mixin/]: Preparing betterchunkloading.mixins.json (13)
[17Jun2025 01:45:29.619] [main/DEBUG] [mixin/]: Preparing betterstrongholds.mixins.json (2)
[17Jun2025 01:45:29.620] [main/DEBUG] [mixin/]: Preparing betterstrongholds_forge.mixins.json (0)
[17Jun2025 01:45:29.620] [main/DEBUG] [mixin/]: Preparing tombstone.mixins.json (27)
[17Jun2025 01:45:29.646] [main/DEBUG] [mixin/]: Preparing architectury.mixins.json (9)
[17Jun2025 01:45:29.655] [main/DEBUG] [mixin/]: Preparing architectury-common.mixins.json (10)
[17Jun2025 01:45:29.659] [main/DEBUG] [net.minecraftforge.coremod.transformer.CoreModBaseTransformer/COREMOD]: Transforming net/minecraft/world/item/BucketItem
[17Jun2025 01:45:29.666] [main/DEBUG] [net.minecraftforge.coremod.transformer.CoreModBaseTransformer/COREMOD]: Transforming net/minecraft/world/entity/EntityType
[17Jun2025 01:45:29.730] [main/DEBUG] [net.minecraftforge.coremod.transformer.CoreModBaseTransformer/COREMOD]: Transforming net/minecraft/world/level/block/LiquidBlock
[17Jun2025 01:45:29.734] [main/DEBUG] [mixin/]: Preparing cupboard.mixins.json (5)
[17Jun2025 01:45:29.739] [main/DEBUG] [mixin/]: Preparing betterendisland.mixins.json (9)
[17Jun2025 01:45:29.759] [main/DEBUG] [mixin/]: Preparing betterendisland_forge.mixins.json (0)
[17Jun2025 01:45:29.760] [main/DEBUG] [mixin/]: Preparing expandability.mixins.json (4)
[17Jun2025 01:45:29.761] [main/DEBUG] [mixin/]: Preparing expandability-common.mixins.json (9)
[17Jun2025 01:45:29.773] [main/DEBUG] [mixin/]: Preparing bettermineshafts.mixins.json (4)
[17Jun2025 01:45:29.780] [main/DEBUG] [mixin/]: Preparing bettermineshafts_forge.mixins.json (0)
[17Jun2025 01:45:29.780] [main/DEBUG] [mixin/]: Preparing chunksending.mixins.json (2)
[17Jun2025 01:45:29.784] [main/DEBUG] [mixin/]: Preparing betterjungletemples.mixins.json (8)
[17Jun2025 01:45:29.803] [main/DEBUG] [mixin/]: Preparing betterjungletemples_forge.mixins.json (0)
[17Jun2025 01:45:29.803] [main/DEBUG] [mixin/]: Preparing trade_cycling.mixins.json (3)
[17Jun2025 01:45:29.929] [main/DEBUG] [mixin/]: Inner class net/mehvahdjukaar/supplementaries/mixins/forge/self/SelfFlammableFluidBlockMixin$1 in net/mehvahdjukaar/supplementaries/mixins/forge/self/SelfFlammableFluidBlockMixin on net/mehvahdjukaar/supplementaries/common/fluids/FlammableLiquidBlock gets unique name net/mehvahdjukaar/supplementaries/common/fluids/FlammableLiquidBlock$Anonymous$32916727e153464599ef4b14765711d0
[17Jun2025 01:45:29.983] [main/DEBUG] [mixin/]: Prepared 455 mixins in 2.443 sec (5.4ms avg) (0ms load, 0ms transform, 0ms plugin)
[17Jun2025 01:45:29.997] [main/INFO] [MixinExtras|Service/]: Initializing MixinExtras via com.llamalad7.mixinextras.service.MixinExtrasServiceImpl(version=0.3.6).
[17Jun2025 01:45:29.999] [main/DEBUG] [mixin/]: Registering new injector for @SugarWrapper with com.llamalad7.mixinextras.sugar.impl.SugarWrapperInjectionInfo
[17Jun2025 01:45:30.003] [main/DEBUG] [mixin/]: Registering new injector for @FactoryRedirectWrapper with com.llamalad7.mixinextras.wrapper.factory.FactoryRedirectWrapperInjectionInfo
[17Jun2025 01:45:30.007] [main/DEBUG] [mixin/]: Mixing LevelCreatedCallback from structureessentials.mixins.json into net.minecraft.server.MinecraftServer
[17Jun2025 01:45:30.017] [main/DEBUG] [mixin/]: Mixing MinecraftServerMixin from citadel.mixins.json into net.minecraft.server.MinecraftServer
[17Jun2025 01:45:30.021] [main/DEBUG] [mixin/]: Mixing MinecraftServerMixin from balm.mixins.json into net.minecraft.server.MinecraftServer
[17Jun2025 01:45:30.021] [main/DEBUG] [mixin/]: Renaming synthetic method lambda$reloadResources$0(Ljava/lang/Void;)V to md2eb031$lambda$reloadResources$0$0 in balm.mixins.json:MinecraftServerMixin
[17Jun2025 01:45:30.115] [main/DEBUG] [mixin/]: Mixing common.GameTestServerMixin from lithostitched.mixins.json into net.minecraft.gametest.framework.GameTestServer
[17Jun2025 01:45:30.125] [main/DEBUG] [mixin/]: Mixing server.DedicatedServerMixin from lithostitched.mixins.json into net.minecraft.server.dedicated.DedicatedServer
[17Jun2025 01:45:30.127] [main/DEBUG] [mixin/]: Mixing DedicatedServerMixin from tombstone.mixins.json into net.minecraft.server.dedicated.DedicatedServer
[17Jun2025 01:45:30.163] [main/DEBUG] [io.netty.util.internal.logging.InternalLoggerFactory/]: Using SLF4J as the default logging framework
[17Jun2025 01:45:30.166] [main/DEBUG] [io.netty.util.ResourceLeakDetector/]: -Dio.netty.leakDetection.level: simple
[17Jun2025 01:45:30.166] [main/DEBUG] [io.netty.util.ResourceLeakDetector/]: -Dio.netty.leakDetection.targetRecords: 4
[17Jun2025 01:45:30.322] [main/DEBUG] [mixin/]: Mixing ResourceLocationExceptionMixin from connectivity.mixins.json into net.minecraft.ResourceLocationException
[17Jun2025 01:45:30.444] [main/DEBUG] [oshi.util.FileUtil/]: No oshi.properties file found from ClassLoader cpw.mods.modlauncher.TransformingClassLoader@342e690b
[17Jun2025 01:45:30.445] [main/DEBUG] [oshi.util.FileUtil/]: No oshi.properties file found from ClassLoader jdk.internal.loader.ClassLoaders$AppClassLoader@76ed5528
[17Jun2025 01:45:30.550] [main/DEBUG] [oshi.util.FileUtil/]: Reading file /proc/self/auxv
[17Jun2025 01:45:30.551] [main/DEBUG] [oshi.util.FileUtil/]: Reading file /proc/self/auxv
[17Jun2025 01:45:30.558] [main/DEBUG] [oshi.util.FileUtil/]: Reading file /proc/stat
[17Jun2025 01:45:30.571] [main/DEBUG] [oshi.util.FileUtil/]: Reading file /sys/devices/system/cpu/cpu0/topology/core_id
[17Jun2025 01:45:30.572] [main/DEBUG] [oshi.util.FileUtil/]: Reading file /sys/devices/system/cpu/cpu0/topology/core_id
[17Jun2025 01:45:30.572] [main/DEBUG] [oshi.util.FileUtil/]: Reading file /sys/devices/system/cpu/cpu0/topology/physical_package_id
[17Jun2025 01:45:30.573] [main/DEBUG] [oshi.util.FileUtil/]: Reading file /sys/devices/system/cpu/cpu0/topology/physical_package_id
[17Jun2025 01:45:30.573] [main/DEBUG] [oshi.util.FileUtil/]: Reading file /sys/devices/system/cpu/cpu0/cpu_capacity
[17Jun2025 01:45:30.575] [main/DEBUG] [oshi.util.FileUtil/]: Reading file /sys/devices/system/cpu/cpu1/topology/core_id
[17Jun2025 01:45:30.575] [main/DEBUG] [oshi.util.FileUtil/]: Reading file /sys/devices/system/cpu/cpu1/topology/core_id
[17Jun2025 01:45:30.575] [main/DEBUG] [oshi.util.FileUtil/]: Reading file /sys/devices/system/cpu/cpu1/topology/physical_package_id
[17Jun2025 01:45:30.575] [main/DEBUG] [oshi.util.FileUtil/]: Reading file /sys/devices/system/cpu/cpu1/topology/physical_package_id
[17Jun2025 01:45:30.575] [main/DEBUG] [oshi.util.FileUtil/]: Reading file /sys/devices/system/cpu/cpu1/cpu_capacity
[17Jun2025 01:45:30.576] [main/DEBUG] [oshi.util.FileUtil/]: Reading file /sys/devices/system/cpu/cpu2/topology/core_id
[17Jun2025 01:45:30.576] [main/DEBUG] [oshi.util.FileUtil/]: Reading file /sys/devices/system/cpu/cpu2/topology/core_id
[17Jun2025 01:45:30.576] [main/DEBUG] [oshi.util.FileUtil/]: Reading file /sys/devices/system/cpu/cpu2/topology/physical_package_id
[17Jun2025 01:45:30.576] [main/DEBUG] [oshi.util.FileUtil/]: Reading file /sys/devices/system/cpu/cpu2/topology/physical_package_id
[17Jun2025 01:45:30.576] [main/DEBUG] [oshi.util.FileUtil/]: Reading file /sys/devices/system/cpu/cpu2/cpu_capacity
[17Jun2025 01:45:30.577] [main/DEBUG] [oshi.util.FileUtil/]: Reading file /sys/devices/system/cpu/cpu3/topology/core_id
[17Jun2025 01:45:30.577] [main/DEBUG] [oshi.util.FileUtil/]: Reading file /sys/devices/system/cpu/cpu3/topology/core_id
[17Jun2025 01:45:30.577] [main/DEBUG] [oshi.util.FileUtil/]: Reading file /sys/devices/system/cpu/cpu3/topology/physical_package_id
[17Jun2025 01:45:30.577] [main/DEBUG] [oshi.util.FileUtil/]: Reading file /sys/devices/system/cpu/cpu3/topology/physical_package_id
[17Jun2025 01:45:30.577] [main/DEBUG] [oshi.util.FileUtil/]: Reading file /sys/devices/system/cpu/cpu3/cpu_capacity
[17Jun2025 01:45:30.583] [main/DEBUG] [oshi.util.FileUtil/]: Reading file /proc/cpuinfo
[17Jun2025 01:45:30.607] [main/DEBUG] [oshi.util.FileUtil/]: Reading file /proc/self/auxv
[17Jun2025 01:45:30.610] [main/DEBUG] [oshi.util.FileUtil/]: No oshi.architecture.properties file found from ClassLoader cpw.mods.modlauncher.TransformingClassLoader@342e690b
[17Jun2025 01:45:30.610] [main/DEBUG] [oshi.util.FileUtil/]: No oshi.architecture.properties file found from ClassLoader jdk.internal.loader.ClassLoaders$AppClassLoader@76ed5528
[17Jun2025 01:45:30.635] [main/DEBUG] [oshi.util.FileUtil/]: Reading file /proc/meminfo
[17Jun2025 01:45:30.636] [main/DEBUG] [oshi.util.FileUtil/]: Reading file /proc/meminfo
[17Jun2025 01:45:30.639] [main/DEBUG] [mixin/]: Mixing SuppressLogMixin from bettermineshafts.mixins.json into net.minecraft.Util
[17Jun2025 01:45:30.704] [main/DEBUG] [mixin/]: Mixing MixinBuiltInRegistries from terrablender.mixins.json into net.minecraft.core.registries.BuiltInRegistries
[17Jun2025 01:45:30.706] [main/DEBUG] [mixin/]: Renaming synthetic method lambda$registerSimple$0(Lnet/minecraft/core/registries/BuiltInRegistries$RegistryBootstrap;Lnet/minecraft/core/Registry;)Ljava/lang/Object; to md2eb031$lambda$registerSimple$0$0 in terrablender.mixins.json:MixinBuiltInRegistries
[17Jun2025 01:45:30.734] [main/DEBUG] [mixin/]: Mixing common.MappedRegistryAccessor from lithostitched.mixins.json into net.minecraft.core.MappedRegistry
[17Jun2025 01:45:30.743] [main/DEBUG] [mixin/]: Mixing MappedRegistryMixin from structureessentials.mixins.json into net.minecraft.core.MappedRegistry
[17Jun2025 01:45:30.813] [main/DEBUG] [mixin/]: Mixing inject.MixinGameEvent from architectury-common.mixins.json into net.minecraft.world.level.gameevent.GameEvent
[17Jun2025 01:45:30.824] [main/DEBUG] [mixin/]: Mixing common.HolderReferenceAccessor from lithostitched.mixins.json into net.minecraft.core.Holder$Reference
[17Jun2025 01:45:30.850] [main/DEBUG] [mixin/]: Mixing frosted_caves.BlockMixin from yungscavebiomes.mixins.json into net.minecraft.world.level.block.Block
[17Jun2025 01:45:30.880] [main/DEBUG] [mixin/]: Mixing inject.MixinBlock from architectury-common.mixins.json into net.minecraft.world.level.block.Block
[17Jun2025 01:45:30.902] [main/DEBUG] [mixin/]: Mixing fluidcollision.BlockStateBaseMixin from expandability-common.mixins.json into net.minecraft.world.level.block.state.BlockBehaviour$BlockStateBase
[17Jun2025 01:45:30.932] [main/DEBUG] [mixin/]: Mixing EntityLoadMixin from cupboard.mixins.json into net.minecraft.world.entity.Entity
[17Jun2025 01:45:30.943] [main/DEBUG] [mixin/]: Mixing frosted_caves.EntityMixin from yungscavebiomes.mixins.json into net.minecraft.world.entity.Entity
[17Jun2025 01:45:30.949] [main/DEBUG] [mixin/]: Mixing item.umbrella.EntityMixin from mixins.artifacts.common.json into net.minecraft.world.entity.Entity
[17Jun2025 01:45:30.952] [main/DEBUG] [mixin/]: Mixing item.wearable.aquadashers.EntityMixin from mixins.artifacts.common.json into net.minecraft.world.entity.Entity
[17Jun2025 01:45:30.977] [main/DEBUG] [mixin/]: Mixing accessors.entity.AccessorEntity from bookshelf.common.mixins.json into net.minecraft.world.entity.Entity
[17Jun2025 01:45:30.978] [main/DEBUG] [mixin/]: Mixing EntityMixin from balm.mixins.json into net.minecraft.world.entity.Entity
[17Jun2025 01:45:30.983] [main/DEBUG] [mixin/]: Mixing EntityMixin from carryon.mixins.json into net.minecraft.world.entity.Entity
[17Jun2025 01:45:31.000] [main/DEBUG] [mixin/]: Mixing EntityMixin from supplementaries-common.mixins.json into net.minecraft.world.entity.Entity
[17Jun2025 01:45:31.004] [main/DEBUG] [mixin/]: Mixing EntityMixin from alexscaves.mixins.json into net.minecraft.world.entity.Entity
[17Jun2025 01:45:31.077] [main/DEBUG] [mixin/]: Mixing AccessorEntity from curios.mixins.json into net.minecraft.world.entity.Entity
[17Jun2025 01:45:31.082] [main/DEBUG] [mixin/]: Mixing EntityMixin from tombstone.mixins.json into net.minecraft.world.entity.Entity
[17Jun2025 01:45:31.091] [main/DEBUG] [mixin/]: Mixing swimming.EntityMixin from expandability.mixins.json into net.minecraft.world.entity.Entity
[17Jun2025 01:45:31.097] [main/DEBUG] [mixin/]: Mixing swimming.EntityMixin from expandability-common.mixins.json into net.minecraft.world.entity.Entity
[17Jun2025 01:45:31.381] [main/DEBUG] [mixin/]: Mixing frosted_caves.LivingEntityMixin from yungscavebiomes.mixins.json into net.minecraft.world.entity.LivingEntity
[17Jun2025 01:45:31.384] [main/DEBUG] [mixin/]: Mixing lost_caves.LivingEntityMixin from yungscavebiomes.mixins.json into net.minecraft.world.entity.LivingEntity
[17Jun2025 01:45:31.390] [main/DEBUG] [mixin/]: Mixing LivingEntityMixin from citadel.mixins.json into net.minecraft.world.entity.LivingEntity
[17Jun2025 01:45:31.394] [main/DEBUG] [mixin/]: Mixing accessors.LivingEntityAccessor from mixins.artifacts.common.json into net.minecraft.world.entity.LivingEntity
[17Jun2025 01:45:31.394] [main/DEBUG] [mixin/]: Mixing item.hurtsound.LivingEntityMixin from mixins.artifacts.common.json into net.minecraft.world.entity.LivingEntity
[17Jun2025 01:45:31.396] [main/DEBUG] [mixin/]: Mixing item.wearable.chorustotem.LivingEntityMixin from mixins.artifacts.common.json into net.minecraft.world.entity.LivingEntity
[17Jun2025 01:45:31.421] [main/DEBUG] [mixin/]: Mixing item.wearable.snowshoes.LivingEntityMixin from mixins.artifacts.forge.json into net.minecraft.world.entity.LivingEntity
[17Jun2025 01:45:31.424] [main/DEBUG] [mixin/]: Mixing accessors.entity.AccessorLivingEntity from bookshelf.common.mixins.json into net.minecraft.world.entity.LivingEntity
[17Jun2025 01:45:31.427] [main/DEBUG] [mixin/]: Mixing patches.entity.MixinLivingEntity from bookshelf.common.mixins.json into net.minecraft.world.entity.LivingEntity
[17Jun2025 01:45:31.431] [main/DEBUG] [mixin/]: Mixing PharaohKilledMixin from betterdeserttemples.mixins.json into net.minecraft.world.entity.LivingEntity
[17Jun2025 01:45:31.431] [main/DEBUG] [mixin/]: Renaming synthetic method lambda$betterdeserttemples_pharaohDie$0(Lnet/minecraft/server/level/ServerLevel;Lnet/minecraft/server/level/ServerPlayer;)V to md2eb031$lambda$betterdeserttemples_pharaohDie$0$0 in betterdeserttemples.mixins.json:PharaohKilledMixin
[17Jun2025 01:45:31.456] [main/DEBUG] [mixin/]: Mixing LivingEntityAccessor from supplementaries-common.mixins.json into net.minecraft.world.entity.LivingEntity
[17Jun2025 01:45:31.456] [main/DEBUG] [mixin/]: Mixing LivingEntityMixin from supplementaries-common.mixins.json into net.minecraft.world.entity.LivingEntity
[17Jun2025 01:45:31.477] [main/DEBUG] [mixin/]: Mixing LivingEntityMixin from supplementaries.mixins.json into net.minecraft.world.entity.LivingEntity
[17Jun2025 01:45:31.481] [main/DEBUG] [mixin/]: Mixing LivingEntityMixin from alexscaves.mixins.json into net.minecraft.world.entity.LivingEntity
[17Jun2025 01:45:31.494] [main/DEBUG] [mixin/]: Mixing MixinLivingEntity from curios.mixins.json into net.minecraft.world.entity.LivingEntity
[17Jun2025 01:45:31.500] [main/DEBUG] [mixin/]: Mixing LivingEntityMixin from tombstone.mixins.json into net.minecraft.world.entity.LivingEntity
[17Jun2025 01:45:31.516] [main/DEBUG] [mixin/]: Mixing swimming.LivingEntityMixin from expandability.mixins.json into net.minecraft.world.entity.LivingEntity
[17Jun2025 01:45:31.519] [main/DEBUG] [mixin/]: Mixing swimming.LivingEntityMixin from expandability-common.mixins.json into net.minecraft.world.entity.LivingEntity
[17Jun2025 01:45:31.781] [main/DEBUG] [mixin/]: Mixing LevelMixin from citadel.mixins.json into net.minecraft.world.level.Level
[17Jun2025 01:45:31.848] [main/DEBUG] [mixin/]: Mixing ServerAddEntityMixin from cupboard.mixins.json into net.minecraft.server.level.ServerLevel
[17Jun2025 01:45:31.861] [main/DEBUG] [mixin/]: Mixing ServerLevelMixin from betterendisland.mixins.json into net.minecraft.server.level.ServerLevel
[17Jun2025 01:45:31.877] [main/DEBUG] [mixin/]: Mixing accessor.ServerLevelAccessor from yungscavebiomes.mixins.json into net.minecraft.server.level.ServerLevel
[17Jun2025 01:45:31.877] [main/DEBUG] [mixin/]: Mixing lost_caves.ServerLevelMixin from yungscavebiomes.mixins.json into net.minecraft.server.level.ServerLevel
[17Jun2025 01:45:31.878] [main/DEBUG] [mixin/]: Renaming synthetic method lambda$yungscavebiomes_initSandstorm$1()Lcom/yungnickyoung/minecraft/yungscavebiomes/sandstorm/SandstormServerData; to md2eb031$lambda$yungscavebiomes_initSandstorm$1$0 in yungscavebiomes.mixins.json:lost_caves.ServerLevelMixin
[17Jun2025 01:45:31.878] [main/DEBUG] [mixin/]: Renaming synthetic method lambda$yungscavebiomes_initSandstorm$0(Lnet/minecraft/nbt/CompoundTag;)Lcom/yungnickyoung/minecraft/yungscavebiomes/sandstorm/SandstormServerData; to md2eb031$lambda$yungscavebiomes_initSandstorm$0$1 in yungscavebiomes.mixins.json:lost_caves.ServerLevelMixin
[17Jun2025 01:45:31.881] [main/DEBUG] [mixin/]: Mixing ServerLevelMixin from citadel.mixins.json into net.minecraft.server.level.ServerLevel
[17Jun2025 01:45:31.883] [main/DEBUG] [mixin/]: Mixing ServerLevelMixin from betterdeserttemples.mixins.json into net.minecraft.server.level.ServerLevel
[17Jun2025 01:45:31.884] [main/DEBUG] [mixin/]: Mixing ServerLevelMixin from supplementaries-common.mixins.json into net.minecraft.server.level.ServerLevel
[17Jun2025 01:45:31.886] [main/DEBUG] [mixin/]: Renaming synthetic method lambda$unluckyLightning$0(Lnet/minecraft/world/entity/LivingEntity;)Z to md2eb031$lambda$unluckyLightning$0$2 in supplementaries-common.mixins.json:ServerLevelMixin
[17Jun2025 01:45:31.894] [main/DEBUG] [mixin/]: Mixing ServerLevelMixin from moonlight-common.mixins.json into net.minecraft.server.level.ServerLevel
[17Jun2025 01:45:31.894] [main/DEBUG] [mixin/]: Discarding sythetic bridge method synthetic in m_6325_ because existing method in moonlight-common.mixins.json:ServerLevelMixin is compatible
[17Jun2025 01:45:31.900] [main/DEBUG] [mixin/]: Mixing EndergeticExpansionMixins from betterendisland.mixins.json into net.minecraft.server.level.ServerLevel
[17Jun2025 01:45:31.985] [main/DEBUG] [mixin/]: Mixing PlayerMixin from carryon.mixins.json into net.minecraft.world.entity.player.Player
[17Jun2025 01:45:31.987] [main/DEBUG] [mixin/]: Mixing PlayerMixin from supplementaries-common.mixins.json into net.minecraft.world.entity.player.Player
[17Jun2025 01:45:31.989] [main/DEBUG] [mixin/]: Mixing PlayerProjectileMixin from supplementaries.mixins.json into net.minecraft.world.entity.player.Player
[17Jun2025 01:45:31.992] [main/DEBUG] [mixin/]: Mixing PlayerMixin from alexscaves.mixins.json into net.minecraft.world.entity.player.Player
[17Jun2025 01:45:31.999] [main/DEBUG] [mixin/]: Mixing swimming.PlayerMixin from expandability-common.mixins.json into net.minecraft.world.entity.player.Player
[17Jun2025 01:45:32.058] [main/DEBUG] [mixin/]: Mixing inject.MixinFluid from architectury-common.mixins.json into net.minecraft.world.level.material.Fluid
[17Jun2025 01:45:32.064] [main/DEBUG] [mixin/]: Mixing accessors.item.AccessorItem from bookshelf.common.mixins.json into net.minecraft.world.item.Item
[17Jun2025 01:45:32.064] [main/DEBUG] [mixin/]: Mixing ItemMixin from moonlight-common.mixins.json into net.minecraft.world.item.Item
[17Jun2025 01:45:32.067] [main/DEBUG] [mixin/]: Mixing ItemMixin from tombstone.mixins.json into net.minecraft.world.item.Item
[17Jun2025 01:45:32.068] [main/DEBUG] [mixin/]: Renaming synthetic method lambda$methodIsFoil$1(Lnet/minecraft/world/item/ItemStack;Lovh/corail/tombstone/api/capability/ISoulConsumer;)Ljava/lang/Boolean; to md2eb031$lambda$methodIsFoil$1$0 in tombstone.mixins.json:ItemMixin
[17Jun2025 01:45:32.068] [main/DEBUG] [mixin/]: Renaming synthetic method lambda$methodGetName$0(Lnet/minecraft/world/item/ItemStack;Lovh/corail/tombstone/api/capability/ISoulConsumer;)Ljava/lang/Boolean; to md2eb031$lambda$methodGetName$0$1 in tombstone.mixins.json:ItemMixin
[17Jun2025 01:45:32.078] [main/DEBUG] [mixin/]: Mixing inject.MixinItem from architectury-common.mixins.json into net.minecraft.world.item.Item
[17Jun2025 01:45:32.112] [main/DEBUG] [net.minecraftforge.coremod.transformer.CoreModBaseTransformer/COREMOD]: Transforming net/minecraft/world/entity/EntityType
[17Jun2025 01:45:32.166] [main/DEBUG] [mixin/]: Mixing inject.MixinEntityType from architectury-common.mixins.json into net.minecraft.world.entity.EntityType
[17Jun2025 01:45:32.191] [main/DEBUG] [mixin/]: Mixing ChunkStatusMixin from alexscaves.mixins.json into net.minecraft.world.level.chunk.ChunkStatus
[17Jun2025 01:45:32.211] [main/DEBUG] [mixin/]: Mixing PoiMixin from moonlight-common.mixins.json into net.minecraft.world.entity.ai.village.poi.PoiType
[17Jun2025 01:45:32.267] [main/DEBUG] [mixin/]: Mixing FireBlockMixin from supplementaries-common.mixins.json into net.minecraft.world.level.block.FireBlock
[17Jun2025 01:45:32.271] [main/DEBUG] [mixin/]: Mixing FireBlockAccessor from supplementaries.mixins.json into net.minecraft.world.level.block.FireBlock
[17Jun2025 01:45:32.272] [main/DEBUG] [mixin/]: Mixing FireBlockMixin from moonlight.mixins.json into net.minecraft.world.level.block.FireBlock
[17Jun2025 01:45:32.531] [main/DEBUG] [net.minecraftforge.coremod.transformer.CoreModBaseTransformer/COREMOD]: Transforming net/minecraft/world/level/block/LiquidBlock
[17Jun2025 01:45:32.531] [main/DEBUG] [mixin/]: Mixing inject.MixinLiquidBlock from architectury-common.mixins.json into net.minecraft.world.level.block.LiquidBlock
[17Jun2025 01:45:32.549] [main/DEBUG] [mixin/]: Mixing accessor.DispenserBlockAccessor from moonlight-common.mixins.json into net.minecraft.world.level.block.DispenserBlock
[17Jun2025 01:45:32.550] [main/DEBUG] [mixin/]: Renaming @Accessor method getDispenserRegistry()Ljava/util/Map; to getDispenserRegistry_$md$2eb031$0 in moonlight-common.mixins.json:accessor.DispenserBlockAccessor
[17Jun2025 01:45:32.562] [main/DEBUG] [mixin/]: Mixing lost_caves.DeadBushBlockMixin from yungscavebiomes.mixins.json into net.minecraft.world.level.block.DeadBushBlock
[17Jun2025 01:45:32.577] [main/DEBUG] [net.minecraftforge.coremod.transformer.CoreModBaseTransformer/COREMOD]: Transforming net/minecraft/world/level/block/StairBlock
[17Jun2025 01:45:32.585] [main/DEBUG] [mixin/]: Mixing ChestBlockMixin from tombstone.mixins.json into net.minecraft.world.level.block.ChestBlock
[17Jun2025 01:45:32.603] [main/DEBUG] [mixin/]: Mixing CropBlockMixin from balm.mixins.json into net.minecraft.world.level.block.CropBlock
[17Jun2025 01:45:32.648] [main/DEBUG] [mixin/]: Mixing lost_caves.CactusBlockMixin from yungscavebiomes.mixins.json into net.minecraft.world.level.block.CactusBlock
[17Jun2025 01:45:32.669] [main/DEBUG] [mixin/]: Mixing IronBarsBlockMixin from supplementaries-common.mixins.json into net.minecraft.world.level.block.IronBarsBlock
[17Jun2025 01:45:32.679] [main/DEBUG] [mixin/]: Mixing StemBlockMixin from balm.mixins.json into net.minecraft.world.level.block.StemBlock
[17Jun2025 01:45:32.690] [main/DEBUG] [mixin/]: Mixing accessor.AbstractCauldronBlockAccessor from yungscavebiomes.mixins.json into net.minecraft.world.level.block.AbstractCauldronBlock
[17Jun2025 01:45:32.691] [main/DEBUG] [mixin/]: Mixing frosted_caves.AbstractCauldronBlockMixin from yungscavebiomes.mixins.json into net.minecraft.world.level.block.AbstractCauldronBlock
[17Jun2025 01:45:32.709] [main/DEBUG] [net.minecraftforge.coremod.transformer.CoreModBaseTransformer/COREMOD]: Transforming net/minecraft/world/level/block/FlowerPotBlock
[17Jun2025 01:45:32.724] [main/DEBUG] [mixin/]: Mixing ComparatorBlockMixin from supplementaries-common.mixins.json into net.minecraft.world.level.block.ComparatorBlock
[17Jun2025 01:45:32.751] [main/DEBUG] [mixin/]: Mixing ObserverBlockMixin from supplementaries-common.mixins.json into net.minecraft.world.level.block.ObserverBlock
[17Jun2025 01:45:32.774] [main/DEBUG] [mixin/]: Mixing swimming.BubbleColumnBlockMixin from expandability-common.mixins.json into net.minecraft.world.level.block.BubbleColumnBlock
[17Jun2025 01:45:32.791] [main/DEBUG] [mixin/]: Mixing CampfireBlockMixin from supplementaries-common.mixins.json into net.minecraft.world.level.block.CampfireBlock
[17Jun2025 01:45:32.815] [main/DEBUG] [mixin/]: Mixing MixinPowderSnowBlock from curios.mixins.json into net.minecraft.world.level.block.PowderSnowBlock
[17Jun2025 01:45:33.202] [main/DEBUG] [mixin/]: Mixing WaterFluidMixin from betterchunkloading.mixins.json into net.minecraft.world.level.material.WaterFluid
[17Jun2025 01:45:33.205] [main/DEBUG] [mixin/]: Mixing FlowingFluidMixin from alexscaves.mixins.json into net.minecraft.world.level.material.FlowingFluid
[17Jun2025 01:45:33.211] [main/DEBUG] [mixin/]: Mixing LavaFluidMixin from betterchunkloading.mixins.json into net.minecraft.world.level.material.LavaFluid
[17Jun2025 01:45:33.313] [main/DEBUG] [mixin/]: Mixing BlockEntityMixin from collective_forge.mixins.json into net.minecraft.world.level.block.entity.BlockEntity
[17Jun2025 01:45:33.325] [main/DEBUG] [mixin/]: Mixing accessor.BrushableBlockEntityAccessor from yungscavebiomes.mixins.json into net.minecraft.world.level.block.entity.BrushableBlockEntity
[17Jun2025 01:45:33.326] [main/DEBUG] [mixin/]: Mixing BrushableBlockEntityMixin from tombstone.mixins.json into net.minecraft.world.level.block.entity.BrushableBlockEntity
[17Jun2025 01:45:33.342] [main/DEBUG] [mixin/]: Mixing FallingBlockEntityMixin from supplementaries-common.mixins.json into net.minecraft.world.entity.item.FallingBlockEntity
[17Jun2025 01:45:33.343] [main/DEBUG] [mixin/]: Mixing FallingBlockEntityMixin from alexscaves.mixins.json into net.minecraft.world.entity.item.FallingBlockEntity
[17Jun2025 01:45:33.345] [main/DEBUG] [mixin/]: Mixing MixinFallingBlockEntity from architectury.mixins.json into net.minecraft.world.entity.item.FallingBlockEntity
[17Jun2025 01:45:33.404] [main/DEBUG] [mixin/]: Mixing accessor.DispenserBlockEntityAccessor from moonlight-common.mixins.json into net.minecraft.world.level.block.entity.DispenserBlockEntity
[17Jun2025 01:45:33.408] [main/DEBUG] [mixin/]: Mixing patches.block.entity.MixinBaseContainerBlockEntity from bookshelf.forge.mixins.json into net.minecraft.world.level.block.entity.BaseContainerBlockEntity
[17Jun2025 01:45:33.566] [main/DEBUG] [mixin/]: Mixing PistonBlockEntityMixin from moonlight-common.mixins.json into net.minecraft.world.level.block.piston.PistonMovingBlockEntity
[17Jun2025 01:45:33.784] [main/DEBUG] [mixin/]: Mixing accessors.inventory.AccessorCraftingMenu from bookshelf.common.mixins.json into net.minecraft.world.inventory.CraftingMenu
[17Jun2025 01:45:33.798] [main/DEBUG] [mixin/]: Mixing accessors.block.entity.AccessorSignBlockEntity from bookshelf.common.mixins.json into net.minecraft.world.level.block.entity.SignBlockEntity
[17Jun2025 01:45:33.862] [main/DEBUG] [mixin/]: Mixing accessor.AbstractArrowAccessor from yungscavebiomes.mixins.json into net.minecraft.world.entity.projectile.AbstractArrow
[17Jun2025 01:45:33.863] [main/DEBUG] [mixin/]: Mixing frosted_caves.AbstractArrowMixin from yungscavebiomes.mixins.json into net.minecraft.world.entity.projectile.AbstractArrow
[17Jun2025 01:45:33.869] [main/DEBUG] [mixin/]: Mixing AbstractArrowMixin from supplementaries-common.mixins.json into net.minecraft.world.entity.projectile.AbstractArrow
[17Jun2025 01:45:33.870] [main/DEBUG] [mixin/]: Mixing AbstractArrowMixin from alexscaves.mixins.json into net.minecraft.world.entity.projectile.AbstractArrow
[17Jun2025 01:45:33.904] [main/DEBUG] [mixin/]: Mixing debug.MobAccessor from yungscavebiomes.mixins.json into net.minecraft.world.entity.Mob
[17Jun2025 01:45:33.905] [main/DEBUG] [mixin/]: Mixing accessors.MobAccessor from mixins.artifacts.common.json into net.minecraft.world.entity.Mob
[17Jun2025 01:45:33.905] [main/DEBUG] [mixin/]: Mixing accessors.entity.AccessorMob from bookshelf.common.mixins.json into net.minecraft.world.entity.Mob
[17Jun2025 01:45:33.905] [main/DEBUG] [mixin/]: Mixing MobRememberSpawnReasonMixin from takesapillage.mixins.json into net.minecraft.world.entity.Mob
[17Jun2025 01:45:33.907] [main/DEBUG] [mixin/]: Mixing MobMixin from alexscaves.mixins.json into net.minecraft.world.entity.Mob
[17Jun2025 01:45:33.908] [main/DEBUG] [mixin/]: Mixing EntityMixin from moonlight-common.mixins.json into net.minecraft.world.entity.Mob
[17Jun2025 01:45:33.908] [main/DEBUG] [mixin/]: Mixing MobMixin from tombstone.mixins.json into net.minecraft.world.entity.Mob
[17Jun2025 01:45:33.909] [main/DEBUG] [mixin/]: Renaming synthetic method lambda$methodSetTarget$2(Lnet/minecraft/world/entity/LivingEntity;Ljava/util/UUID;)Ljava/lang/Boolean; to md2eb031$lambda$methodSetTarget$2$0 in tombstone.mixins.json:MobMixin
[17Jun2025 01:45:33.909] [main/DEBUG] [mixin/]: Renaming synthetic method lambda$methodCanBeLeashed$1(Lnet/minecraft/world/entity/player/Player;Ljava/util/UUID;)Ljava/lang/Boolean; to md2eb031$lambda$methodCanBeLeashed$1$1 in tombstone.mixins.json:MobMixin
[17Jun2025 01:45:33.910] [main/DEBUG] [mixin/]: Renaming synthetic method lambda$methodTick$0(Lnet/minecraft/world/entity/Mob;Lovh/corail/tombstone/api/capability/ISpellCaster;)V to md2eb031$lambda$methodTick$0$2 in tombstone.mixins.json:MobMixin
[17Jun2025 01:45:33.922] [main/DEBUG] [mixin/]: Unexpected: Registered method getGoalSelector()Lnet/minecraft/world/entity/ai/goal/GoalSelector; in net.minecraft.world.entity.Mob was not merged
[17Jun2025 01:45:33.960] [main/DEBUG] [mixin/]: Mixing MonsterMixin from alexscaves.mixins.json into net.minecraft.world.entity.monster.Monster
[17Jun2025 01:45:33.963] [main/DEBUG] [mixin/]: Mixing MonsterMixin from tombstone.mixins.json into net.minecraft.world.entity.monster.Monster
[17Jun2025 01:45:34.010] [main/DEBUG] [net.minecraftforge.coremod.transformer.CoreModBaseTransformer/COREMOD]: Transforming net/minecraft/world/item/ItemStack
[17Jun2025 01:45:34.011] [main/DEBUG] [mixin/]: Mixing nbt.ItemStackMixin from recipeessentials.mixins.json into net.minecraft.world.item.ItemStack
[17Jun2025 01:45:34.011] [main/DEBUG] [mixin/]: Mixing ItemStackMixin from tombstone.mixins.json into net.minecraft.world.item.ItemStack
[17Jun2025 01:45:34.207] [main/DEBUG] [mixin/]: Mixing TheEndGatewayBlockEntityMixin from betterendisland.mixins.json into net.minecraft.world.level.block.entity.TheEndGatewayBlockEntity
[17Jun2025 01:45:34.215] [main/DEBUG] [mixin/]: Mixing ShulkerBoxBlockEntityMixin from supplementaries-common.mixins.json into net.minecraft.world.level.block.entity.ShulkerBoxBlockEntity
[17Jun2025 01:45:34.504] [main/DEBUG] [mixin/]: Mixing LoomMenuMixin from supplementaries-common.mixins.json into net.minecraft.world.inventory.LoomMenu
[17Jun2025 01:45:34.512] [main/DEBUG] [mixin/]: Mixing CartographyTableMixin from supplementaries-common.mixins.json into net.minecraft.world.inventory.CartographyTableMenu
[17Jun2025 01:45:34.519] [main/DEBUG] [mixin/]: Mixing GrindstoneMenuMixin from supplementaries-common.mixins.json into net.minecraft.world.inventory.GrindstoneMenu
[17Jun2025 01:45:34.526] [main/DEBUG] [mixin/]: Mixing SmithingMenuMixin from citadel.mixins.json into net.minecraft.world.inventory.SmithingMenu
[17Jun2025 01:45:34.637] [main/DEBUG] [mixin/]: Mixing patches.entity.MixinLightningBolt from bookshelf.common.mixins.json into net.minecraft.world.entity.LightningBolt
[17Jun2025 01:45:34.639] [main/DEBUG] [mixin/]: Mixing LightningEntityMixin from moonlight-common.mixins.json into net.minecraft.world.entity.LightningBolt
[17Jun2025 01:45:34.639] [main/DEBUG] [mixin/]: Mixing MixinLightningBolt from architectury-common.mixins.json into net.minecraft.world.entity.LightningBolt
[17Jun2025 01:45:34.751] [main/DEBUG] [net.minecraftforge.coremod.transformer.CoreModBaseTransformer/COREMOD]: Transforming net/minecraft/world/entity/animal/frog/Tadpole
[17Jun2025 01:45:34.780] [main/DEBUG] [mixin/]: Mixing BlockItemMixin from moonlight-common.mixins.json into net.minecraft.world.item.BlockItem
[17Jun2025 01:45:34.792] [main/DEBUG] [mixin/]: Mixing BowMixin from supplementaries-common.mixins.json into net.minecraft.world.item.BowItem
[17Jun2025 01:45:34.793] [main/DEBUG] [mixin/]: Renaming synthetic method lambda$getAllSupportedProjectiles$0(Ljava/util/function/Predicate;Lnet/minecraft/world/item/ItemStack;)Z to md2eb031$lambda$getAllSupportedProjectiles$0$0 in supplementaries-common.mixins.json:BowMixin
[17Jun2025 01:45:34.796] [main/DEBUG] [mixin/]: Mixing ProjectileWeaponItemMixin from supplementaries-common.mixins.json into net.minecraft.world.item.ProjectileWeaponItem
[17Jun2025 01:45:34.807] [main/DEBUG] [mixin/]: Mixing PaintingItemMixin from supplementaries-common.mixins.json into net.minecraft.world.item.HangingEntityItem
[17Jun2025 01:45:34.814] [main/DEBUG] [net.minecraftforge.coremod.transformer.CoreModBaseTransformer/COREMOD]: Transforming net/minecraft/world/item/BucketItem
[17Jun2025 01:45:34.815] [main/DEBUG] [mixin/]: Mixing inject.MixinBucketItem from architectury-common.mixins.json into net.minecraft.world.item.BucketItem
[17Jun2025 01:45:34.820] [main/DEBUG] [mixin/]: Mixing MobBucketItemAccessor from supplementaries.mixins.json into net.minecraft.world.item.MobBucketItem
[17Jun2025 01:45:34.824] [main/DEBUG] [mixin/]: Mixing BundleItemMixin from tombstone.mixins.json into net.minecraft.world.item.BundleItem
[17Jun2025 01:45:34.825] [main/DEBUG] [mixin/]: Renaming synthetic method lambda$getEnchantmentLevel$0(Lnet/minecraft/world/item/ItemStack;Lovh/corail/tombstone/api/capability/ISoulConsumer;)Ljava/lang/Boolean; to md2eb031$lambda$getEnchantmentLevel$0$0 in tombstone.mixins.json:BundleItemMixin
[17Jun2025 01:45:34.828] [main/DEBUG] [mixin/]: Mixing item.wearable.anglershat.FishingRodItemMixin from mixins.artifacts.common.json into net.minecraft.world.item.FishingRodItem
[17Jun2025 01:45:34.833] [main/DEBUG] [mixin/]: Mixing InkSackMixin from supplementaries-common.mixins.json into net.minecraft.world.item.InkSacItem
[17Jun2025 01:45:34.836] [main/DEBUG] [mixin/]: Mixing BoneMealItemMixin from collective_forge.mixins.json into net.minecraft.world.item.BoneMealItem
[17Jun2025 01:45:34.841] [main/DEBUG] [mixin/]: Mixing MapItemMixin from supplementaries-common.mixins.json into net.minecraft.world.item.MapItem
[17Jun2025 01:45:34.845] [main/DEBUG] [mixin/]: Renaming synthetic method lambda$updateCustomColor$3(Lorg/joml/Vector2i;)D to md2eb031$lambda$updateCustomColor$3$0 in supplementaries-common.mixins.json:MapItemMixin
[17Jun2025 01:45:34.846] [main/DEBUG] [mixin/]: Renaming synthetic method lambda$updateCustomColor$2(Lorg/joml/Vector2i;)D to md2eb031$lambda$updateCustomColor$2$1 in supplementaries-common.mixins.json:MapItemMixin
[17Jun2025 01:45:34.846] [main/DEBUG] [mixin/]: Renaming synthetic method lambda$removeXrayAndAddAccurateColor$1(Lnet/minecraft/core/BlockPos;Lorg/joml/Vector2i;)Lcom/mojang/datafixers/util/Pair; to md2eb031$lambda$removeXrayAndAddAccurateColor$1$2 in supplementaries-common.mixins.json:MapItemMixin
[17Jun2025 01:45:34.846] [main/DEBUG] [mixin/]: Renaming synthetic method lambda$removeXrayAndAddAccurateColor$0(Lorg/joml/Vector2i;)Ljava/util/List; to md2eb031$lambda$removeXrayAndAddAccurateColor$0$3 in supplementaries-common.mixins.json:MapItemMixin
[17Jun2025 01:45:34.857] [main/DEBUG] [mixin/]: Mixing MapItemMixin from moonlight-common.mixins.json into net.minecraft.world.item.MapItem
[17Jun2025 01:45:34.858] [main/DEBUG] [mixin/]: Renaming synthetic method lambda$update$1(Lnet/minecraft/world/level/saveddata/maps/MapItemSavedData;Lnet/minecraft/world/entity/Entity;Ljava/util/concurrent/atomic/AtomicBoolean;Lnet/minecraft/resources/ResourceLocation;Lnet/mehvahdjukaar/moonlight/api/map/CustomMapData;)V to md2eb031$lambda$update$1$4 in moonlight-common.mixins.json:MapItemMixin
[17Jun2025 01:45:34.858] [main/DEBUG] [mixin/]: Renaming synthetic method lambda$appendHoverText$0(Lnet/minecraft/world/level/saveddata/maps/MapItemSavedData;Lnet/minecraft/world/item/ItemStack;Ljava/util/List;Lnet/minecraft/resources/ResourceLocation;Lnet/mehvahdjukaar/moonlight/api/map/CustomMapData;)V to md2eb031$lambda$appendHoverText$0$5 in moonlight-common.mixins.json:MapItemMixin
[17Jun2025 01:45:34.900] [main/DEBUG] [mixin/]: Mixing ShearItemMixin from moonlight-common.mixins.json into net.minecraft.world.item.ShearsItem
[17Jun2025 01:45:34.901] [main/DEBUG] [mixin/]: Mixing MixinShearsItem from curios.mixins.json into net.minecraft.world.item.ShearsItem
[17Jun2025 01:45:34.907] [main/DEBUG] [mixin/]: Mixing PotionItemMixin from tombstone.mixins.json into net.minecraft.world.item.PotionItem
[17Jun2025 01:45:34.908] [main/DEBUG] [mixin/]: Renaming synthetic method lambda$methodFinishUsingItemReturn$1(Lnet/minecraft/world/entity/LivingEntity;Lovh/corail/tombstone/api/capability/ITBCapability;)V to md2eb031$lambda$methodFinishUsingItemReturn$1$0 in tombstone.mixins.json:PotionItemMixin
[17Jun2025 01:45:34.908] [main/DEBUG] [mixin/]: Renaming synthetic method lambda$effectList$0(Lnet/minecraft/world/effect/MobEffectInstance;)Ljava/lang/Integer; to md2eb031$lambda$effectList$0$1 in tombstone.mixins.json:PotionItemMixin
[17Jun2025 01:45:34.938] [main/DEBUG] [mixin/]: Mixing frosted_caves.CrossbowItemMixin from yungscavebiomes.mixins.json into net.minecraft.world.item.CrossbowItem
[17Jun2025 01:45:34.939] [main/DEBUG] [mixin/]: Renaming synthetic method lambda$yungscavebiomes_supportIciclesInCrossbows2$2(Lnet/minecraft/world/item/ItemStack;)Z to md2eb031$lambda$yungscavebiomes_supportIciclesInCrossbows2$2$0 in yungscavebiomes.mixins.json:frosted_caves.CrossbowItemMixin
[17Jun2025 01:45:34.939] [main/DEBUG] [mixin/]: Renaming synthetic method lambda$yungscavebiomes_supportIciclesInCrossbows$1(Lnet/minecraft/world/item/ItemStack;)Z to md2eb031$lambda$yungscavebiomes_supportIciclesInCrossbows$1$1 in yungscavebiomes.mixins.json:frosted_caves.CrossbowItemMixin
[17Jun2025 01:45:34.939] [main/DEBUG] [mixin/]: Renaming synthetic method lambda$yungscavebiomes_shootIcicleProjectile$0(Lnet/minecraft/world/InteractionHand;Lnet/minecraft/world/entity/LivingEntity;)V to md2eb031$lambda$yungscavebiomes_shootIcicleProjectile$0$2 in yungscavebiomes.mixins.json:frosted_caves.CrossbowItemMixin
[17Jun2025 01:45:34.948] [main/DEBUG] [mixin/]: Mixing CrossbowItemRopeMixin from supplementaries-common.mixins.json into net.minecraft.world.item.CrossbowItem
[17Jun2025 01:45:34.957] [main/DEBUG] [mixin/]: Mixing BannerPatternItemMixin from supplementaries-common.mixins.json into net.minecraft.world.item.BannerPatternItem
[17Jun2025 01:45:34.963] [main/DEBUG] [mixin/]: Mixing lost_caves.BrushItemMixin from yungscavebiomes.mixins.json into net.minecraft.world.item.BrushItem
[17Jun2025 01:45:34.963] [main/DEBUG] [mixin/]: Renaming synthetic method lambda$yungscavebiomes_brushSuspiciousAncientSand$0(Lnet/minecraft/world/entity/EquipmentSlot;Lnet/minecraft/world/entity/LivingEntity;)V to md2eb031$lambda$yungscavebiomes_brushSuspiciousAncientSand$0$0 in yungscavebiomes.mixins.json:lost_caves.BrushItemMixin
[17Jun2025 01:45:34.965] [main/DEBUG] [mixin/]: Mixing BrushItemMixin from supplementaries-common.mixins.json into net.minecraft.world.item.BrushItem
[17Jun2025 01:45:34.979] [main/DEBUG] [mixin/]: Mixing inject.MixinItemProperties from architectury-common.mixins.json into net.minecraft.world.item.Item$Properties
[17Jun2025 01:45:35.004] [main/DEBUG] [mixin/]: Mixing AbstractMinecartMixin from alexscaves.mixins.json into net.minecraft.world.entity.vehicle.AbstractMinecart
[17Jun2025 01:45:35.065] [main/DEBUG] [mixin/]: Mixing PlayerChunkDataMixin from betterchunkloading.mixins.json into net.minecraft.server.level.ServerPlayer
[17Jun2025 01:45:35.067] [main/DEBUG] [mixin/]: Mixing ServerPlayerMixin from betterendisland.mixins.json into net.minecraft.server.level.ServerPlayer
[17Jun2025 01:45:35.068] [main/DEBUG] [mixin/]: Mixing ServerPlayerEntityTickMixin from yungsapi.mixins.json into net.minecraft.server.level.ServerPlayer
[17Jun2025 01:45:35.069] [main/DEBUG] [mixin/]: Mixing ServerPlayerTickMixin from betterdeserttemples.mixins.json into net.minecraft.server.level.ServerPlayer
[17Jun2025 01:45:35.071] [main/DEBUG] [mixin/]: Mixing ServerPlayerMixin from moonlight-common.mixins.json into net.minecraft.server.level.ServerPlayer
[17Jun2025 01:45:35.072] [main/DEBUG] [mixin/]: Mixing ServerPlayerChunkSending from chunksending.mixins.json into net.minecraft.server.level.ServerPlayer
[17Jun2025 01:45:35.072] [main/DEBUG] [mixin/]: Renaming synthetic method lambda$chunksending$update$0(Ljava/util/Map$Entry;)D to md2eb031$lambda$chunksending$update$0$0 in chunksending.mixins.json:ServerPlayerChunkSending
[17Jun2025 01:45:35.075] [main/DEBUG] [mixin/]: Mixing ServerPlayerMixin from tombstone.mixins.json into net.minecraft.server.level.ServerPlayer
[17Jun2025 01:45:35.098] [main/DEBUG] [mixin/]: Mixing PathRecomputeChunkLoadPrevention from betterchunkloading.mixins.json into net.minecraft.world.entity.ai.navigation.PathNavigation
[17Jun2025 01:45:35.421] [main/DEBUG] [mixin/]: Mixing LegacyRandomSourceMixin from structureessentials.mixins.json into net.minecraft.world.level.levelgen.LegacyRandomSource
[17Jun2025 01:45:35.497] [main/DEBUG] [mixin/]: Mixing nbt.CompoundNBTMixin from recipeessentials.mixins.json into net.minecraft.nbt.CompoundTag
[17Jun2025 01:45:36.086] [main/DEBUG] [mixin/]: Mixing accessor.ArrowAccessor from yungscavebiomes.mixins.json into net.minecraft.world.entity.projectile.Arrow
[17Jun2025 01:45:36.097] [main/DEBUG] [mixin/]: Mixing ExperienceOrbAccess from clumps.mixins.json into net.minecraft.world.entity.ExperienceOrb
[17Jun2025 01:45:36.097] [main/DEBUG] [mixin/]: Mixing MixinExperienceOrb from clumps.mixins.json into net.minecraft.world.entity.ExperienceOrb
[17Jun2025 01:45:36.099] [main/DEBUG] [mixin/]: Renaming synthetic method lambda$clumps$resolve$7(Ljava/util/Map$Entry;)Ljava/lang/Integer; to md2eb031$lambda$clumps$resolve$7$0 in clumps.mixins.json:MixinExperienceOrb
[17Jun2025 01:45:36.099] [main/DEBUG] [mixin/]: Renaming synthetic method lambda$addAdditionalSaveData$6(Lnet/minecraft/nbt/CompoundTag;Ljava/lang/Integer;Ljava/lang/Integer;)V to md2eb031$lambda$addAdditionalSaveData$6$1 in clumps.mixins.json:MixinExperienceOrb
[17Jun2025 01:45:36.099] [main/DEBUG] [mixin/]: Renaming synthetic method lambda$tryMergeToExisting$5(Ljava/util/Map;)Ljava/util/stream/Stream; to md2eb031$lambda$tryMergeToExisting$5$2 in clumps.mixins.json:MixinExperienceOrb
[17Jun2025 01:45:36.100] [main/DEBUG] [mixin/]: Renaming synthetic method lambda$tryMergeToExisting$4(IILnet/minecraft/world/entity/ExperienceOrb;)Z to md2eb031$lambda$tryMergeToExisting$4$3 in clumps.mixins.json:MixinExperienceOrb
[17Jun2025 01:45:36.100] [main/DEBUG] [mixin/]: Renaming synthetic method lambda$merge$3(Ljava/util/Map;)Ljava/util/stream/Stream; to md2eb031$lambda$merge$3$4 in clumps.mixins.json:MixinExperienceOrb
[17Jun2025 01:45:36.100] [main/DEBUG] [mixin/]: Renaming synthetic method lambda$clumps$repairPlayerItems$2(ILnet/minecraft/world/entity/player/Player;Lnet/minecraft/world/item/ItemStack;)Ljava/lang/Integer; to md2eb031$lambda$clumps$repairPlayerItems$2$5 in clumps.mixins.json:MixinExperienceOrb
[17Jun2025 01:45:36.101] [main/DEBUG] [mixin/]: Renaming synthetic method lambda$clumps$repairPlayerItems$1(Lnet/minecraft/world/item/ItemStack;Ljava/lang/Integer;)Ljava/lang/Float; to md2eb031$lambda$clumps$repairPlayerItems$1$6 in clumps.mixins.json:MixinExperienceOrb
[17Jun2025 01:45:36.101] [main/DEBUG] [mixin/]: Renaming synthetic method lambda$playerTouch$0(Lnet/minecraft/world/entity/player/Player;Ljava/util/concurrent/atomic/AtomicInteger;Ljava/lang/Integer;Ljava/lang/Integer;)V to md2eb031$lambda$playerTouch$0$7 in clumps.mixins.json:MixinExperienceOrb
[17Jun2025 01:45:36.140] [main/DEBUG] [mixin/]: Mixing BeeGoalMixin from moonlight-common.mixins.json into net.minecraft.world.entity.animal.Bee$BeeGrowCropGoal
[17Jun2025 01:45:36.149] [main/DEBUG] [mixin/]: Mixing HurtByTargetGoalMixin from tombstone.mixins.json into net.minecraft.world.entity.ai.goal.target.HurtByTargetGoal
[17Jun2025 01:45:36.151] [main/DEBUG] [mixin/]: Mixing accessor.TargetGoalAccessor from tombstone.mixins.json into net.minecraft.world.entity.ai.goal.target.TargetGoal
[17Jun2025 01:45:36.172] [main/DEBUG] [mixin/]: Mixing AbstractHorseMixin from supplementaries-common.mixins.json into net.minecraft.world.entity.animal.horse.AbstractHorse
[17Jun2025 01:45:36.200] [main/DEBUG] [mixin/]: Mixing CatSitOnBlockGoalMixin from supplementaries-common.mixins.json into net.minecraft.world.entity.ai.goal.CatSitOnBlockGoal
[17Jun2025 01:45:36.206] [main/DEBUG] [net.minecraftforge.coremod.transformer.CoreModBaseTransformer/COREMOD]: Transforming net/minecraft/world/entity/monster/Spider
[17Jun2025 01:45:36.221] [main/DEBUG] [mixin/]: Mixing frosted_caves.SkeletonMixin from yungscavebiomes.mixins.json into net.minecraft.world.entity.monster.Skeleton
[17Jun2025 01:45:36.222] [main/DEBUG] [mixin/]: Mixing SkeletonMixin from supplementaries-common.mixins.json into net.minecraft.world.entity.monster.Skeleton
[17Jun2025 01:45:36.230] [main/DEBUG] [mixin/]: Mixing AbstractSkeletonMixin from supplementaries-common.mixins.json into net.minecraft.world.entity.monster.AbstractSkeleton
[17Jun2025 01:45:36.258] [main/DEBUG] [mixin/]: Mixing CreeperMixin from supplementaries-common.mixins.json into net.minecraft.world.entity.monster.Creeper
[17Jun2025 01:45:36.278] [main/DEBUG] [net.minecraftforge.coremod.transformer.CoreModBaseTransformer/COREMOD]: Transforming net/minecraft/world/entity/monster/Zombie
[17Jun2025 01:45:36.325] [main/DEBUG] [net.minecraftforge.coremod.transformer.CoreModBaseTransformer/COREMOD]: Transforming net/minecraft/world/entity/monster/ZombieVillager
[17Jun2025 01:45:36.371] [main/DEBUG] [mixin/]: Mixing EndermanMixin from supplementaries-common.mixins.json into net.minecraft.world.entity.monster.EnderMan
[17Jun2025 01:45:36.380] [main/DEBUG] [mixin/]: Mixing EvokerMixin from supplementaries-common.mixins.json into net.minecraft.world.entity.monster.Evoker
[17Jun2025 01:45:36.393] [main/DEBUG] [net.minecraftforge.coremod.transformer.CoreModBaseTransformer/COREMOD]: Transforming net/minecraft/world/entity/monster/Evoker$EvokerSummonSpellGoal
[17Jun2025 01:45:36.408] [main/DEBUG] [mixin/]: Mixing FixBlockPlaceContextMixin from moonlight-common.mixins.json into net.minecraft.world.item.context.BlockPlaceContext
[17Jun2025 01:45:36.427] [main/DEBUG] [mixin/]: Mixing FrogMixin from alexscaves.mixins.json into net.minecraft.world.entity.animal.frog.Frog
[17Jun2025 01:45:36.480] [main/DEBUG] [mixin/]: Mixing SlimeMixin from supplementaries-common.mixins.json into net.minecraft.world.entity.monster.Slime
[17Jun2025 01:45:36.538] [main/DEBUG] [mixin/]: Mixing frosted_caves.ThrownPotionMixin from yungscavebiomes.mixins.json into net.minecraft.world.entity.projectile.ThrownPotion
[17Jun2025 01:45:36.542] [main/DEBUG] [mixin/]: Mixing ThrownPotionMixin from moonlight-common.mixins.json into net.minecraft.world.entity.projectile.ThrownPotion
[17Jun2025 01:45:36.578] [main/DEBUG] [mixin/]: Mixing SkellyHorseMixin from supplementaries-common.mixins.json into net.minecraft.world.entity.animal.horse.SkeletonHorse
[17Jun2025 01:45:36.579] [main/DEBUG] [mixin/]: Renaming synthetic method lambda$tick$0(Ljava/lang/Integer;)V to md2eb031$lambda$tick$0$0 in supplementaries-common.mixins.json:SkellyHorseMixin
[17Jun2025 01:45:36.604] [main/DEBUG] [net.minecraftforge.coremod.transformer.CoreModBaseTransformer/COREMOD]: Transforming net/minecraft/world/entity/animal/horse/SkeletonTrapGoal
[17Jun2025 01:45:36.642] [main/DEBUG] [mixin/]: Mixing StrayMixin from supplementaries-common.mixins.json into net.minecraft.world.entity.monster.Stray
[17Jun2025 01:45:36.653] [main/DEBUG] [net.minecraftforge.coremod.transformer.CoreModBaseTransformer/COREMOD]: Transforming net/minecraft/world/entity/monster/Strider
[17Jun2025 01:45:36.710] [main/DEBUG] [mixin/]: Mixing FriendlyByteBufLimitMixin from connectivity.mixins.json into net.minecraft.network.FriendlyByteBuf
[17Jun2025 01:45:36.715] [main/DEBUG] [mixin/]: Mixing FriendlyByteBufMixin from supplementaries.mixins.json into net.minecraft.network.FriendlyByteBuf
[17Jun2025 01:45:36.787] [main/DEBUG] [mixin/]: Mixing ClayGolemSensorMixin from takesapillage.mixins.json into net.minecraft.world.entity.ai.sensing.GolemSensor
[17Jun2025 01:45:36.788] [main/DEBUG] [mixin/]: Renaming synthetic method lambda$checkForNearbyClayGolem$0(Lnet/minecraft/world/entity/LivingEntity;)Z to md2eb031$lambda$checkForNearbyClayGolem$0$0 in takesapillage.mixins.json:ClayGolemSensorMixin
[17Jun2025 01:45:36.811] [main/DEBUG] [mixin/]: Mixing ChunkAccessMixin from smoothchunk.mixins.json into net.minecraft.world.level.chunk.ChunkAccess
[17Jun2025 01:45:36.819] [main/DEBUG] [mixin/]: Mixing LevelChunkPostProcessMixin from betterchunkloading.mixins.json into net.minecraft.world.level.chunk.LevelChunk
[17Jun2025 01:45:36.849] [main/DEBUG] [mixin/]: Mixing ChunkSectionReadSkipMixin from connectivity.mixins.json into net.minecraft.world.level.chunk.LevelChunk
[17Jun2025 01:45:36.851] [main/DEBUG] [mixin/]: Mixing LevelChunkMixin from moonlight-common.mixins.json into net.minecraft.world.level.chunk.LevelChunk
[17Jun2025 01:45:36.892] [main/DEBUG] [net.minecraftforge.coremod.transformer.CoreModBaseTransformer/COREMOD]: Transforming net/minecraft/world/entity/npc/Villager
[17Jun2025 01:45:36.942] [main/DEBUG] [mixin/]: Mixing item.wearable.villagerhat.VillagerMixin from mixins.artifacts.common.json into net.minecraft.world.entity.npc.Villager
[17Jun2025 01:45:36.943] [main/DEBUG] [mixin/]: Mixing VillagerMixin from moonlight-common.mixins.json into net.minecraft.world.entity.npc.Villager
[17Jun2025 01:45:36.945] [main/DEBUG] [mixin/]: Mixing accessor.VillagerAccessor from tombstone.mixins.json into net.minecraft.world.entity.npc.Villager
[17Jun2025 01:45:36.946] [main/DEBUG] [mixin/]: Mixing VillagerAccessor from trade_cycling.mixins.json into net.minecraft.world.entity.npc.Villager
[17Jun2025 01:45:36.957] [main/DEBUG] [mixin/]: Mixing MerchantMenuAccessor from trade_cycling.mixins.json into net.minecraft.world.inventory.MerchantMenu
[17Jun2025 01:45:36.967] [main/DEBUG] [mixin/]: Mixing WanderingTraderMixin from supplementaries-common.mixins.json into net.minecraft.world.entity.npc.WanderingTrader
[17Jun2025 01:45:36.988] [main/DEBUG] [mixin/]: Mixing ZombieHorseMixin from supplementaries-common.mixins.json into net.minecraft.world.entity.animal.horse.ZombieHorse
[17Jun2025 01:45:37.018] [main/DEBUG] [mixin/]: Mixing inject.MixinFoodPropertiesBuilder from architectury-common.mixins.json into net.minecraft.world.food.FoodProperties$Builder
[17Jun2025 01:45:37.021] [main/DEBUG] [net.minecraftforge.coremod.transformer.CoreModBaseTransformer/COREMOD]: Transforming net/minecraft/world/effect/MobEffectInstance
[17Jun2025 01:45:37.022] [main/DEBUG] [mixin/]: Mixing accessors.effect.AccessorMobEffectInstance from bookshelf.common.mixins.json into net.minecraft.world.effect.MobEffectInstance
[17Jun2025 01:45:37.051] [main/DEBUG] [mixin/]: Mixing PlayerMovementNoUnloaded from betterchunkloading.mixins.json into net.minecraft.server.network.ServerGamePacketListenerImpl
[17Jun2025 01:45:37.052] [main/DEBUG] [mixin/]: Mixing item.umbrella.server.ServerGamePacketListenerImplMixin from mixins.artifacts.common.json into net.minecraft.server.network.ServerGamePacketListenerImpl
[17Jun2025 01:45:37.053] [main/DEBUG] [mixin/]: Mixing ServerGamePacketListenerMixin from supplementaries-common.mixins.json into net.minecraft.server.network.ServerGamePacketListenerImpl
[17Jun2025 01:45:37.053] [main/DEBUG] [mixin/]: Renaming synthetic method lambda$addAntiqueInk$0(Ljava/util/function/UnaryOperator;Ljava/lang/String;)Ljava/lang/String; to md2eb031$lambda$addAntiqueInk$0$0 in supplementaries-common.mixins.json:ServerGamePacketListenerMixin
[17Jun2025 01:45:37.055] [main/DEBUG] [mixin/]: Mixing ServerGamePacketListenerImplMixin from logprot.mixins.json into net.minecraft.server.network.ServerGamePacketListenerImpl
[17Jun2025 01:45:37.055] [main/DEBUG] [mixin/]: Mixing swimming.server.ServerGamePacketListenerImplMixin from expandability-common.mixins.json into net.minecraft.server.network.ServerGamePacketListenerImpl
[17Jun2025 01:45:37.056] [main/DEBUG] [mixin/]: Mixing ServerPlayNetHandlerMixin from connectivity.mixins.json into net.minecraft.server.network.ServerGamePacketListenerImpl
[17Jun2025 01:45:37.056] [main/DEBUG] [mixin/]: Renaming synthetic method lambda$on$0(Lnet/minecraft/network/chat/Component;)V to md2eb031$lambda$on$0$1 in connectivity.mixins.json:ServerPlayNetHandlerMixin
[17Jun2025 01:45:37.082] [main/DEBUG] [mixin/]: Mixing accessor.PotionBrewingAccessor from yungsapi.mixins.json into net.minecraft.world.item.alchemy.PotionBrewing
[17Jun2025 01:45:37.083] [main/DEBUG] [mixin/]: Renaming @Invoker method callAddMix(Lnet/minecraft/world/item/alchemy/Potion;Lnet/minecraft/world/item/Item;Lnet/minecraft/world/item/alchemy/Potion;)V to callAddMix_$md$2eb031$0 in yungsapi.mixins.json:accessor.PotionBrewingAccessor
[17Jun2025 01:45:37.110] [main/DEBUG] [mixin/]: Mixing AbstractProjectileBehaviorAccessor from supplementaries-common.mixins.json into net.minecraft.core.dispenser.AbstractProjectileDispenseBehavior
[17Jun2025 01:45:37.161] [main/DEBUG] [mixin/]: Mixing accessor.StructureProcessorAccessor from betterdungeons.mixins.json into net.minecraft.world.level.levelgen.structure.templatesystem.StructureProcessor
[17Jun2025 01:45:37.161] [main/DEBUG] [mixin/]: Mixing accessor.StructureProcessorAccessor from betterwitchhuts.mixins.json into net.minecraft.world.level.levelgen.structure.templatesystem.StructureProcessor
[17Jun2025 01:45:37.162] [main/DEBUG] [mixin/]: Mixing accessor.StructureProcessorAccessor from betterdeserttemples.mixins.json into net.minecraft.world.level.levelgen.structure.templatesystem.StructureProcessor
[17Jun2025 01:45:37.162] [main/DEBUG] [mixin/]: Mixing accessor.StructureProcessorAccessor from betterjungletemples.mixins.json into net.minecraft.world.level.levelgen.structure.templatesystem.StructureProcessor
[17Jun2025 01:45:37.162] [main/DEBUG] [mixin/]: Unexpected: Registered method callGetType()Lnet/minecraft/world/level/levelgen/structure/templatesystem/StructureProcessorType; in net.minecraft.world.level.levelgen.structure.templatesystem.StructureProcessor was not merged
[17Jun2025 01:45:37.163] [main/DEBUG] [mixin/]: Unexpected: Registered method callGetType()Lnet/minecraft/world/level/levelgen/structure/templatesystem/StructureProcessorType; in net.minecraft.world.level.levelgen.structure.templatesystem.StructureProcessor was not merged
[17Jun2025 01:45:37.163] [main/DEBUG] [mixin/]: Unexpected: Registered method callGetType()Lnet/minecraft/world/level/levelgen/structure/templatesystem/StructureProcessorType; in net.minecraft.world.level.levelgen.structure.templatesystem.StructureProcessor was not merged
[17Jun2025 01:45:37.203] [main/DEBUG] [mixin/]: Mixing DisableVanillaWitchHutsMixin from betterwitchhuts.mixins.json into net.minecraft.world.level.chunk.ChunkGenerator
[17Jun2025 01:45:37.204] [main/DEBUG] [mixin/]: Mixing ChunkGeneratorMixin from structureessentials.mixins.json into net.minecraft.world.level.chunk.ChunkGenerator
[17Jun2025 01:45:37.204] [main/DEBUG] [mixin/]: Mixing StructureMinDistanceDataHolder from structureessentials.mixins.json into net.minecraft.world.level.chunk.ChunkGenerator
[17Jun2025 01:45:37.206] [main/DEBUG] [mixin/]: Mixing StructureSearchSpeedupMixin from structureessentials.mixins.json into net.minecraft.world.level.chunk.ChunkGenerator
[17Jun2025 01:45:37.208] [main/DEBUG] [mixin/]: Mixing StructureSearchTimeoutMixin from structureessentials.mixins.json into net.minecraft.world.level.chunk.ChunkGenerator
[17Jun2025 01:45:37.209] [main/DEBUG] [mixin/]: Mixing ChunkGeneratorMixin from citadel.mixins.json into net.minecraft.world.level.chunk.ChunkGenerator
[17Jun2025 01:45:37.211] [main/DEBUG] [net.minecraftforge.coremod.transformer.CoreModBaseTransformer/COREMOD]: Transforming net/minecraft/world/level/biome/Biome
[17Jun2025 01:45:37.219] [main/DEBUG] [mixin/]: Mixing DisableVanillaPyramidsMixin from betterdeserttemples.mixins.json into net.minecraft.world.level.chunk.ChunkGenerator
[17Jun2025 01:45:37.219] [main/DEBUG] [mixin/]: Mixing DisableVanillaFortressesMixin from betterfortresses.mixins.json into net.minecraft.world.level.chunk.ChunkGenerator
[17Jun2025 01:45:37.220] [main/DEBUG] [mixin/]: Mixing DisableVanillaStrongholdsMixin from betterstrongholds.mixins.json into net.minecraft.world.level.chunk.ChunkGenerator
[17Jun2025 01:45:37.220] [main/DEBUG] [mixin/]: Mixing DisableVanillaMineshaftsMixin from bettermineshafts.mixins.json into net.minecraft.world.level.chunk.ChunkGenerator
[17Jun2025 01:45:37.221] [main/DEBUG] [mixin/]: Mixing DisableVanillaJungleTempleMixin from betterjungletemples.mixins.json into net.minecraft.world.level.chunk.ChunkGenerator
[17Jun2025 01:45:37.261] [main/DEBUG] [mixin/]: Mixing MixinInventory from curios.mixins.json into net.minecraft.world.entity.player.Inventory
[17Jun2025 01:45:37.262] [main/DEBUG] [mixin/]: Mixing InventoryMixin from carryon.mixins.json into net.minecraft.world.entity.player.Inventory
[17Jun2025 01:45:37.263] [main/DEBUG] [mixin/]: Mixing InventoryMixin from moonlight-common.mixins.json into net.minecraft.world.entity.player.Inventory
[17Jun2025 01:45:37.275] [main/DEBUG] [mixin/]: Mixing SlotAccessor from balm.mixins.json into net.minecraft.world.inventory.Slot
[17Jun2025 01:45:37.283] [main/DEBUG] [mixin/]: Mixing GrindstoneInputSlotMixin from supplementaries-common.mixins.json into net.minecraft.world.inventory.GrindstoneMenu$2
[17Jun2025 01:45:37.285] [main/DEBUG] [mixin/]: Mixing GrindstoneTestSlotMixin from supplementaries-common.mixins.json into net.minecraft.world.inventory.GrindstoneMenu$4
[17Jun2025 01:45:37.286] [main/DEBUG] [mixin/]: Mixing GrindstoneMenuSlotMixin from moonlight-common.mixins.json into net.minecraft.world.inventory.GrindstoneMenu$4
[17Jun2025 01:45:37.290] [main/DEBUG] [mixin/]: Mixing LoomInputSlotMixin from supplementaries-common.mixins.json into net.minecraft.world.inventory.LoomMenu$3
[17Jun2025 01:45:37.297] [main/DEBUG] [mixin/]: Mixing CartographyTableInputSlotMixin from supplementaries-common.mixins.json into net.minecraft.world.inventory.CartographyTableMenu$4
[17Jun2025 01:45:37.307] [main/DEBUG] [mixin/]: Mixing MapExtendingRecipeMixin from moonlight-common.mixins.json into net.minecraft.world.item.crafting.MapExtendingRecipe
[17Jun2025 01:45:37.311] [main/DEBUG] [mixin/]: Mixing accessors.item.crafting.AccessorShapedRecipe from bookshelf.common.mixins.json into net.minecraft.world.item.crafting.ShapedRecipe
[17Jun2025 01:45:37.311] [main/DEBUG] [mixin/]: Renaming @Invoker method bookshelf$keyFromJson(Lcom/google/gson/JsonObject;)Ljava/util/Map; to bookshelf$keyFromJson_$md$2eb031$0 in bookshelf.common.mixins.json:accessors.item.crafting.AccessorShapedRecipe
[17Jun2025 01:45:37.311] [main/DEBUG] [mixin/]: Renaming @Invoker method bookshelf$shrink([Ljava/lang/String;)[Ljava/lang/String; to bookshelf$shrink_$md$2eb031$1 in bookshelf.common.mixins.json:accessors.item.crafting.AccessorShapedRecipe
[17Jun2025 01:45:37.311] [main/DEBUG] [mixin/]: Renaming @Invoker method bookshelf$patternFromJson(Lcom/google/gson/JsonArray;)[Ljava/lang/String; to bookshelf$patternFromJson_$md$2eb031$2 in bookshelf.common.mixins.json:accessors.item.crafting.AccessorShapedRecipe
[17Jun2025 01:45:37.311] [main/DEBUG] [mixin/]: Renaming @Invoker method bookshelf$dissolvePattern([Ljava/lang/String;Ljava/util/Map;II)Lnet/minecraft/core/NonNullList; to bookshelf$dissolvePattern_$md$2eb031$3 in bookshelf.common.mixins.json:accessors.item.crafting.AccessorShapedRecipe
[17Jun2025 01:45:37.311] [main/DEBUG] [mixin/]: Mixing accessor.ShapedRecipeAccessor from tombstone.mixins.json into net.minecraft.world.item.crafting.ShapedRecipe
[17Jun2025 01:45:37.408] [main/DEBUG] [mixin/]: Mixing LootContextMixin from lootintegrations.mixins.json into net.minecraft.world.level.storage.loot.LootContext
[17Jun2025 01:45:37.408] [main/DEBUG] [mixin/]: lootintegrations.mixins.json:LootContextMixin: Class version 61 required is higher than the class version supported by the current version of Mixin (JAVA_16 supports class version 60)
[17Jun2025 01:45:37.418] [main/DEBUG] [mixin/]: Mixing EnchantRandomlyFunctionMixin from alexscaves.mixins.json into net.minecraft.world.level.storage.loot.functions.EnchantRandomlyFunction
[17Jun2025 01:45:37.418] [main/DEBUG] [mixin/]: Renaming synthetic method lambda$ac_enchantItem$0(ZLnet/minecraft/world/item/ItemStack;Lnet/minecraft/world/item/enchantment/Enchantment;)Z to md2eb031$lambda$ac_enchantItem$0$0 in alexscaves.mixins.json:EnchantRandomlyFunctionMixin
[17Jun2025 01:45:37.430] [main/DEBUG] [mixin/]: Mixing ExplorationMapSerializerMixin from supplementaries-common.mixins.json into net.minecraft.world.level.storage.loot.functions.ExplorationMapFunction$Serializer
[17Jun2025 01:45:37.436] [main/DEBUG] [mixin/]: Mixing ExplorationMapFunctionMixin from structureessentials.mixins.json into net.minecraft.world.level.storage.loot.functions.ExplorationMapFunction
[17Jun2025 01:45:37.437] [main/DEBUG] [mixin/]: Mixing ExplorationFunctionMixin from lootintegrations.mixins.json into net.minecraft.world.level.storage.loot.functions.ExplorationMapFunction
[17Jun2025 01:45:37.437] [main/DEBUG] [mixin/]: lootintegrations.mixins.json:ExplorationFunctionMixin: Class version 61 required is higher than the class version supported by the current version of Mixin (JAVA_16 supports class version 60)
[17Jun2025 01:45:37.437] [main/DEBUG] [mixin/]: Mixing ExplorationMapFunctionMixin from supplementaries-common.mixins.json into net.minecraft.world.level.storage.loot.functions.ExplorationMapFunction
[17Jun2025 01:45:37.449] [main/DEBUG] [mixin/]: Mixing MixinApplyBonusCount from curios.mixins.json into net.minecraft.world.level.storage.loot.functions.ApplyBonusCount
[17Jun2025 01:45:37.488] [main/DEBUG] [mixin/]: Mixing accessors.util.random.AccessorWeightedRandomList from bookshelf.common.mixins.json into net.minecraft.util.random.WeightedRandomList
[17Jun2025 01:45:37.548] [main/DEBUG] [mixin/]: Mixing NoVinesInTemplesMixin from betterjungletemples.mixins.json into net.minecraft.world.level.levelgen.feature.VinesFeature
[17Jun2025 01:45:37.554] [main/DEBUG] [mixin/]: Mixing MultifaceGrowthFeatureMixin from alexscaves.mixins.json into net.minecraft.world.level.levelgen.feature.MultifaceGrowthFeature
[17Jun2025 01:45:37.559] [main/DEBUG] [mixin/]: Mixing SpikeFeatureMixin from betterendisland.mixins.json into net.minecraft.world.level.levelgen.feature.SpikeFeature
[17Jun2025 01:45:37.562] [main/DEBUG] [mixin/]: Mixing EndGatewayFeatureMixin from betterendisland.mixins.json into net.minecraft.world.level.levelgen.feature.EndGatewayFeature
[17Jun2025 01:45:37.563] [main/DEBUG] [mixin/]: Mixing SeagrassFeatureMixin from alexscaves.mixins.json into net.minecraft.world.level.levelgen.feature.SeagrassFeature
[17Jun2025 01:45:37.564] [main/DEBUG] [mixin/]: Mixing KelpFeatureMixin from alexscaves.mixins.json into net.minecraft.world.level.levelgen.feature.KelpFeature
[17Jun2025 01:45:37.566] [main/DEBUG] [mixin/]: Mixing CoralFeatureMixin from alexscaves.mixins.json into net.minecraft.world.level.levelgen.feature.CoralFeature
[17Jun2025 01:45:37.571] [main/DEBUG] [mixin/]: Mixing NoBasaltColumnsInStructuresMixin from betterdungeons.mixins.json into net.minecraft.world.level.levelgen.feature.BasaltColumnsFeature
[17Jun2025 01:45:37.571] [main/DEBUG] [mixin/]: Mixing NoBasaltColumnsInStructuresMixin from betterfortresses.mixins.json into net.minecraft.world.level.levelgen.feature.BasaltColumnsFeature
[17Jun2025 01:45:37.574] [main/DEBUG] [mixin/]: Mixing NoDeltasInStructuresMixin from betterdungeons.mixins.json into net.minecraft.world.level.levelgen.feature.DeltaFeature
[17Jun2025 01:45:37.575] [main/DEBUG] [mixin/]: Mixing NoDeltasInStructuresMixin from betterfortresses.mixins.json into net.minecraft.world.level.levelgen.feature.DeltaFeature
[17Jun2025 01:45:37.591] [main/DEBUG] [mixin/]: Mixing common.PlacedFeatureAccessor from lithostitched.mixins.json into net.minecraft.world.level.levelgen.placement.PlacedFeature
[17Jun2025 01:45:37.592] [main/DEBUG] [mixin/]: Mixing PlacedFeatureErrorMixin from structureessentials.mixins.json into net.minecraft.world.level.levelgen.placement.PlacedFeature
[17Jun2025 01:45:37.606] [main/DEBUG] [mixin/]: Mixing common.StructureProcessorListAccessor from lithostitched.mixins.json into net.minecraft.world.level.levelgen.structure.templatesystem.StructureProcessorList
[17Jun2025 01:45:37.653] [main/DEBUG] [mixin/]: Mixing EndSpikeMixin from betterendisland.mixins.json into net.minecraft.world.level.levelgen.feature.SpikeFeature$EndSpike
[17Jun2025 01:45:37.692] [main/DEBUG] [mixin/]: Mixing RandomSpreadStructurePlacementMixin from structureessentials.mixins.json into net.minecraft.world.level.levelgen.structure.placement.RandomSpreadStructurePlacement
[17Jun2025 01:45:37.699] [main/DEBUG] [mixin/]: Mixing common.StructureSetAccessor from lithostitched.mixins.json into net.minecraft.world.level.levelgen.structure.StructureSet
[17Jun2025 01:45:37.702] [main/DEBUG] [net.minecraftforge.coremod.transformer.CoreModBaseTransformer/COREMOD]: Transforming net/minecraft/world/level/levelgen/structure/Structure
[17Jun2025 01:45:37.702] [main/DEBUG] [mixin/]: Mixing StructureStartMinDistMixin from structureessentials.mixins.json into net.minecraft.world.level.levelgen.structure.Structure
[17Jun2025 01:45:37.705] [main/DEBUG] [mixin/]: Mixing StructureTimingMixin from structureessentials.mixins.json into net.minecraft.world.level.levelgen.structure.Structure
[17Jun2025 01:45:37.720] [main/DEBUG] [mixin/]: Mixing MineshaftCorridorMixin from supplementaries-common.mixins.json into net.minecraft.world.level.levelgen.structure.structures.MineshaftPieces$MineShaftCorridor
[17Jun2025 01:45:37.739] [main/DEBUG] [mixin/]: Mixing StrongholdCrossingSconceMixin from supplementaries-common.mixins.json into net.minecraft.world.level.levelgen.structure.structures.StrongholdPieces$FiveCrossing
[17Jun2025 01:45:37.747] [main/DEBUG] [mixin/]: Mixing StrongholdRoomSconceMixin from supplementaries-common.mixins.json into net.minecraft.world.level.levelgen.structure.structures.StrongholdPieces$RoomCrossing
[17Jun2025 01:45:37.754] [main/DEBUG] [net.minecraftforge.coremod.transformer.CoreModBaseTransformer/COREMOD]: Transforming net/minecraft/world/level/levelgen/structure/structures/OceanRuinPieces$OceanRuinPiece
[17Jun2025 01:45:37.771] [main/DEBUG] [net.minecraftforge.coremod.transformer.CoreModBaseTransformer/COREMOD]: Transforming net/minecraft/world/level/levelgen/structure/structures/SwampHutPiece
[17Jun2025 01:45:37.780] [main/DEBUG] [mixin/]: Mixing SwampHutPieceMixin from alexscaves.mixins.json into net.minecraft.world.level.levelgen.structure.structures.SwampHutPiece
[17Jun2025 01:45:37.782] [main/WARN] [mixin/]: Mixin alexscaves.mixins.json:SwampHutPieceMixin has multiple constructors, (Lnet/minecraft/world/level/levelgen/structure/pieces/StructurePieceType;IIIIIILnet/minecraft/core/Direction;)V was selected

[17Jun2025 01:45:37.787] [main/DEBUG] [net.minecraftforge.coremod.transformer.CoreModBaseTransformer/COREMOD]: Transforming net/minecraft/world/level/levelgen/structure/structures/OceanMonumentPieces$OceanMonumentPiece
[17Jun2025 01:45:37.812] [main/DEBUG] [net.minecraftforge.coremod.transformer.CoreModBaseTransformer/COREMOD]: Transforming net/minecraft/world/level/levelgen/structure/structures/WoodlandMansionPieces$WoodlandMansionPiece
[17Jun2025 01:45:37.827] [main/DEBUG] [mixin/]: Mixing common.ShipwreckPieceMixin from lithostitched.mixins.json into net.minecraft.world.level.levelgen.structure.structures.ShipwreckPieces$ShipwreckPiece
[17Jun2025 01:45:37.846] [main/DEBUG] [mixin/]: Mixing common.JigsawStructureMixin from lithostitched.mixins.json into net.minecraft.world.level.levelgen.structure.structures.JigsawStructure
[17Jun2025 01:45:37.849] [main/DEBUG] [mixin/]: Mixing JigsawStructureMixin from alexscaves.mixins.json into net.minecraft.world.level.levelgen.structure.structures.JigsawStructure
[17Jun2025 01:45:37.853] [main/DEBUG] [mixin/]: Mixing common.StructureTemplatePoolAccessor from lithostitched.mixins.json into net.minecraft.world.level.levelgen.structure.pools.StructureTemplatePool
[17Jun2025 01:45:37.853] [main/DEBUG] [mixin/]: Mixing common.StructureTemplatePoolMixin from lithostitched.mixins.json into net.minecraft.world.level.levelgen.structure.pools.StructureTemplatePool
[17Jun2025 01:45:37.854] [main/DEBUG] [mixin/]: Renaming synthetic method lambda$compileRawTemplates$0(Lcom/mojang/datafixers/util/Pair;)V to md2eb031$lambda$compileRawTemplates$0$0 in lithostitched.mixins.json:common.StructureTemplatePoolMixin
[17Jun2025 01:45:37.854] [main/DEBUG] [mixin/]: Mixing StructureTemplatePoolAccessor from waystones.mixins.json into net.minecraft.world.level.levelgen.structure.pools.StructureTemplatePool
[17Jun2025 01:45:37.855] [main/DEBUG] [mixin/]: Mixing accessor.StructureTemplatePoolAccessor from yungsapi.mixins.json into net.minecraft.world.level.levelgen.structure.pools.StructureTemplatePool
[17Jun2025 01:45:37.855] [main/DEBUG] [mixin/]: Mixing IncreaseStructureWeightLimitMixinForge from yungsapi_forge.mixins.json into net.minecraft.world.level.levelgen.structure.pools.StructureTemplatePool
[17Jun2025 01:45:37.855] [main/DEBUG] [mixin/]: Mixing accessors.world.AccessorStructureTemplatePool from bookshelf.common.mixins.json into net.minecraft.world.level.levelgen.structure.pools.StructureTemplatePool
[17Jun2025 01:45:37.856] [main/DEBUG] [mixin/]: Unexpected: Registered method getRawTemplates()Ljava/util/List; in net.minecraft.world.level.levelgen.structure.pools.StructureTemplatePool was not merged
[17Jun2025 01:45:37.856] [main/DEBUG] [mixin/]: Unexpected: Registered method setRawTemplates(Ljava/util/List;)V in net.minecraft.world.level.levelgen.structure.pools.StructureTemplatePool was not merged
[17Jun2025 01:45:37.856] [main/DEBUG] [mixin/]: Unexpected: Registered method getRawTemplates()Ljava/util/List; in net.minecraft.world.level.levelgen.structure.pools.StructureTemplatePool was not merged
[17Jun2025 01:45:37.870] [main/DEBUG] [mixin/]: Mixing OceanMonumentStructureMixin from alexscaves.mixins.json into net.minecraft.world.level.levelgen.structure.structures.OceanMonumentStructure
[17Jun2025 01:45:37.879] [main/DEBUG] [mixin/]: Mixing ShipwreckStructureMixin from alexscaves.mixins.json into net.minecraft.world.level.levelgen.structure.structures.ShipwreckStructure
[17Jun2025 01:45:37.935] [main/DEBUG] [mixin/]: Mixing BiomeSourceMixin from alexscaves.mixins.json into net.minecraft.world.level.biome.BiomeSource
[17Jun2025 01:45:37.936] [main/DEBUG] [mixin/]: Mixing MixinBiomeSource from terrablender.mixins.json into net.minecraft.world.level.biome.BiomeSource
[17Jun2025 01:45:37.937] [main/DEBUG] [mixin/]: Renaming synthetic method lambda$appendDeferredBiomesList$0(Lcom/google/common/collect/ImmutableList;)Ljava/util/Set; to md2eb031$lambda$appendDeferredBiomesList$0$0 in terrablender.mixins.json:MixinBiomeSource
[17Jun2025 01:45:37.943] [main/DEBUG] [net.minecraftforge.coremod.transformer.CoreModBaseTransformer/COREMOD]: Transforming net/minecraft/world/level/biome/Biome
[17Jun2025 01:45:37.974] [main/DEBUG] [mixin/]: Mixing MultiNoiseBiomeSourceMixin from alexscaves.mixins.json into net.minecraft.world.level.biome.MultiNoiseBiomeSource
[17Jun2025 01:45:37.976] [main/DEBUG] [mixin/]: Mixing MixinMultiNoiseBiomeSource from terrablender.mixins.json into net.minecraft.world.level.biome.MultiNoiseBiomeSource
[17Jun2025 01:45:37.978] [main/DEBUG] [mixin/]: Mixing MixinParameterList from terrablender.mixins.json into net.minecraft.world.level.biome.Climate$ParameterList
[17Jun2025 01:45:37.979] [main/DEBUG] [mixin/]: Renaming synthetic method lambda$initializeForTerraBlender$0(Lnet/minecraft/core/Registry;Lcom/google/common/collect/ImmutableList$Builder;Lcom/mojang/datafixers/util/Pair;)V to md2eb031$lambda$initializeForTerraBlender$0$0 in terrablender.mixins.json:MixinParameterList
[17Jun2025 01:45:38.000] [main/DEBUG] [mixin/]: Mixing NoiseBasedChunkGeneratorMixin from citadel.mixins.json into net.minecraft.world.level.levelgen.NoiseBasedChunkGenerator
[17Jun2025 01:45:38.001] [main/DEBUG] [mixin/]: Mixing NoiseBasedChunkGenerator from yungscavebiomes.mixins.json into net.minecraft.world.level.levelgen.NoiseBasedChunkGenerator
[17Jun2025 01:45:38.002] [main/DEBUG] [mixin/]: Renaming synthetic method lambda$yungscavebiomes_captureBiomeRegistry$0(Lnet/minecraft/world/level/StructureManager;Lnet/minecraft/world/level/levelgen/blending/Blender;Lnet/minecraft/world/level/levelgen/RandomState;Lnet/minecraft/world/level/chunk/ChunkAccess;)Lnet/minecraft/world/level/levelgen/NoiseChunk; to md2eb031$lambda$yungscavebiomes_captureBiomeRegistry$0$0 in yungscavebiomes.mixins.json:NoiseBasedChunkGenerator
[17Jun2025 01:45:38.011] [main/DEBUG] [mixin/]: Mixing common.NoiseGeneratorSettingsAccessor from lithostitched.mixins.json into net.minecraft.world.level.levelgen.NoiseGeneratorSettings
[17Jun2025 01:45:38.011] [main/DEBUG] [mixin/]: Mixing MixinNoiseGeneratorSettings from terrablender.mixins.json into net.minecraft.world.level.levelgen.NoiseGeneratorSettings
[17Jun2025 01:45:38.092] [main/DEBUG] [mixin/]: Mixing common.SinglePoolElementAccessor from lithostitched.mixins.json into net.minecraft.world.level.levelgen.structure.pools.SinglePoolElement
[17Jun2025 01:45:38.093] [main/DEBUG] [mixin/]: Mixing SinglePoolElementMixin from waystones.mixins.json into net.minecraft.world.level.levelgen.structure.pools.SinglePoolElement
[17Jun2025 01:45:38.093] [main/DEBUG] [mixin/]: Renaming synthetic method lambda$waystones$isWaystone$1(Lnet/minecraft/world/level/levelgen/structure/templatesystem/StructureTemplate;)V to md2eb031$lambda$waystones$isWaystone$1$0 in waystones.mixins.json:SinglePoolElementMixin
[17Jun2025 01:45:38.093] [main/DEBUG] [mixin/]: Renaming synthetic method lambda$waystones$isWaystone$0(Lnet/minecraft/resources/ResourceLocation;)V to md2eb031$lambda$waystones$isWaystone$0$1 in waystones.mixins.json:SinglePoolElementMixin
[17Jun2025 01:45:38.094] [main/DEBUG] [mixin/]: Mixing accessor.SinglePoolElementAccessor from yungsapi.mixins.json into net.minecraft.world.level.levelgen.structure.pools.SinglePoolElement
[17Jun2025 01:45:38.095] [main/DEBUG] [mixin/]: Unexpected: Registered method getTemplate()Lcom/mojang/datafixers/util/Either; in net.minecraft.world.level.levelgen.structure.pools.SinglePoolElement was not merged
[17Jun2025 01:45:38.101] [main/DEBUG] [mixin/]: Mixing accessor.ListPoolElementAccessor from yungsapi.mixins.json into net.minecraft.world.level.levelgen.structure.pools.ListPoolElement
[17Jun2025 01:45:38.103] [main/DEBUG] [mixin/]: Mixing accessor.FeaturePoolElementAccessor from yungsapi.mixins.json into net.minecraft.world.level.levelgen.structure.pools.FeaturePoolElement
[17Jun2025 01:45:38.227] [main/DEBUG] [net.minecraftforge.common.ForgeI18n/CORE]: Loading I18N data entries: 6430
[17Jun2025 01:45:38.246] [main/DEBUG] [net.minecraftforge.fml.ModWorkManager/LOADING]: Using 4 threads for parallel mod-loading
[17Jun2025 01:45:38.252] [main/DEBUG] [net.minecraftforge.fml.javafmlmod.FMLJavaModLanguageProvider/LOADING]: Loading FMLModContainer from classloader cpw.mods.modlauncher.TransformingClassLoader@342e690b - got cpw.mods.cl.ModuleClassLoader@4d23015c
[17Jun2025 01:45:38.252] [main/DEBUG] [net.minecraftforge.fml.javafmlmod.FMLModContainer/LOADING]: Creating FMLModContainer instance for com.yungnickyoung.minecraft.betterdungeons.BetterDungeonsForge
[17Jun2025 01:45:38.256] [main/DEBUG] [net.minecraftforge.fml.javafmlmod.FMLJavaModLanguageProvider/LOADING]: Loading FMLModContainer from classloader cpw.mods.modlauncher.TransformingClassLoader@342e690b - got cpw.mods.cl.ModuleClassLoader@4d23015c
[17Jun2025 01:45:38.256] [main/DEBUG] [net.minecraftforge.fml.javafmlmod.FMLModContainer/LOADING]: Creating FMLModContainer instance for net.blay09.mods.kuma.forge.ForgeKumaAPI
[17Jun2025 01:45:38.257] [main/DEBUG] [net.minecraftforge.fml.javafmlmod.FMLJavaModLanguageProvider/LOADING]: Loading FMLModContainer from classloader cpw.mods.modlauncher.TransformingClassLoader@342e690b - got cpw.mods.cl.ModuleClassLoader@4d23015c
[17Jun2025 01:45:38.257] [main/DEBUG] [net.minecraftforge.fml.javafmlmod.FMLModContainer/LOADING]: Creating FMLModContainer instance for com.yungnickyoung.minecraft.betterwitchhuts.BetterWitchHutsForge
[17Jun2025 01:45:38.258] [main/DEBUG] [net.minecraftforge.fml.javafmlmod.FMLJavaModLanguageProvider/LOADING]: Loading FMLModContainer from classloader cpw.mods.modlauncher.TransformingClassLoader@342e690b - got cpw.mods.cl.ModuleClassLoader@4d23015c
[17Jun2025 01:45:38.258] [main/DEBUG] [net.minecraftforge.fml.javafmlmod.FMLModContainer/LOADING]: Creating FMLModContainer instance for software.bernie.example.GeckoLibMod
[17Jun2025 01:45:38.258] [main/DEBUG] [net.minecraftforge.fml.javafmlmod.FMLJavaModLanguageProvider/LOADING]: Loading FMLModContainer from classloader cpw.mods.modlauncher.TransformingClassLoader@342e690b - got cpw.mods.cl.ModuleClassLoader@4d23015c
[17Jun2025 01:45:38.258] [main/DEBUG] [net.minecraftforge.fml.javafmlmod.FMLModContainer/LOADING]: Creating FMLModContainer instance for com.recipeessentials.RecipeEssentials
[17Jun2025 01:45:38.258] [main/DEBUG] [net.minecraftforge.fml.javafmlmod.FMLJavaModLanguageProvider/LOADING]: Loading FMLModContainer from classloader cpw.mods.modlauncher.TransformingClassLoader@342e690b - got cpw.mods.cl.ModuleClassLoader@4d23015c
[17Jun2025 01:45:38.258] [main/DEBUG] [net.minecraftforge.fml.javafmlmod.FMLModContainer/LOADING]: Creating FMLModContainer instance for dev.worldgen.lithostitched.LithostitchedForge
[17Jun2025 01:45:38.259] [main/DEBUG] [net.minecraftforge.fml.javafmlmod.FMLJavaModLanguageProvider/LOADING]: Loading FMLModContainer from classloader cpw.mods.modlauncher.TransformingClassLoader@342e690b - got cpw.mods.cl.ModuleClassLoader@4d23015c
[17Jun2025 01:45:38.259] [main/DEBUG] [net.minecraftforge.fml.javafmlmod.FMLModContainer/LOADING]: Creating FMLModContainer instance for com.connectivity.Connectivity
[17Jun2025 01:45:38.260] [main/DEBUG] [net.minecraftforge.fml.javafmlmod.FMLJavaModLanguageProvider/LOADING]: Loading FMLModContainer from classloader cpw.mods.modlauncher.TransformingClassLoader@342e690b - got cpw.mods.cl.ModuleClassLoader@4d23015c
[17Jun2025 01:45:38.260] [main/DEBUG] [net.minecraftforge.fml.javafmlmod.FMLModContainer/LOADING]: Creating FMLModContainer instance for net.p3pp3rf1y.sophisticatedcore.SophisticatedCore
[17Jun2025 01:45:38.260] [main/DEBUG] [net.minecraftforge.fml.javafmlmod.FMLJavaModLanguageProvider/LOADING]: Loading FMLModContainer from classloader cpw.mods.modlauncher.TransformingClassLoader@342e690b - got cpw.mods.cl.ModuleClassLoader@4d23015c
[17Jun2025 01:45:38.260] [main/DEBUG] [net.minecraftforge.fml.javafmlmod.FMLModContainer/LOADING]: Creating FMLModContainer instance for net.blay09.mods.waystones.ForgeWaystones
[17Jun2025 01:45:38.261] [main/DEBUG] [net.minecraftforge.fml.javafmlmod.FMLJavaModLanguageProvider/LOADING]: Loading FMLModContainer from classloader cpw.mods.modlauncher.TransformingClassLoader@342e690b - got cpw.mods.cl.ModuleClassLoader@4d23015c
[17Jun2025 01:45:38.261] [main/DEBUG] [net.minecraftforge.fml.javafmlmod.FMLModContainer/LOADING]: Creating FMLModContainer instance for com.structureessentials.StructureEssentials
[17Jun2025 01:45:38.262] [main/DEBUG] [net.minecraftforge.fml.javafmlmod.FMLJavaModLanguageProvider/LOADING]: Loading FMLModContainer from classloader cpw.mods.modlauncher.TransformingClassLoader@342e690b - got cpw.mods.cl.ModuleClassLoader@4d23015c
[17Jun2025 01:45:38.262] [main/DEBUG] [net.minecraftforge.fml.javafmlmod.FMLModContainer/LOADING]: Creating FMLModContainer instance for com.natamus.villagernames.ModForge
[17Jun2025 01:45:38.263] [main/DEBUG] [net.minecraftforge.fml.javafmlmod.FMLJavaModLanguageProvider/LOADING]: Loading FMLModContainer from classloader cpw.mods.modlauncher.TransformingClassLoader@342e690b - got cpw.mods.cl.ModuleClassLoader@4d23015c
[17Jun2025 01:45:38.263] [main/DEBUG] [net.minecraftforge.fml.javafmlmod.FMLModContainer/LOADING]: Creating FMLModContainer instance for com.blamejared.clumps.Clumps
[17Jun2025 01:45:38.263] [main/DEBUG] [net.minecraftforge.fml.javafmlmod.FMLJavaModLanguageProvider/LOADING]: Loading FMLModContainer from classloader cpw.mods.modlauncher.TransformingClassLoader@342e690b - got cpw.mods.cl.ModuleClassLoader@4d23015c
[17Jun2025 01:45:38.263] [main/DEBUG] [net.minecraftforge.fml.javafmlmod.FMLModContainer/LOADING]: Creating FMLModContainer instance for journeymap.common.Journeymap
[17Jun2025 01:45:38.264] [main/DEBUG] [net.minecraftforge.fml.javafmlmod.FMLJavaModLanguageProvider/LOADING]: Loading FMLModContainer from classloader cpw.mods.modlauncher.TransformingClassLoader@342e690b - got cpw.mods.cl.ModuleClassLoader@4d23015c
[17Jun2025 01:45:38.265] [main/DEBUG] [net.minecraftforge.fml.javafmlmod.FMLModContainer/LOADING]: Creating FMLModContainer instance for com.fastasyncworldsave.FastAsyncWorldSave
[17Jun2025 01:45:38.265] [main/DEBUG] [net.minecraftforge.fml.javafmlmod.FMLJavaModLanguageProvider/LOADING]: Loading FMLModContainer from classloader cpw.mods.modlauncher.TransformingClassLoader@342e690b - got cpw.mods.cl.ModuleClassLoader@4d23015c
[17Jun2025 01:45:38.266] [main/DEBUG] [net.minecraftforge.fml.javafmlmod.FMLModContainer/LOADING]: Creating FMLModContainer instance for com.yungnickyoung.minecraft.yungscavebiomes.YungsCaveBiomesForge
[17Jun2025 01:45:38.267] [main/DEBUG] [net.minecraftforge.fml.javafmlmod.FMLJavaModLanguageProvider/LOADING]: Loading FMLModContainer from classloader cpw.mods.modlauncher.TransformingClassLoader@342e690b - got cpw.mods.cl.ModuleClassLoader@4d23015c
[17Jun2025 01:45:38.268] [main/DEBUG] [net.minecraftforge.fml.javafmlmod.FMLModContainer/LOADING]: Creating FMLModContainer instance for com.github.alexthe666.citadel.Citadel
[17Jun2025 01:45:38.269] [main/DEBUG] [net.minecraftforge.fml.javafmlmod.FMLJavaModLanguageProvider/LOADING]: Loading FMLModContainer from classloader cpw.mods.modlauncher.TransformingClassLoader@342e690b - got cpw.mods.cl.ModuleClassLoader@4d23015c
[17Jun2025 01:45:38.269] [main/DEBUG] [net.minecraftforge.fml.javafmlmod.FMLModContainer/LOADING]: Creating FMLModContainer instance for com.lootintegrations.LootintegrationsMod
[17Jun2025 01:45:38.270] [main/DEBUG] [net.minecraftforge.fml.javafmlmod.FMLJavaModLanguageProvider/LOADING]: Loading FMLModContainer from classloader cpw.mods.modlauncher.TransformingClassLoader@342e690b - got cpw.mods.cl.ModuleClassLoader@4d23015c
[17Jun2025 01:45:38.270] [main/DEBUG] [net.minecraftforge.fml.javafmlmod.FMLModContainer/LOADING]: Creating FMLModContainer instance for artifacts.forge.ArtifactsForge
[17Jun2025 01:45:38.271] [main/DEBUG] [net.minecraftforge.fml.javafmlmod.FMLJavaModLanguageProvider/LOADING]: Loading FMLModContainer from classloader cpw.mods.modlauncher.TransformingClassLoader@342e690b - got cpw.mods.cl.ModuleClassLoader@4d23015c
[17Jun2025 01:45:38.271] [main/DEBUG] [net.minecraftforge.fml.javafmlmod.FMLModContainer/LOADING]: Creating FMLModContainer instance for com.yungnickyoung.minecraft.yungsapi.YungsApiForge
[17Jun2025 01:45:38.271] [main/DEBUG] [net.minecraftforge.fml.javafmlmod.FMLJavaModLanguageProvider/LOADING]: Loading FMLModContainer from classloader cpw.mods.modlauncher.TransformingClassLoader@342e690b - got cpw.mods.cl.ModuleClassLoader@4d23015c
[17Jun2025 01:45:38.272] [main/DEBUG] [net.minecraftforge.fml.javafmlmod.FMLModContainer/LOADING]: Creating FMLModContainer instance for com.llamalad7.mixinextras.platform.forge.MixinExtrasMod
[17Jun2025 01:45:38.272] [main/DEBUG] [net.minecraftforge.fml.javafmlmod.FMLJavaModLanguageProvider/LOADING]: Loading FMLModContainer from classloader cpw.mods.modlauncher.TransformingClassLoader@342e690b - got cpw.mods.cl.ModuleClassLoader@4d23015c
[17Jun2025 01:45:38.273] [main/DEBUG] [net.minecraftforge.fml.javafmlmod.FMLModContainer/LOADING]: Creating FMLModContainer instance for net.darkhax.bookshelf.BookshelfForge
[17Jun2025 01:45:38.273] [main/DEBUG] [net.minecraftforge.fml.javafmlmod.FMLJavaModLanguageProvider/LOADING]: Loading FMLModContainer from classloader cpw.mods.modlauncher.TransformingClassLoader@342e690b - got cpw.mods.cl.ModuleClassLoader@4d23015c
[17Jun2025 01:45:38.273] [main/DEBUG] [net.minecraftforge.fml.javafmlmod.FMLModContainer/LOADING]: Creating FMLModContainer instance for net.p3pp3rf1y.sophisticatedbackpacks.SophisticatedBackpacks
[17Jun2025 01:45:38.274] [main/DEBUG] [net.minecraftforge.fml.javafmlmod.FMLJavaModLanguageProvider/LOADING]: Loading FMLModContainer from classloader cpw.mods.modlauncher.TransformingClassLoader@342e690b - got cpw.mods.cl.ModuleClassLoader@4d23015c
[17Jun2025 01:45:38.274] [main/DEBUG] [net.minecraftforge.fml.javafmlmod.FMLModContainer/LOADING]: Creating FMLModContainer instance for com.yungnickyoung.minecraft.betterdeserttemples.BetterDesertTemplesForge
[17Jun2025 01:45:38.274] [main/DEBUG] [net.minecraftforge.fml.javafmlmod.FMLJavaModLanguageProvider/LOADING]: Loading FMLModContainer from classloader cpw.mods.modlauncher.TransformingClassLoader@342e690b - got cpw.mods.cl.ModuleClassLoader@4d23015c
[17Jun2025 01:45:38.274] [main/DEBUG] [net.minecraftforge.fml.javafmlmod.FMLModContainer/LOADING]: Creating FMLModContainer instance for com.izofar.takesapillage.TakesAPillageMod
[17Jun2025 01:45:38.275] [main/DEBUG] [net.minecraftforge.fml.javafmlmod.FMLJavaModLanguageProvider/LOADING]: Loading FMLModContainer from classloader cpw.mods.modlauncher.TransformingClassLoader@342e690b - got cpw.mods.cl.ModuleClassLoader@4d23015c
[17Jun2025 01:45:38.275] [main/DEBUG] [net.minecraftforge.fml.javafmlmod.FMLModContainer/LOADING]: Creating FMLModContainer instance for com.clickadv.ClickAdvancements
[17Jun2025 01:45:38.276] [main/DEBUG] [net.minecraftforge.fml.javafmlmod.FMLJavaModLanguageProvider/LOADING]: Loading FMLModContainer from classloader cpw.mods.modlauncher.TransformingClassLoader@342e690b - got cpw.mods.cl.ModuleClassLoader@4d23015c
[17Jun2025 01:45:38.276] [main/DEBUG] [net.minecraftforge.fml.javafmlmod.FMLModContainer/LOADING]: Creating FMLModContainer instance for net.blay09.mods.balm.forge.ForgeBalm
[17Jun2025 01:45:38.277] [main/DEBUG] [net.minecraftforge.fml.javafmlmod.FMLJavaModLanguageProvider/LOADING]: Loading FMLModContainer from classloader cpw.mods.modlauncher.TransformingClassLoader@342e690b - got cpw.mods.cl.ModuleClassLoader@4d23015c
[17Jun2025 01:45:38.277] [main/DEBUG] [net.minecraftforge.fml.javafmlmod.FMLModContainer/LOADING]: Creating FMLModContainer instance for tschipp.carryon.CarryOnForge
[17Jun2025 01:45:38.277] [main/DEBUG] [net.minecraftforge.fml.javafmlmod.FMLJavaModLanguageProvider/LOADING]: Loading FMLModContainer from classloader cpw.mods.modlauncher.TransformingClassLoader@342e690b - got cpw.mods.cl.ModuleClassLoader@4d23015c
[17Jun2025 01:45:38.278] [main/DEBUG] [net.minecraftforge.fml.javafmlmod.FMLModContainer/LOADING]: Creating FMLModContainer instance for com.yungnickyoung.minecraft.betterfortresses.BetterFortressesForge
[17Jun2025 01:45:38.278] [main/DEBUG] [net.minecraftforge.fml.javafmlmod.FMLJavaModLanguageProvider/LOADING]: Loading FMLModContainer from classloader cpw.mods.modlauncher.TransformingClassLoader@342e690b - got cpw.mods.cl.ModuleClassLoader@4d23015c
[17Jun2025 01:45:38.278] [main/DEBUG] [net.minecraftforge.fml.javafmlmod.FMLModContainer/LOADING]: Creating FMLModContainer instance for me.shedaniel.clothconfig.ClothConfigForge
[17Jun2025 01:45:38.279] [main/DEBUG] [net.minecraftforge.fml.javafmlmod.FMLJavaModLanguageProvider/LOADING]: Loading FMLModContainer from classloader cpw.mods.modlauncher.TransformingClassLoader@342e690b - got cpw.mods.cl.ModuleClassLoader@4d23015c
[17Jun2025 01:45:38.279] [main/DEBUG] [net.minecraftforge.fml.javafmlmod.FMLModContainer/LOADING]: Creating FMLModContainer instance for net.minecraftforge.common.ForgeMod
[17Jun2025 01:45:38.281] [main/DEBUG] [net.minecraftforge.fml.javafmlmod.FMLJavaModLanguageProvider/LOADING]: Loading FMLModContainer from classloader cpw.mods.modlauncher.TransformingClassLoader@342e690b - got cpw.mods.cl.ModuleClassLoader@4d23015c
[17Jun2025 01:45:38.281] [main/DEBUG] [net.minecraftforge.fml.javafmlmod.FMLModContainer/LOADING]: Creating FMLModContainer instance for net.ctov.forge.ctovForge
[17Jun2025 01:45:38.282] [main/DEBUG] [net.minecraftforge.fml.javafmlmod.FMLJavaModLanguageProvider/LOADING]: Loading FMLModContainer from classloader cpw.mods.modlauncher.TransformingClassLoader@342e690b - got cpw.mods.cl.ModuleClassLoader@4d23015c
[17Jun2025 01:45:38.282] [main/DEBUG] [net.minecraftforge.fml.javafmlmod.FMLModContainer/LOADING]: Creating FMLModContainer instance for net.mehvahdjukaar.supplementaries.forge.SupplementariesForge
[17Jun2025 01:45:38.283] [main/DEBUG] [net.minecraftforge.fml.javafmlmod.FMLJavaModLanguageProvider/LOADING]: Loading FMLModContainer from classloader cpw.mods.modlauncher.TransformingClassLoader@342e690b - got cpw.mods.cl.ModuleClassLoader@4d23015c
[17Jun2025 01:45:38.283] [main/DEBUG] [net.minecraftforge.fml.javafmlmod.FMLModContainer/LOADING]: Creating FMLModContainer instance for com.smoothchunk.SmoothchunkMod
[17Jun2025 01:45:38.284] [main/DEBUG] [net.minecraftforge.fml.javafmlmod.FMLJavaModLanguageProvider/LOADING]: Loading FMLModContainer from classloader cpw.mods.modlauncher.TransformingClassLoader@342e690b - got cpw.mods.cl.ModuleClassLoader@4d23015c
[17Jun2025 01:45:38.284] [main/DEBUG] [net.minecraftforge.fml.javafmlmod.FMLModContainer/LOADING]: Creating FMLModContainer instance for com.logprot.Logprot
[17Jun2025 01:45:38.284] [main/DEBUG] [net.minecraftforge.fml.javafmlmod.FMLJavaModLanguageProvider/LOADING]: Loading FMLModContainer from classloader cpw.mods.modlauncher.TransformingClassLoader@342e690b - got cpw.mods.cl.ModuleClassLoader@4d23015c
[17Jun2025 01:45:38.284] [main/DEBUG] [net.minecraftforge.fml.javafmlmod.FMLModContainer/LOADING]: Creating FMLModContainer instance for com.github.alexmodguy.alexscaves.AlexsCaves
[17Jun2025 01:45:38.285] [main/DEBUG] [net.minecraftforge.fml.javafmlmod.FMLJavaModLanguageProvider/LOADING]: Loading FMLModContainer from classloader cpw.mods.modlauncher.TransformingClassLoader@342e690b - got cpw.mods.cl.ModuleClassLoader@4d23015c
[17Jun2025 01:45:38.285] [main/DEBUG] [net.minecraftforge.fml.javafmlmod.FMLModContainer/LOADING]: Creating FMLModContainer instance for de.maxhenkel.voicechat.ForgeVoicechatMod
[17Jun2025 01:45:38.286] [main/DEBUG] [net.minecraftforge.fml.javafmlmod.FMLJavaModLanguageProvider/LOADING]: Loading FMLModContainer from classloader cpw.mods.modlauncher.TransformingClassLoader@342e690b - got cpw.mods.cl.ModuleClassLoader@4d23015c
[17Jun2025 01:45:38.286] [main/DEBUG] [net.minecraftforge.fml.javafmlmod.FMLModContainer/LOADING]: Creating FMLModContainer instance for de.maxhenkel.tradecycling.ForgeTradeCyclingMod
[17Jun2025 01:45:38.287] [main/DEBUG] [net.minecraftforge.fml.javafmlmod.FMLJavaModLanguageProvider/LOADING]: Loading FMLModContainer from classloader cpw.mods.modlauncher.TransformingClassLoader@342e690b - got cpw.mods.cl.ModuleClassLoader@4d23015c
[17Jun2025 01:45:38.287] [main/DEBUG] [net.minecraftforge.fml.javafmlmod.FMLModContainer/LOADING]: Creating FMLModContainer instance for net.darkhax.enchdesc.EnchDescForge
[17Jun2025 01:45:38.287] [main/DEBUG] [net.minecraftforge.fml.javafmlmod.FMLJavaModLanguageProvider/LOADING]: Loading FMLModContainer from classloader cpw.mods.modlauncher.TransformingClassLoader@342e690b - got cpw.mods.cl.ModuleClassLoader@4d23015c
[17Jun2025 01:45:38.287] [main/DEBUG] [net.minecraftforge.fml.javafmlmod.FMLModContainer/LOADING]: Creating FMLModContainer instance for terrablender.core.TerraBlenderForge
[17Jun2025 01:45:38.288] [main/DEBUG] [net.minecraftforge.fml.javafmlmod.FMLJavaModLanguageProvider/LOADING]: Loading FMLModContainer from classloader cpw.mods.modlauncher.TransformingClassLoader@342e690b - got cpw.mods.cl.ModuleClassLoader@4d23015c
[17Jun2025 01:45:38.288] [main/DEBUG] [net.minecraftforge.fml.javafmlmod.FMLModContainer/LOADING]: Creating FMLModContainer instance for net.mehvahdjukaar.moonlight.forge.MoonlightForge
[17Jun2025 01:45:38.288] [main/DEBUG] [net.minecraftforge.fml.javafmlmod.FMLJavaModLanguageProvider/LOADING]: Loading FMLModContainer from classloader cpw.mods.modlauncher.TransformingClassLoader@342e690b - got cpw.mods.cl.ModuleClassLoader@4d23015c
[17Jun2025 01:45:38.289] [main/DEBUG] [net.minecraftforge.fml.javafmlmod.FMLModContainer/LOADING]: Creating FMLModContainer instance for com.bawnorton.mixinsquared.platform.forge.MixinSquaredMod
[17Jun2025 01:45:38.289] [main/DEBUG] [net.minecraftforge.fml.javafmlmod.FMLJavaModLanguageProvider/LOADING]: Loading FMLModContainer from classloader cpw.mods.modlauncher.TransformingClassLoader@342e690b - got cpw.mods.cl.ModuleClassLoader@4d23015c
[17Jun2025 01:45:38.289] [main/DEBUG] [net.minecraftforge.fml.javafmlmod.FMLModContainer/LOADING]: Creating FMLModContainer instance for net.mcreator.borninchaosv.BornInChaosV1Mod
[17Jun2025 01:45:38.289] [main/DEBUG] [net.minecraftforge.fml.javafmlmod.FMLJavaModLanguageProvider/LOADING]: Loading FMLModContainer from classloader cpw.mods.modlauncher.TransformingClassLoader@342e690b - got cpw.mods.cl.ModuleClassLoader@4d23015c
[17Jun2025 01:45:38.290] [main/DEBUG] [net.minecraftforge.fml.javafmlmod.FMLModContainer/LOADING]: Creating FMLModContainer instance for top.theillusivec4.curios.Curios
[17Jun2025 01:45:38.290] [main/DEBUG] [net.minecraftforge.fml.javafmlmod.FMLJavaModLanguageProvider/LOADING]: Loading FMLModContainer from classloader cpw.mods.modlauncher.TransformingClassLoader@342e690b - got cpw.mods.cl.ModuleClassLoader@4d23015c
[17Jun2025 01:45:38.290] [main/DEBUG] [net.minecraftforge.fml.javafmlmod.FMLModContainer/LOADING]: Creating FMLModContainer instance for com.natamus.collective.CollectiveForge
[17Jun2025 01:45:38.291] [main/DEBUG] [net.minecraftforge.fml.javafmlmod.FMLJavaModLanguageProvider/LOADING]: Loading FMLModContainer from classloader cpw.mods.modlauncher.TransformingClassLoader@342e690b - got cpw.mods.cl.ModuleClassLoader@4d23015c
[17Jun2025 01:45:38.291] [main/DEBUG] [net.minecraftforge.fml.javafmlmod.FMLModContainer/LOADING]: Creating FMLModContainer instance for com.betterchunkloading.BetterChunkLoading
[17Jun2025 01:45:38.291] [main/DEBUG] [net.minecraftforge.fml.javafmlmod.FMLJavaModLanguageProvider/LOADING]: Loading FMLModContainer from classloader cpw.mods.modlauncher.TransformingClassLoader@342e690b - got cpw.mods.cl.ModuleClassLoader@4d23015c
[17Jun2025 01:45:38.291] [main/DEBUG] [net.minecraftforge.fml.javafmlmod.FMLModContainer/LOADING]: Creating FMLModContainer instance for com.yungnickyoung.minecraft.betterstrongholds.BetterStrongholdsForge
[17Jun2025 01:45:38.292] [main/DEBUG] [net.minecraftforge.fml.javafmlmod.FMLJavaModLanguageProvider/LOADING]: Loading FMLModContainer from classloader cpw.mods.modlauncher.TransformingClassLoader@342e690b - got cpw.mods.cl.ModuleClassLoader@4d23015c
[17Jun2025 01:45:38.292] [main/DEBUG] [net.minecraftforge.fml.javafmlmod.FMLModContainer/LOADING]: Creating FMLModContainer instance for ovh.corail.tombstone.ModTombstone
[17Jun2025 01:45:38.292] [main/DEBUG] [net.minecraftforge.fml.javafmlmod.FMLJavaModLanguageProvider/LOADING]: Loading FMLModContainer from classloader cpw.mods.modlauncher.TransformingClassLoader@342e690b - got cpw.mods.cl.ModuleClassLoader@4d23015c
[17Jun2025 01:45:38.292] [main/DEBUG] [net.minecraftforge.fml.javafmlmod.FMLModContainer/LOADING]: Creating FMLModContainer instance for dev.architectury.forge.ArchitecturyForge
[17Jun2025 01:45:38.293] [main/DEBUG] [net.minecraftforge.fml.javafmlmod.FMLJavaModLanguageProvider/LOADING]: Loading FMLModContainer from classloader cpw.mods.modlauncher.TransformingClassLoader@342e690b - got cpw.mods.cl.ModuleClassLoader@4d23015c
[17Jun2025 01:45:38.293] [main/DEBUG] [net.minecraftforge.fml.javafmlmod.FMLModContainer/LOADING]: Creating FMLModContainer instance for com.cupboard.Cupboard
[17Jun2025 01:45:38.293] [main/DEBUG] [net.minecraftforge.fml.javafmlmod.FMLJavaModLanguageProvider/LOADING]: Loading FMLModContainer from classloader cpw.mods.modlauncher.TransformingClassLoader@342e690b - got cpw.mods.cl.ModuleClassLoader@4d23015c
[17Jun2025 01:45:38.293] [main/DEBUG] [net.minecraftforge.fml.javafmlmod.FMLModContainer/LOADING]: Creating FMLModContainer instance for com.yungnickyoung.minecraft.betterendisland.BetterEndIslandForge
[17Jun2025 01:45:38.293] [main/DEBUG] [net.minecraftforge.fml.javafmlmod.FMLJavaModLanguageProvider/LOADING]: Loading FMLModContainer from classloader cpw.mods.modlauncher.TransformingClassLoader@342e690b - got cpw.mods.cl.ModuleClassLoader@4d23015c
[17Jun2025 01:45:38.293] [main/DEBUG] [net.minecraftforge.fml.javafmlmod.FMLModContainer/LOADING]: Creating FMLModContainer instance for net.olafski.fastleafdecay.FastLeafDecay
[17Jun2025 01:45:38.294] [main/DEBUG] [net.minecraftforge.fml.javafmlmod.FMLJavaModLanguageProvider/LOADING]: Loading FMLModContainer from classloader cpw.mods.modlauncher.TransformingClassLoader@342e690b - got cpw.mods.cl.ModuleClassLoader@4d23015c
[17Jun2025 01:45:38.294] [main/DEBUG] [net.minecraftforge.fml.javafmlmod.FMLModContainer/LOADING]: Creating FMLModContainer instance for lain.mods.cos.init.forge.ForgeCosmeticArmorReworked
[17Jun2025 01:45:38.294] [main/DEBUG] [net.minecraftforge.fml.javafmlmod.FMLJavaModLanguageProvider/LOADING]: Loading FMLModContainer from classloader cpw.mods.modlauncher.TransformingClassLoader@342e690b - got cpw.mods.cl.ModuleClassLoader@4d23015c
[17Jun2025 01:45:38.294] [main/DEBUG] [net.minecraftforge.fml.javafmlmod.FMLModContainer/LOADING]: Creating FMLModContainer instance for be.florens.expandability.forge.ExpandAbilityForge
[17Jun2025 01:45:38.295] [main/DEBUG] [net.minecraftforge.fml.javafmlmod.FMLJavaModLanguageProvider/LOADING]: Loading FMLModContainer from classloader cpw.mods.modlauncher.TransformingClassLoader@342e690b - got cpw.mods.cl.ModuleClassLoader@4d23015c
[17Jun2025 01:45:38.295] [main/DEBUG] [net.minecraftforge.fml.javafmlmod.FMLModContainer/LOADING]: Creating FMLModContainer instance for com.yungnickyoung.minecraft.bettermineshafts.BetterMineshaftsForge
[17Jun2025 01:45:38.295] [main/DEBUG] [net.minecraftforge.fml.javafmlmod.FMLJavaModLanguageProvider/LOADING]: Loading FMLModContainer from classloader cpw.mods.modlauncher.TransformingClassLoader@342e690b - got cpw.mods.cl.ModuleClassLoader@4d23015c
[17Jun2025 01:45:38.295] [main/DEBUG] [net.minecraftforge.fml.javafmlmod.FMLModContainer/LOADING]: Creating FMLModContainer instance for com.chunksending.ChunkSending
[17Jun2025 01:45:38.296] [main/DEBUG] [net.minecraftforge.fml.javafmlmod.FMLJavaModLanguageProvider/LOADING]: Loading FMLModContainer from classloader cpw.mods.modlauncher.TransformingClassLoader@342e690b - got cpw.mods.cl.ModuleClassLoader@4d23015c
[17Jun2025 01:45:38.296] [main/DEBUG] [net.minecraftforge.fml.javafmlmod.FMLModContainer/LOADING]: Creating FMLModContainer instance for com.yungnickyoung.minecraft.betterjungletemples.BetterJungleTemplesForge
[17Jun2025 01:45:38.310] [modloading-worker-0/DEBUG] [betterdungeons/]: Loaded com.yungnickyoung.minecraft.betterdungeons.services.ForgePlatformHelper@7c0a82e4 for service interface com.yungnickyoung.minecraft.betterdungeons.services.IPlatformHelper
[17Jun2025 01:45:38.310] [modloading-worker-0/DEBUG] [net.minecraftforge.fml.javafmlmod.AutomaticEventSubscriber/LOADING]: Attempting to inject @EventBusSubscriber classes into the eventbus for kuma_api
[17Jun2025 01:45:38.311] [modloading-worker-0/DEBUG] [betterdungeons/]: Loaded com.yungnickyoung.minecraft.betterdungeons.services.ForgeModulesLoader@76dd8fd1 for service interface com.yungnickyoung.minecraft.betterdungeons.services.IModulesLoader
[17Jun2025 01:45:38.316] [modloading-worker-0/DEBUG] [betterwitchhuts/]: Loaded com.yungnickyoung.minecraft.betterwitchhuts.services.ForgePlatformHelper@797e758a for service interface com.yungnickyoung.minecraft.betterwitchhuts.services.IPlatformHelper
[17Jun2025 01:45:38.323] [modloading-worker-0/DEBUG] [mixin/]: Mixing SimpleChannelMixin from connectivity.mixins.json into net.minecraftforge.network.simple.SimpleChannel
[17Jun2025 01:45:38.334] [modloading-worker-0/DEBUG] [betterwitchhuts/]: Loaded com.yungnickyoung.minecraft.betterwitchhuts.services.ForgeModulesLoader@b7497ef for service interface com.yungnickyoung.minecraft.betterwitchhuts.services.IModulesLoader
[17Jun2025 01:45:38.342] [modloading-worker-0/DEBUG] [net.minecraftforge.fml.config.ConfigTracker/CONFIG]: Config file betterwitchhuts-forge-1_20.toml for betterwitchhuts tracking
[17Jun2025 01:45:38.343] [modloading-worker-0/DEBUG] [mixin/]: Mixing MixinLevelEvent from architectury.mixins.json into net.minecraftforge.event.level.LevelEvent
[17Jun2025 01:45:38.347] [modloading-worker-0/DEBUG] [net.minecraftforge.fml.config.ConfigTracker/CONFIG]: Config file betterdungeons-forge-1_20.toml for betterdungeons tracking
[17Jun2025 01:45:38.355] [modloading-worker-0/DEBUG] [net.minecraftforge.fml.javafmlmod.AutomaticEventSubscriber/LOADING]: Attempting to inject @EventBusSubscriber classes into the eventbus for recipeessentials
[17Jun2025 01:45:38.364] [modloading-worker-0/DEBUG] [net.minecraftforge.fml.javafmlmod.AutomaticEventSubscriber/LOADING]: Attempting to inject @EventBusSubscriber classes into the eventbus for betterwitchhuts
[17Jun2025 01:45:38.364] [modloading-worker-0/DEBUG] [net.minecraftforge.fml.javafmlmod.AutomaticEventSubscriber/LOADING]: Attempting to inject @EventBusSubscriber classes into the eventbus for betterdungeons
[17Jun2025 01:45:38.377] [modloading-worker-0/DEBUG] [net.minecraftforge.fml.config.ConfigTracker/CONFIG]: Config file sophisticatedcore-common.toml for sophisticatedcore tracking
[17Jun2025 01:45:38.381] [modloading-worker-0/DEBUG] [net.minecraftforge.fml.config.ConfigTracker/CONFIG]: Config file sophisticatedcore-client.toml for sophisticatedcore tracking
[17Jun2025 01:45:38.386] [modloading-worker-0/DEBUG] [net.minecraftforge.fml.javafmlmod.AutomaticEventSubscriber/LOADING]: Attempting to inject @EventBusSubscriber classes into the eventbus for connectivity
[17Jun2025 01:45:38.393] [modloading-worker-0/DEBUG] [net.minecraftforge.fml.javafmlmod.AutomaticEventSubscriber/LOADING]: Attempting to inject @EventBusSubscriber classes into the eventbus for geckolib
[17Jun2025 01:45:38.397] [modloading-worker-0/DEBUG] [net.minecraftforge.fml.javafmlmod.AutomaticEventSubscriber/LOADING]: Auto-subscribing software.bernie.example.GeckoLibMod to FORGE
[17Jun2025 01:45:38.397] [modloading-worker-0/DEBUG] [net.minecraftforge.fml.javafmlmod.AutomaticEventSubscriber/LOADING]: Auto-subscribing software.bernie.example.CommonListener to MOD
[17Jun2025 01:45:38.404] [modloading-worker-0/DEBUG] [net.minecraftforge.fml.javafmlmod.AutomaticEventSubscriber/LOADING]: Attempting to inject @EventBusSubscriber classes into the eventbus for structureessentials
[17Jun2025 01:45:38.427] [modloading-worker-0/DEBUG] [mixin/]: Mixing ReloadableServerResourcesMixin from recipeessentials.mixins.json into net.minecraft.server.ReloadableServerResources
[17Jun2025 01:45:38.430] [modloading-worker-0/DEBUG] [mixin/]: Mixing ReloadableServerResourcesMixin from balm.mixins.json into net.minecraft.server.ReloadableServerResources
[17Jun2025 01:45:38.431] [modloading-worker-0/DEBUG] [mixin/]: Renaming synthetic method lambda$loadResources$0(Lnet/minecraft/server/ReloadableServerResources;)V to md2eb031$lambda$loadResources$0$0 in balm.mixins.json:ReloadableServerResourcesMixin
[17Jun2025 01:45:38.450] [modloading-worker-0/DEBUG] [mixin/]: Mixing PlayerListMixin from balm.mixins.json into net.minecraft.server.players.PlayerList
[17Jun2025 01:45:38.470] [modloading-worker-0/DEBUG] [mixin/]: Mixing RecipeManagerMixin from recipeessentials.mixins.json into net.minecraft.world.item.crafting.RecipeManager
[17Jun2025 01:45:38.470] [modloading-worker-0/INFO] [Collective/]: [Collective] JSON file 'entity_names.json' generation requested by mod 'villagernames'.
[17Jun2025 01:45:38.471] [modloading-worker-0/DEBUG] [mixin/]: Mixing accessors.world.AccessorRecipeManager from bookshelf.common.mixins.json into net.minecraft.world.item.crafting.RecipeManager
[17Jun2025 01:45:38.476] [modloading-worker-0/DEBUG] [mixin/]: Mixing patches.packs.resources.MixinSimpleJsonResourceReloadListener from bookshelf.common.mixins.json into net.minecraft.server.packs.resources.SimpleJsonResourceReloadListener
[17Jun2025 01:45:38.477] [modloading-worker-0/DEBUG] [mixin/]: Renaming synthetic method lambda$prepare$0(Ljava/util/Map$Entry;)Z to md2eb031$lambda$prepare$0$0 in bookshelf.common.mixins.json:patches.packs.resources.MixinSimpleJsonResourceReloadListener
[17Jun2025 01:45:38.485] [modloading-worker-0/DEBUG] [mixin/]: Mixing ConditionHackMixin from moonlight.mixins.json into net.minecraft.server.packs.resources.SimplePreparableReloadListener
[17Jun2025 01:45:38.498] [modloading-worker-0/DEBUG] [net.minecraftforge.fml.javafmlmod.AutomaticEventSubscriber/LOADING]: Attempting to inject @EventBusSubscriber classes into the eventbus for villagernames
[17Jun2025 01:45:38.500] [modloading-worker-0/DEBUG] [net.minecraftforge.fml.javafmlmod.AutomaticEventSubscriber/LOADING]: Attempting to inject @EventBusSubscriber classes into the eventbus for clumps
[17Jun2025 01:45:38.509] [modloading-worker-0/DEBUG] [net.minecraftforge.fml.javafmlmod.AutomaticEventSubscriber/LOADING]: Attempting to inject @EventBusSubscriber classes into the eventbus for sophisticatedcore
[17Jun2025 01:45:38.516] [modloading-worker-0/DEBUG] [net.minecraftforge.fml.javafmlmod.AutomaticEventSubscriber/LOADING]: Attempting to inject @EventBusSubscriber classes into the eventbus for fastasyncworldsave
[17Jun2025 01:45:38.518] [modloading-worker-0/DEBUG] [net.minecraftforge.fml.config.ConfigTracker/CONFIG]: Config file journeymap-server.toml for journeymap tracking
[17Jun2025 01:45:38.518] [modloading-worker-0/DEBUG] [net.minecraftforge.fml.javafmlmod.AutomaticEventSubscriber/LOADING]: Attempting to inject @EventBusSubscriber classes into the eventbus for journeymap
[17Jun2025 01:45:38.521] [modloading-worker-0/DEBUG] [net.minecraftforge.fml.javafmlmod.AutomaticEventSubscriber/LOADING]: Auto-subscribing journeymap.common.config.forge.ForgeConfig to MOD
[17Jun2025 01:45:38.524] [modloading-worker-0/DEBUG] [net.minecraftforge.fml.javafmlmod.AutomaticEventSubscriber/LOADING]: Auto-subscribing journeymap.common.Journeymap to FORGE
[17Jun2025 01:45:38.531] [modloading-worker-0/DEBUG] [yungscavebiomes/]: Loaded com.yungnickyoung.minecraft.yungscavebiomes.services.ForgePlatformHelper@53508053 for service interface com.yungnickyoung.minecraft.yungscavebiomes.services.IPlatformHelper
[17Jun2025 01:45:38.531] [modloading-worker-0/DEBUG] [yungscavebiomes/]: Loaded com.yungnickyoung.minecraft.yungscavebiomes.services.ForgeModulesLoader@560da2cf for service interface com.yungnickyoung.minecraft.yungscavebiomes.services.IModulesLoader
[17Jun2025 01:45:38.547] [modloading-worker-0/DEBUG] [net.minecraftforge.fml.config.ConfigTracker/CONFIG]: Config file YungsCaveBiomes-forge-1_20_1.toml for yungscavebiomes tracking
[17Jun2025 01:45:38.554] [modloading-worker-0/DEBUG] [net.minecraftforge.fml.config.ConfigTracker/CONFIG]: Config file citadel-common.toml for citadel tracking
[17Jun2025 01:45:38.560] [modloading-worker-0/DEBUG] [net.minecraftforge.fml.javafmlmod.AutomaticEventSubscriber/LOADING]: Attempting to inject @EventBusSubscriber classes into the eventbus for yungscavebiomes
[17Jun2025 01:45:38.562] [modloading-worker-0/DEBUG] [net.minecraftforge.fml.javafmlmod.AutomaticEventSubscriber/LOADING]: Attempting to inject @EventBusSubscriber classes into the eventbus for citadel
[17Jun2025 01:45:38.566] [modloading-worker-0/DEBUG] [net.minecraftforge.fml.javafmlmod.AutomaticEventSubscriber/LOADING]: Auto-subscribing com.github.alexthe666.citadel.ServerProxy to MOD
[17Jun2025 01:45:38.572] [modloading-worker-0/DEBUG] [net.minecraftforge.fml.javafmlmod.AutomaticEventSubscriber/LOADING]: Attempting to inject @EventBusSubscriber classes into the eventbus for lootintegrations
[17Jun2025 01:45:38.607] [modloading-worker-0/DEBUG] [net.minecraftforge.fml.javafmlmod.AutomaticEventSubscriber/LOADING]: Attempting to inject @EventBusSubscriber classes into the eventbus for lithostitched
[17Jun2025 01:45:38.607] [modloading-worker-0/DEBUG] [net.minecraftforge.fml.javafmlmod.AutomaticEventSubscriber/LOADING]: Attempting to inject @EventBusSubscriber classes into the eventbus for mixinextras
[17Jun2025 01:45:38.617] [modloading-worker-0/DEBUG] [Bookshelf/]: Loaded net.darkhax.bookshelf.impl.util.PlatformHelperForge@307a893c for service interface net.darkhax.bookshelf.api.util.IPlatformHelper.
[17Jun2025 01:45:38.620] [modloading-worker-0/DEBUG] [Bookshelf/]: Loaded net.darkhax.bookshelf.impl.event.EventHelperForge@7af9db7d for service interface net.darkhax.bookshelf.api.event.IEventHelper.
[17Jun2025 01:45:38.626] [modloading-worker-0/DEBUG] [Bookshelf/]: Loaded net.darkhax.bookshelf.impl.registry.ContentLoaderForge@bb035fe for service interface net.darkhax.bookshelf.api.registry.IContentLoader.
[17Jun2025 01:45:38.631] [modloading-worker-0/DEBUG] [Bookshelf/]: Loaded net.darkhax.bookshelf.impl.data.TagHelperForge@a0af73a for service interface net.darkhax.bookshelf.api.data.ITagHelper.
[17Jun2025 01:45:38.633] [modloading-worker-0/DEBUG] [Bookshelf/]: Loaded net.darkhax.bookshelf.impl.util.InventoryHelperForge@292e8803 for service interface net.darkhax.bookshelf.api.util.IInventoryHelper.
[17Jun2025 01:45:38.637] [modloading-worker-0/DEBUG] [Bookshelf/]: Loaded net.darkhax.bookshelf.impl.util.ConstructHelperForge@93f2b99 for service interface net.darkhax.bookshelf.api.util.IConstructHelper.
[17Jun2025 01:45:38.678] [modloading-worker-0/INFO] [Bookshelf/]: Fixing MC-151457. Crafting remainder for minecraft:pufferfish_bucket is now minecraft:bucket.
[17Jun2025 01:45:38.679] [modloading-worker-0/INFO] [Bookshelf/]: Fixing MC-151457. Crafting remainder for minecraft:salmon_bucket is now minecraft:bucket.
[17Jun2025 01:45:38.684] [modloading-worker-0/DEBUG] [net.minecraftforge.fml.config.ConfigTracker/CONFIG]: Config file waystones-common.toml for waystones tracking
[17Jun2025 01:45:38.681] [modloading-worker-0/INFO] [Bookshelf/]: Fixing MC-151457. Crafting remainder for minecraft:cod_bucket is now minecraft:bucket.
[17Jun2025 01:45:38.686] [modloading-worker-0/INFO] [Bookshelf/]: Fixing MC-151457. Crafting remainder for minecraft:tropical_fish_bucket is now minecraft:bucket.
[17Jun2025 01:45:38.687] [modloading-worker-0/INFO] [Bookshelf/]: Fixing MC-151457. Crafting remainder for minecraft:axolotl_bucket is now minecraft:bucket.
[17Jun2025 01:45:38.687] [modloading-worker-0/INFO] [Bookshelf/]: Fixing MC-151457. Crafting remainder for minecraft:powder_snow_bucket is now minecraft:bucket.
[17Jun2025 01:45:38.687] [modloading-worker-0/INFO] [Bookshelf/]: Fixing MC-151457. Crafting remainder for minecraft:tadpole_bucket is now minecraft:bucket.
[17Jun2025 01:45:38.695] [modloading-worker-0/DEBUG] [net.minecraftforge.fml.javafmlmod.AutomaticEventSubscriber/LOADING]: Attempting to inject @EventBusSubscriber classes into the eventbus for bookshelf
[17Jun2025 01:45:38.697] [modloading-worker-0/DEBUG] [net.minecraftforge.fml.javafmlmod.AutomaticEventSubscriber/LOADING]: Auto-subscribing net.darkhax.bookshelf.impl.gametest.BookshelfForgeGameTests to MOD
[17Jun2025 01:45:38.711] [modloading-worker-0/INFO] [dev.architectury.networking.forge.NetworkManagerImpl/]: Registering C2S receiver with id architectury:sync_ids
[17Jun2025 01:45:38.714] [modloading-worker-0/INFO] [dev.architectury.networking.forge.NetworkManagerImpl/]: Registering C2S receiver with id artifacts:networking_channel/42a7ad70b1cc371599a0eff744096b8a
[17Jun2025 01:45:38.721] [modloading-worker-0/INFO] [dev.architectury.networking.forge.NetworkManagerImpl/]: Registering C2S receiver with id artifacts:networking_channel/74a5e841822a3a87854ae896a33430d6
[17Jun2025 01:45:38.725] [modloading-worker-0/INFO] [dev.architectury.networking.forge.NetworkManagerImpl/]: Registering C2S receiver with id artifacts:networking_channel/eb3d1e2748533430848cadf0f37c7e9c
[17Jun2025 01:45:38.727] [modloading-worker-0/INFO] [dev.architectury.networking.forge.NetworkManagerImpl/]: Registering C2S receiver with id artifacts:networking_channel/91c8520f19f93b3e8b6a727568e194ab
[17Jun2025 01:45:38.731] [modloading-worker-0/INFO] [dev.architectury.networking.forge.NetworkManagerImpl/]: Registering C2S receiver with id artifacts:networking_channel/8c2784d778293fd482ed84b8aa5fedb9
[17Jun2025 01:45:38.735] [modloading-worker-0/INFO] [dev.architectury.networking.forge.NetworkManagerImpl/]: Registering C2S receiver with id artifacts:networking_channel/ea038224ea783d40b2863f52239e2604
[17Jun2025 01:45:38.741] [modloading-worker-0/INFO] [dev.architectury.networking.forge.NetworkManagerImpl/]: Registering C2S receiver with id artifacts:networking_channel/97ad64b7ecaf33209991c4f031501a58
[17Jun2025 01:45:38.816] [modloading-worker-0/DEBUG] [mixin/]: Mixing item.wearable.WearableArtifactItemMixin from mixins.artifacts.forge.json into artifacts.item.wearable.WearableArtifactItem
[17Jun2025 01:45:38.836] [modloading-worker-0/DEBUG] [mixin/]: Mixing item.umbrella.UmbrellaItemMixin from mixins.artifacts.forge.json into artifacts.item.UmbrellaItem
[17Jun2025 01:45:38.848] [modloading-worker-0/DEBUG] [betterfortresses/]: Loaded com.yungnickyoung.minecraft.betterfortresses.services.ForgePlatformHelper@5c2c621 for service interface com.yungnickyoung.minecraft.betterfortresses.services.IPlatformHelper
[17Jun2025 01:45:38.854] [modloading-worker-0/DEBUG] [betterfortresses/]: Loaded com.yungnickyoung.minecraft.betterfortresses.services.ForgeModulesLoader@1390839 for service interface com.yungnickyoung.minecraft.betterfortresses.services.IModulesLoader
[17Jun2025 01:45:38.861] [modloading-worker-0/DEBUG] [betterfortresses/]: Loaded com.yungnickyoung.minecraft.betterfortresses.services.ForgeProcessorProvider@5a574e63 for service interface com.yungnickyoung.minecraft.betterfortresses.services.IProcessorProvider
[17Jun2025 01:45:38.864] [modloading-worker-0/DEBUG] [net.minecraftforge.fml.config.ConfigTracker/CONFIG]: Config file sophisticatedbackpacks-server.toml for sophisticatedbackpacks tracking
[17Jun2025 01:45:38.864] [modloading-worker-0/DEBUG] [net.minecraftforge.fml.config.ConfigTracker/CONFIG]: Config file sophisticatedbackpacks-common.toml for sophisticatedbackpacks tracking
[17Jun2025 01:45:38.905] [modloading-worker-0/DEBUG] [net.minecraftforge.fml.javafmlmod.AutomaticEventSubscriber/LOADING]: Attempting to inject @EventBusSubscriber classes into the eventbus for waystones
[17Jun2025 01:45:38.917] [modloading-worker-0/DEBUG] [betterdeserttemples/]: Loaded com.yungnickyoung.minecraft.betterdeserttemples.services.ForgePlatformHelper@2050f60b for service interface com.yungnickyoung.minecraft.betterdeserttemples.services.IPlatformHelper
[17Jun2025 01:45:38.917] [modloading-worker-0/DEBUG] [betterdeserttemples/]: Loaded com.yungnickyoung.minecraft.betterdeserttemples.services.ForgeModulesLoader@4b0c08a5 for service interface com.yungnickyoung.minecraft.betterdeserttemples.services.IModulesLoader
[17Jun2025 01:45:38.925] [modloading-worker-0/DEBUG] [betterdeserttemples/]: Loaded com.yungnickyoung.minecraft.betterdeserttemples.services.ForgeProcessorProvider@2d695c84 for service interface com.yungnickyoung.minecraft.betterdeserttemples.services.IProcessorProvider
[17Jun2025 01:45:38.974] [modloading-worker-0/DEBUG] [net.minecraftforge.fml.config.ConfigTracker/CONFIG]: Config file betterdeserttemples-forge-1_20.toml for betterdeserttemples tracking
[17Jun2025 01:45:38.975] [modloading-worker-0/DEBUG] [net.minecraftforge.fml.javafmlmod.AutomaticEventSubscriber/LOADING]: Attempting to inject @EventBusSubscriber classes into the eventbus for betterdeserttemples
[17Jun2025 01:45:39.014] [modloading-worker-0/DEBUG] [net.minecraftforge.fml.config.ConfigTracker/CONFIG]: Config file takesapillage-common.toml for takesapillage tracking
[17Jun2025 01:45:39.014] [modloading-worker-0/DEBUG] [net.minecraftforge.fml.javafmlmod.AutomaticEventSubscriber/LOADING]: Attempting to inject @EventBusSubscriber classes into the eventbus for takesapillage
[17Jun2025 01:45:39.014] [modloading-worker-0/DEBUG] [net.minecraftforge.fml.javafmlmod.AutomaticEventSubscriber/LOADING]: Auto-subscribing com.izofar.takesapillage.RegistryEvents to MOD
[17Jun2025 01:45:39.039] [modloading-worker-0/DEBUG] [net.minecraftforge.fml.javafmlmod.AutomaticEventSubscriber/LOADING]: Attempting to inject @EventBusSubscriber classes into the eventbus for yungsapi
[17Jun2025 01:45:39.055] [modloading-worker-0/DEBUG] [net.minecraftforge.fml.javafmlmod.AutomaticEventSubscriber/LOADING]: Attempting to inject @EventBusSubscriber classes into the eventbus for artifacts
[17Jun2025 01:45:39.057] [modloading-worker-0/DEBUG] [net.minecraftforge.fml.javafmlmod.AutomaticEventSubscriber/LOADING]: Attempting to inject @EventBusSubscriber classes into the eventbus for clickadv
[17Jun2025 01:45:39.075] [modloading-worker-0/DEBUG] [net.minecraftforge.fml.config.ConfigTracker/CONFIG]: Config file betterfortresses-forge-1_20.toml for betterfortresses tracking
[17Jun2025 01:45:39.076] [modloading-worker-0/DEBUG] [net.minecraftforge.fml.javafmlmod.AutomaticEventSubscriber/LOADING]: Attempting to inject @EventBusSubscriber classes into the eventbus for betterfortresses
[17Jun2025 01:45:39.076] [modloading-worker-0/DEBUG] [net.minecraftforge.fml.javafmlmod.AutomaticEventSubscriber/LOADING]: Attempting to inject @EventBusSubscriber classes into the eventbus for cloth_config
[17Jun2025 01:45:39.089] [modloading-worker-0/DEBUG] [Carry On/]: Loaded tschipp.carryon.platform.ForgePlatformHelper@13404696 for service interface tschipp.carryon.platform.services.IPlatformHelper
[17Jun2025 01:45:39.093] [modloading-worker-0/DEBUG] [Carry On/]: Loaded tschipp.carryon.platform.ForgeGamestagesHelper@7a586b00 for service interface tschipp.carryon.platform.services.IGamestagePlatformHelper
[17Jun2025 01:45:39.098] [modloading-worker-0/DEBUG] [net.minecraftforge.fml.config.ConfigTracker/CONFIG]: Config file balm-client.toml for balm tracking
[17Jun2025 01:45:39.101] [modloading-worker-0/DEBUG] [net.minecraftforge.fml.config.ConfigTracker/CONFIG]: Config file carryon-common.toml for carryon tracking
[17Jun2025 01:45:39.104] [modloading-worker-0/DEBUG] [net.minecraftforge.fml.config.ConfigTracker/CONFIG]: Config file carryon-client.toml for carryon tracking
[17Jun2025 01:45:39.104] [modloading-worker-0/DEBUG] [net.minecraftforge.fml.javafmlmod.AutomaticEventSubscriber/LOADING]: Attempting to inject @EventBusSubscriber classes into the eventbus for carryon
[17Jun2025 01:45:39.104] [modloading-worker-0/DEBUG] [net.minecraftforge.fml.javafmlmod.AutomaticEventSubscriber/LOADING]: Auto-subscribing tschipp.carryon.CarryOnForge to MOD
[17Jun2025 01:45:39.104] [modloading-worker-0/DEBUG] [net.minecraftforge.fml.javafmlmod.AutomaticEventSubscriber/LOADING]: Auto-subscribing tschipp.carryon.events.CommonEvents to FORGE
[17Jun2025 01:45:39.105] [modloading-worker-0/DEBUG] [net.minecraftforge.versions.forge.ForgeVersion/CORE]: Forge Version package package net.minecraftforge.versions.forge, Forge, version 47.3 from cpw.mods.modlauncher.TransformingClassLoader@342e690b
[17Jun2025 01:45:39.105] [modloading-worker-0/DEBUG] [net.minecraftforge.versions.forge.ForgeVersion/CORE]: Found Forge version 47.3.7
[17Jun2025 01:45:39.105] [modloading-worker-0/DEBUG] [net.minecraftforge.versions.forge.ForgeVersion/CORE]: Found Forge spec 47.3
[17Jun2025 01:45:39.105] [modloading-worker-0/DEBUG] [net.minecraftforge.versions.forge.ForgeVersion/CORE]: Found Forge group net.minecraftforge
[17Jun2025 01:45:39.106] [modloading-worker-0/DEBUG] [net.minecraftforge.versions.mcp.MCPVersion/CORE]: MCP Version package package net.minecraftforge.versions.mcp, Minecraft, version 1.20.1 from cpw.mods.modlauncher.TransformingClassLoader@342e690b
[17Jun2025 01:45:39.110] [modloading-worker-0/DEBUG] [net.minecraftforge.versions.mcp.MCPVersion/CORE]: Found MC version information 1.20.1
[17Jun2025 01:45:39.110] [modloading-worker-0/DEBUG] [net.minecraftforge.versions.mcp.MCPVersion/CORE]: Found MCP version information 20230612.114412
[17Jun2025 01:45:39.110] [modloading-worker-0/INFO] [net.minecraftforge.common.ForgeMod/FORGEMOD]: Forge mod loading, version 47.3.7, for MC 1.20.1 with MCP 20230612.114412
[17Jun2025 01:45:39.110] [modloading-worker-0/INFO] [net.minecraftforge.common.MinecraftForge/FORGE]: MinecraftForge v47.3.7 Initialized
[17Jun2025 01:45:39.115] [modloading-worker-0/DEBUG] [net.minecraftforge.fml.config.ConfigTracker/CONFIG]: Config file balm-common.toml for balm tracking
[17Jun2025 01:45:39.125] [modloading-worker-0/DEBUG] [net.minecraftforge.fml.javafmlmod.AutomaticEventSubscriber/LOADING]: Auto-subscribing tschipp.carryon.events.ModBusEvents to MOD
[17Jun2025 01:45:39.127] [modloading-worker-0/DEBUG] [net.minecraftforge.fml.javafmlmod.AutomaticEventSubscriber/LOADING]: Attempting to inject @EventBusSubscriber classes into the eventbus for ctov
[17Jun2025 01:45:39.132] [modloading-worker-0/DEBUG] [net.minecraftforge.fml.javafmlmod.AutomaticEventSubscriber/LOADING]: Attempting to inject @EventBusSubscriber classes into the eventbus for balm
[17Jun2025 01:45:39.142] [modloading-worker-0/DEBUG] [net.minecraftforge.fml.javafmlmod.AutomaticEventSubscriber/LOADING]: Attempting to inject @EventBusSubscriber classes into the eventbus for smoothchunk
[17Jun2025 01:45:39.153] [modloading-worker-0/DEBUG] [net.minecraftforge.fml.javafmlmod.AutomaticEventSubscriber/LOADING]: Attempting to inject @EventBusSubscriber classes into the eventbus for logprot
[17Jun2025 01:45:39.155] [modloading-worker-0/DEBUG] [mixin/]: Mixing networkstats.CCustomPayloadPacketNameMixin from connectivity.mixins.json into net.minecraft.network.protocol.game.ServerboundCustomPayloadPacket
[17Jun2025 01:45:39.161] [modloading-worker-0/DEBUG] [mixin/]: Mixing ClientBoundCustomPayloadPacketLMixin from connectivity.mixins.json into net.minecraft.network.protocol.game.ClientboundCustomPayloadPacket
[17Jun2025 01:45:39.162] [modloading-worker-0/DEBUG] [mixin/]: Mixing networkstats.SCustomPayloadPlayPacketNameMixin from connectivity.mixins.json into net.minecraft.network.protocol.game.ClientboundCustomPayloadPacket
[17Jun2025 01:45:39.174] [modloading-worker-0/DEBUG] [net.minecraftforge.fml.config.ConfigTracker/CONFIG]: Config file alexscaves-general.toml for alexscaves tracking
[17Jun2025 01:45:39.174] [modloading-worker-0/DEBUG] [net.minecraftforge.fml.config.ConfigTracker/CONFIG]: Config file alexscaves-client.toml for alexscaves tracking
[17Jun2025 01:45:39.175] [modloading-worker-0/DEBUG] [mixin/]: Mixing networkstats.CCustomPayloadLoginPacketNameMixin from connectivity.mixins.json into net.minecraft.network.protocol.login.ServerboundCustomQueryPacket
[17Jun2025 01:45:39.180] [modloading-worker-0/DEBUG] [mixin/]: Mixing networkstats.SCustomPayloadLoginPacketNameMixin from connectivity.mixins.json into net.minecraft.network.protocol.login.ClientboundCustomQueryPacket
[17Jun2025 01:45:39.230] [modloading-worker-0/DEBUG] [net.minecraftforge.fml.javafmlmod.AutomaticEventSubscriber/LOADING]: Attempting to inject @EventBusSubscriber classes into the eventbus for sophisticatedbackpacks
[17Jun2025 01:45:39.248] [modloading-worker-0/DEBUG] [net.minecraftforge.fml.javafmlmod.AutomaticEventSubscriber/LOADING]: Attempting to inject @EventBusSubscriber classes into the eventbus for voicechat
[17Jun2025 01:45:39.250] [modloading-worker-0/DEBUG] [net.minecraftforge.fml.config.ConfigTracker/CONFIG]: Config file supplementaries-common.toml for supplementaries tracking
[17Jun2025 01:45:39.252] [modloading-worker-0/DEBUG] [net.minecraftforge.fml.javafmlmod.AutomaticEventSubscriber/LOADING]: Attempting to inject @EventBusSubscriber classes into the eventbus for trade_cycling
[17Jun2025 01:45:39.254] [modloading-worker-0/DEBUG] [net.minecraftforge.fml.javafmlmod.AutomaticEventSubscriber/LOADING]: Attempting to inject @EventBusSubscriber classes into the eventbus for enchdesc
[17Jun2025 01:45:39.262] [modloading-worker-0/DEBUG] [net.minecraftforge.fml.javafmlmod.AutomaticEventSubscriber/LOADING]: Attempting to inject @EventBusSubscriber classes into the eventbus for terrablender
[17Jun2025 01:45:39.262] [modloading-worker-0/DEBUG] [net.minecraftforge.fml.javafmlmod.AutomaticEventSubscriber/LOADING]: Auto-subscribing terrablender.handler.InitializationHandler to FORGE
[17Jun2025 01:45:39.269] [modloading-worker-0/DEBUG] [io.netty.util.internal.PlatformDependent0/]: -Dio.netty.noUnsafe: false
[17Jun2025 01:45:39.269] [modloading-worker-0/DEBUG] [io.netty.util.internal.PlatformDependent0/]: Java version: 17
[17Jun2025 01:45:39.270] [modloading-worker-0/DEBUG] [io.netty.util.internal.PlatformDependent0/]: sun.misc.Unsafe.theUnsafe: available
[17Jun2025 01:45:39.270] [modloading-worker-0/DEBUG] [io.netty.util.internal.PlatformDependent0/]: sun.misc.Unsafe.copyMemory: available
[17Jun2025 01:45:39.273] [modloading-worker-0/DEBUG] [io.netty.util.internal.PlatformDependent0/]: sun.misc.Unsafe.storeFence: available
[17Jun2025 01:45:39.274] [modloading-worker-0/DEBUG] [io.netty.util.internal.PlatformDependent0/]: java.nio.Buffer.address: available
[17Jun2025 01:45:39.274] [modloading-worker-0/DEBUG] [io.netty.util.internal.PlatformDependent0/]: direct buffer constructor: unavailable
java.lang.UnsupportedOperationException: Reflective setAccessible(true) disabled
	at io.netty.util.internal.ReflectionUtil.trySetAccessible(ReflectionUtil.java:31) ~[netty-common-4.1.82.Final.jar%2382!/:4.1.82.Final]
	at io.netty.util.internal.PlatformDependent0$5.run(PlatformDependent0.java:288) ~[netty-common-4.1.82.Final.jar%2382!/:4.1.82.Final]
	at java.security.AccessController.doPrivileged(AccessController.java:318) ~[?:?]
	at io.netty.util.internal.PlatformDependent0.<clinit>(PlatformDependent0.java:282) ~[netty-common-4.1.82.Final.jar%2382!/:4.1.82.Final]
	at io.netty.util.internal.PlatformDependent.isAndroid(PlatformDependent.java:333) ~[netty-common-4.1.82.Final.jar%2382!/:4.1.82.Final]
	at io.netty.util.internal.PlatformDependent.<clinit>(PlatformDependent.java:88) ~[netty-common-4.1.82.Final.jar%2382!/:4.1.82.Final]
	at io.netty.util.ConstantPool.<init>(ConstantPool.java:34) ~[netty-common-4.1.82.Final.jar%2382!/:4.1.82.Final]
	at io.netty.util.AttributeKey$1.<init>(AttributeKey.java:27) ~[netty-common-4.1.82.Final.jar%2382!/:4.1.82.Final]
	at io.netty.util.AttributeKey.<clinit>(AttributeKey.java:27) ~[netty-common-4.1.82.Final.jar%2382!/:4.1.82.Final]
	at net.minecraftforge.network.NetworkConstants.<clinit>(NetworkConstants.java:34) ~[forge-1.20.1-47.3.7-universal.jar%23212!/:?]
	at net.minecraftforge.common.ForgeMod.<init>(ForgeMod.java:429) ~[forge-1.20.1-47.3.7-universal.jar%23212!/:?]
	at jdk.internal.reflect.NativeConstructorAccessorImpl.newInstance0(Native Method) ~[?:?]
	at jdk.internal.reflect.NativeConstructorAccessorImpl.newInstance(NativeConstructorAccessorImpl.java:77) ~[?:?]
	at jdk.internal.reflect.DelegatingConstructorAccessorImpl.newInstance(DelegatingConstructorAccessorImpl.java:45) ~[?:?]
	at java.lang.reflect.Constructor.newInstanceWithCaller(Constructor.java:500) ~[?:?]
	at java.lang.reflect.Constructor.newInstance(Constructor.java:481) ~[?:?]
	at net.minecraftforge.fml.javafmlmod.FMLModContainer.constructMod(FMLModContainer.java:70) ~[javafmllanguage-1.20.1-47.3.7.jar%23209!/:?]
	at net.minecraftforge.fml.ModContainer.lambda$buildTransitionHandler$4(ModContainer.java:124) ~[fmlcore-1.20.1-47.3.7.jar%23208!/:?]
	at java.util.concurrent.CompletableFuture$AsyncRun.run(CompletableFuture.java:1804) ~[?:?]
	at java.util.concurrent.CompletableFuture$AsyncRun.exec(CompletableFuture.java:1796) ~[?:?]
	at java.util.concurrent.ForkJoinTask.doExec(ForkJoinTask.java:373) ~[?:?]
	at java.util.concurrent.ForkJoinPool$WorkQueue.topLevelExec(ForkJoinPool.java:1182) ~[?:?]
	at java.util.concurrent.ForkJoinPool.scan(ForkJoinPool.java:1655) ~[?:?]
	at java.util.concurrent.ForkJoinPool.runWorker(ForkJoinPool.java:1622) ~[?:?]
	at java.util.concurrent.ForkJoinWorkerThread.run(ForkJoinWorkerThread.java:165) ~[?:?]
[17Jun2025 01:45:39.276] [modloading-worker-0/DEBUG] [io.netty.util.internal.PlatformDependent0/]: java.nio.Bits.unaligned: available, true
[17Jun2025 01:45:39.280] [modloading-worker-0/DEBUG] [mixin/]: Mixing common.ServerLifecycleHooksMixin from lithostitched.forge.mixins.json into net.minecraftforge.server.ServerLifecycleHooks
[17Jun2025 01:45:39.280] [modloading-worker-0/DEBUG] [mixin/]: Renaming synthetic method lambda$lithostitched$injectBiomeModifers$1(Ljava/util/List;Ljava/util/Map$Entry;)V to md2eb031$lambda$lithostitched$injectBiomeModifers$1$0 in lithostitched.forge.mixins.json:common.ServerLifecycleHooksMixin
[17Jun2025 01:45:39.280] [modloading-worker-0/DEBUG] [mixin/]: Renaming synthetic method lambda$lithostitched$injectBiomeModifers$0(Ljava/util/Map$Entry;)Z to md2eb031$lambda$lithostitched$injectBiomeModifers$0$1 in lithostitched.forge.mixins.json:common.ServerLifecycleHooksMixin
[17Jun2025 01:45:39.282] [modloading-worker-0/DEBUG] [io.netty.util.internal.PlatformDependent0/]: jdk.internal.misc.Unsafe.allocateUninitializedArray(int): unavailable
java.lang.IllegalAccessException: class io.netty.util.internal.PlatformDependent0$7 (in module io.netty.common) cannot access class jdk.internal.misc.Unsafe (in module java.base) because module java.base does not export jdk.internal.misc to module io.netty.common
	at jdk.internal.reflect.Reflection.newIllegalAccessException(Reflection.java:392) ~[?:?]
	at java.lang.reflect.AccessibleObject.checkAccess(AccessibleObject.java:674) ~[?:?]
	at java.lang.reflect.Method.invoke(Method.java:561) ~[?:?]
	at io.netty.util.internal.PlatformDependent0$7.run(PlatformDependent0.java:410) ~[netty-common-4.1.82.Final.jar%2382!/:4.1.82.Final]
	at java.security.AccessController.doPrivileged(AccessController.java:318) ~[?:?]
	at io.netty.util.internal.PlatformDependent0.<clinit>(PlatformDependent0.java:401) ~[netty-common-4.1.82.Final.jar%2382!/:4.1.82.Final]
	at io.netty.util.internal.PlatformDependent.isAndroid(PlatformDependent.java:333) ~[netty-common-4.1.82.Final.jar%2382!/:4.1.82.Final]
	at io.netty.util.internal.PlatformDependent.<clinit>(PlatformDependent.java:88) ~[netty-common-4.1.82.Final.jar%2382!/:4.1.82.Final]
	at io.netty.util.ConstantPool.<init>(ConstantPool.java:34) ~[netty-common-4.1.82.Final.jar%2382!/:4.1.82.Final]
	at io.netty.util.AttributeKey$1.<init>(AttributeKey.java:27) ~[netty-common-4.1.82.Final.jar%2382!/:4.1.82.Final]
	at io.netty.util.AttributeKey.<clinit>(AttributeKey.java:27) ~[netty-common-4.1.82.Final.jar%2382!/:4.1.82.Final]
	at net.minecraftforge.network.NetworkConstants.<clinit>(NetworkConstants.java:34) ~[forge-1.20.1-47.3.7-universal.jar%23212!/:?]
	at net.minecraftforge.common.ForgeMod.<init>(ForgeMod.java:429) ~[forge-1.20.1-47.3.7-universal.jar%23212!/:?]
	at jdk.internal.reflect.NativeConstructorAccessorImpl.newInstance0(Native Method) ~[?:?]
	at jdk.internal.reflect.NativeConstructorAccessorImpl.newInstance(NativeConstructorAccessorImpl.java:77) ~[?:?]
	at jdk.internal.reflect.DelegatingConstructorAccessorImpl.newInstance(DelegatingConstructorAccessorImpl.java:45) ~[?:?]
	at java.lang.reflect.Constructor.newInstanceWithCaller(Constructor.java:500) ~[?:?]
	at java.lang.reflect.Constructor.newInstance(Constructor.java:481) ~[?:?]
	at net.minecraftforge.fml.javafmlmod.FMLModContainer.constructMod(FMLModContainer.java:70) ~[javafmllanguage-1.20.1-47.3.7.jar%23209!/:?]
	at net.minecraftforge.fml.ModContainer.lambda$buildTransitionHandler$4(ModContainer.java:124) ~[fmlcore-1.20.1-47.3.7.jar%23208!/:?]
	at java.util.concurrent.CompletableFuture$AsyncRun.run(CompletableFuture.java:1804) ~[?:?]
	at java.util.concurrent.CompletableFuture$AsyncRun.exec(CompletableFuture.java:1796) ~[?:?]
	at java.util.concurrent.ForkJoinTask.doExec(ForkJoinTask.java:373) ~[?:?]
	at java.util.concurrent.ForkJoinPool$WorkQueue.topLevelExec(ForkJoinPool.java:1182) ~[?:?]
	at java.util.concurrent.ForkJoinPool.scan(ForkJoinPool.java:1655) ~[?:?]
	at java.util.concurrent.ForkJoinPool.runWorker(ForkJoinPool.java:1622) ~[?:?]
	at java.util.concurrent.ForkJoinWorkerThread.run(ForkJoinWorkerThread.java:165) ~[?:?]
[17Jun2025 01:45:39.283] [modloading-worker-0/DEBUG] [io.netty.util.internal.PlatformDependent0/]: java.nio.DirectByteBuffer.<init>(long, int): unavailable
[17Jun2025 01:45:39.283] [modloading-worker-0/DEBUG] [io.netty.util.internal.PlatformDependent/]: sun.misc.Unsafe: available
[17Jun2025 01:45:39.288] [modloading-worker-0/DEBUG] [io.netty.util.internal.PlatformDependent/]: maxDirectMemory: 8589934592 bytes (maybe)
[17Jun2025 01:45:39.288] [modloading-worker-0/DEBUG] [io.netty.util.internal.PlatformDependent/]: -Dio.netty.tmpdir: /tmp (java.io.tmpdir)
[17Jun2025 01:45:39.288] [modloading-worker-0/DEBUG] [io.netty.util.internal.PlatformDependent/]: -Dio.netty.bitMode: 64 (sun.arch.data.model)
[17Jun2025 01:45:39.289] [modloading-worker-0/DEBUG] [io.netty.util.internal.PlatformDependent/]: -Dio.netty.maxDirectMemory: -1 bytes
[17Jun2025 01:45:39.289] [modloading-worker-0/DEBUG] [io.netty.util.internal.PlatformDependent/]: -Dio.netty.uninitializedArrayAllocationThreshold: -1
[17Jun2025 01:45:39.290] [modloading-worker-0/DEBUG] [io.netty.util.internal.CleanerJava9/]: java.nio.ByteBuffer.cleaner(): available
[17Jun2025 01:45:39.290] [modloading-worker-0/DEBUG] [io.netty.util.internal.PlatformDependent/]: -Dio.netty.noPreferDirect: false
[17Jun2025 01:45:39.469] [modloading-worker-0/DEBUG] [mixin/]: Mixing accessor.CriteriaTriggersAccessor from yungsapi.mixins.json into net.minecraft.advancements.CriteriaTriggers
[17Jun2025 01:45:39.470] [modloading-worker-0/DEBUG] [mixin/]: Renaming @Accessor method getValues()Ljava/util/Map; to getValues_$md$2eb031$0 in yungsapi.mixins.json:accessor.CriteriaTriggersAccessor
[17Jun2025 01:45:39.488] [modloading-worker-0/DEBUG] [net.minecraftforge.common.ForgeMod/FORGEMOD]: Loading Network data for FML net version: FML3
[17Jun2025 01:45:39.520] [modloading-worker-0/DEBUG] [net.minecraftforge.fml.config.ConfigTracker/CONFIG]: Config file forge-client.toml for forge tracking
[17Jun2025 01:45:39.524] [modloading-worker-0/DEBUG] [net.minecraftforge.fml.config.ConfigTracker/CONFIG]: Config file forge-server.toml for forge tracking
[17Jun2025 01:45:39.524] [modloading-worker-0/DEBUG] [net.minecraftforge.fml.ModLoadingContext/]: Attempted to register an empty config for type COMMON on mod forge
[17Jun2025 01:45:39.561] [modloading-worker-0/DEBUG] [net.minecraftforge.fml.javafmlmod.AutomaticEventSubscriber/LOADING]: Attempting to inject @EventBusSubscriber classes into the eventbus for forge
[17Jun2025 01:45:39.564] [modloading-worker-0/DEBUG] [mixin/]: Mixing self.SelfLumiseneFluidMixin from supplementaries.mixins.json into net.mehvahdjukaar.supplementaries.common.fluids.LumiseneFluid
[17Jun2025 01:45:39.566] [modloading-worker-0/DEBUG] [net.minecraftforge.fml.javafmlmod.AutomaticEventSubscriber/LOADING]: Auto-subscribing net.minecraftforge.common.ForgeSpawnEggItem$CommonHandler to MOD
[17Jun2025 01:45:39.574] [modloading-worker-0/DEBUG] [net.minecraftforge.fml.javafmlmod.AutomaticEventSubscriber/LOADING]: Attempting to inject @EventBusSubscriber classes into the eventbus for mixinsquared
[17Jun2025 01:45:39.581] [modloading-worker-0/DEBUG] [mixin/]: Mixing self.SelfFlammableFluidBlockMixin from supplementaries.mixins.json into net.mehvahdjukaar.supplementaries.common.fluids.FlammableLiquidBlock
[17Jun2025 01:45:39.633] [modloading-worker-0/DEBUG] [mixin/]: Mixing self.SelfSoapItemMixin from supplementaries.mixins.json into net.mehvahdjukaar.supplementaries.common.items.SoapItem
[17Jun2025 01:45:39.649] [modloading-worker-0/DEBUG] [net.minecraftforge.fml.config.ConfigTracker/CONFIG]: Config file moonlight-common.toml for moonlight tracking
[17Jun2025 01:45:39.671] [modloading-worker-0/DEBUG] [mixin/]: Mixing self.SelfGunpowderMixin from supplementaries.mixins.json into net.mehvahdjukaar.supplementaries.common.block.blocks.GunpowderBlock
[17Jun2025 01:45:39.757] [modloading-worker-0/DEBUG] [net.minecraftforge.fml.javafmlmod.AutomaticEventSubscriber/LOADING]: Attempting to inject @EventBusSubscriber classes into the eventbus for moonlight
[17Jun2025 01:45:39.775] [modloading-worker-0/DEBUG] [net.minecraftforge.fml.config.ConfigTracker/CONFIG]: Config file curios-client.toml for curios tracking
[17Jun2025 01:45:39.801] [modloading-worker-0/DEBUG] [net.minecraftforge.fml.config.ConfigTracker/CONFIG]: Config file curios-common.toml for curios tracking
[17Jun2025 01:45:39.801] [modloading-worker-0/DEBUG] [net.minecraftforge.fml.config.ConfigTracker/CONFIG]: Config file curios-server.toml for curios tracking
[17Jun2025 01:45:39.801] [modloading-worker-0/DEBUG] [net.minecraftforge.fml.javafmlmod.AutomaticEventSubscriber/LOADING]: Attempting to inject @EventBusSubscriber classes into the eventbus for curios
[17Jun2025 01:45:39.810] [modloading-worker-0/INFO] [Collective/]: Loading Collective version 8.3.
[17Jun2025 01:45:39.812] [modloading-worker-0/DEBUG] [mixin/]: Mixing nbt.ListTagMixin from recipeessentials.mixins.json into net.minecraft.nbt.ListTag
[17Jun2025 01:45:39.839] [modloading-worker-0/DEBUG] [mixin/]: Mixing item.wearable.charmofsinking.EnchantmentHelperMixin from mixins.artifacts.common.json into net.minecraft.world.item.enchantment.EnchantmentHelper
[17Jun2025 01:45:39.840] [modloading-worker-0/DEBUG] [mixin/]: Mixing item.wearable.pendant.EnchantmentHelperMixin from mixins.artifacts.common.json into net.minecraft.world.item.enchantment.EnchantmentHelper
[17Jun2025 01:45:39.925] [modloading-worker-0/DEBUG] [net.minecraftforge.fml.javafmlmod.AutomaticEventSubscriber/LOADING]: Attempting to inject @EventBusSubscriber classes into the eventbus for collective
[17Jun2025 01:45:39.925] [modloading-worker-0/DEBUG] [net.minecraftforge.fml.javafmlmod.AutomaticEventSubscriber/LOADING]: Auto-subscribing com.natamus.collective.forge.events.RegisterCollectiveForgeEvents to FORGE
[17Jun2025 01:45:39.933] [modloading-worker-0/DEBUG] [mixin/]: Mixing self.SelfSlingshotMixin from supplementaries.mixins.json into net.mehvahdjukaar.supplementaries.common.items.SlingshotItem
[17Jun2025 01:45:39.951] [modloading-worker-0/DEBUG] [mixin/]: Mixing self.SelfSafeMixin from supplementaries.mixins.json into net.mehvahdjukaar.supplementaries.common.block.blocks.SafeBlock
[17Jun2025 01:45:39.973] [modloading-worker-0/DEBUG] [net.minecraftforge.fml.javafmlmod.AutomaticEventSubscriber/LOADING]: Attempting to inject @EventBusSubscriber classes into the eventbus for betterchunkloading
[17Jun2025 01:45:39.977] [modloading-worker-0/DEBUG] [betterstrongholds/]: Loaded com.yungnickyoung.minecraft.betterstrongholds.services.ForgePlatformHelper@4817f73b for service interface com.yungnickyoung.minecraft.betterstrongholds.services.IPlatformHelper
[17Jun2025 01:45:39.979] [modloading-worker-0/DEBUG] [mixin/]: Mixing self.SelfWrenchMixin from supplementaries.mixins.json into net.mehvahdjukaar.supplementaries.common.items.WrenchItem
[17Jun2025 01:45:39.980] [modloading-worker-0/DEBUG] [mixin/]: Renaming synthetic method lambda$onLeftClickEntity$0(Lnet/minecraft/world/entity/player/Player;Lnet/minecraft/world/entity/player/Player;)V to md2eb031$lambda$onLeftClickEntity$0$0 in supplementaries.mixins.json:self.SelfWrenchMixin
[17Jun2025 01:45:39.990] [modloading-worker-0/DEBUG] [betterstrongholds/]: Loaded com.yungnickyoung.minecraft.betterstrongholds.services.ForgeModulesLoader@23ef7f19 for service interface com.yungnickyoung.minecraft.betterstrongholds.services.IModulesLoader
[17Jun2025 01:45:39.998] [modloading-worker-0/DEBUG] [betterstrongholds/]: Loaded com.yungnickyoung.minecraft.betterstrongholds.services.ForgeProcessorProvider@39162e1d for service interface com.yungnickyoung.minecraft.betterstrongholds.services.IProcessorProvider
[17Jun2025 01:45:40.037] [modloading-worker-0/DEBUG] [mixin/]: Mixing self.SelfQuiverItemMixin from supplementaries.mixins.json into net.mehvahdjukaar.supplementaries.common.items.QuiverItem
[17Jun2025 01:45:40.051] [modloading-worker-0/DEBUG] [mixin/]: Mixing self.SelfLunchBoxItemMixin from supplementaries.mixins.json into net.mehvahdjukaar.supplementaries.common.items.LunchBoxItem
[17Jun2025 01:45:40.095] [modloading-worker-0/DEBUG] [mixin/]: Mixing self.SelfOpenableContainerMixin from supplementaries.mixins.json into net.mehvahdjukaar.supplementaries.common.block.tiles.OpeneableContainerBlockEntity
[17Jun2025 01:45:40.114] [modloading-worker-0/DEBUG] [mixin/]: Mixing self.SelfPlanterMixin from supplementaries.mixins.json into net.mehvahdjukaar.supplementaries.common.block.blocks.PlanterBlock
[17Jun2025 01:45:40.186] [modloading-worker-0/DEBUG] [mixin/]: Mixing self.SelfFrameMixin from supplementaries.mixins.json into net.mehvahdjukaar.supplementaries.common.block.blocks.FrameBlock
[17Jun2025 01:45:40.333] [modloading-worker-0/DEBUG] [mixin/]: Mixing SelfEntitySpawnDataMixin from moonlight.mixins.json into net.mehvahdjukaar.moonlight.api.entity.IExtraClientSpawnData
[17Jun2025 01:45:40.347] [modloading-worker-0/DEBUG] [net.minecraftforge.fml.config.ConfigTracker/CONFIG]: Config file betterstrongholds-forge-1_20.toml for betterstrongholds tracking
[17Jun2025 01:45:40.348] [modloading-worker-0/DEBUG] [net.minecraftforge.fml.javafmlmod.AutomaticEventSubscriber/LOADING]: Attempting to inject @EventBusSubscriber classes into the eventbus for betterstrongholds
[17Jun2025 01:45:40.407] [modloading-worker-0/DEBUG] [net.minecraftforge.fml.config.ConfigTracker/CONFIG]: Config file tombstone-client.toml for tombstone tracking
[17Jun2025 01:45:40.407] [modloading-worker-0/DEBUG] [net.minecraftforge.fml.config.ConfigTracker/CONFIG]: Config file tombstone-common.toml for tombstone tracking
[17Jun2025 01:45:40.428] [modloading-worker-0/DEBUG] [net.minecraftforge.fml.config.ConfigTracker/CONFIG]: Config file tombstone-server.toml for tombstone tracking
[17Jun2025 01:45:40.431] [modloading-worker-0/DEBUG] [net.minecraftforge.fml.javafmlmod.AutomaticEventSubscriber/LOADING]: Attempting to inject @EventBusSubscriber classes into the eventbus for tombstone
[17Jun2025 01:45:40.431] [modloading-worker-0/DEBUG] [net.minecraftforge.fml.javafmlmod.AutomaticEventSubscriber/LOADING]: Auto-subscribing ovh.corail.tombstone.registry.Registration to MOD
[17Jun2025 01:45:40.432] [modloading-worker-0/DEBUG] [net.minecraftforge.fml.javafmlmod.AutomaticEventSubscriber/LOADING]: Attempting to inject @EventBusSubscriber classes into the eventbus for alexscaves
[17Jun2025 01:45:40.433] [modloading-worker-0/DEBUG] [net.minecraftforge.fml.javafmlmod.AutomaticEventSubscriber/LOADING]: Auto-subscribing com.github.alexmodguy.alexscaves.server.entity.ACEntityRegistry to MOD
[17Jun2025 01:45:40.434] [modloading-worker-0/DEBUG] [mixin/]: Mixing MapDataMixin from moonlight-common.mixins.json into net.minecraft.world.level.saveddata.maps.MapItemSavedData
[17Jun2025 01:45:40.435] [modloading-worker-0/DEBUG] [mixin/]: Renaming synthetic method lambda$save$3(Lnet/minecraft/nbt/CompoundTag;Lnet/minecraft/resources/ResourceLocation;Lnet/mehvahdjukaar/moonlight/api/map/CustomMapData;)V to md2eb031$lambda$save$3$0 in moonlight-common.mixins.json:MapDataMixin
[17Jun2025 01:45:40.435] [modloading-worker-0/DEBUG] [mixin/]: Renaming synthetic method lambda$load$2(Lnet/minecraft/nbt/CompoundTag;Lnet/mehvahdjukaar/moonlight/api/map/CustomMapData;)V to md2eb031$lambda$load$2$1 in moonlight-common.mixins.json:MapDataMixin
[17Jun2025 01:45:40.435] [modloading-worker-0/DEBUG] [mixin/]: Renaming synthetic method lambda$setCustomDataDirty$1(Lnet/mehvahdjukaar/moonlight/api/map/CustomMapData$Type;Ljava/util/function/Consumer;Lnet/minecraft/world/level/saveddata/maps/MapItemSavedData$HoldingPlayer;)V to md2eb031$lambda$setCustomDataDirty$1$2 in moonlight-common.mixins.json:MapDataMixin
[17Jun2025 01:45:40.435] [modloading-worker-0/DEBUG] [mixin/]: Renaming synthetic method lambda$setCustomDecorationsDirty$0(Lnet/minecraft/world/level/saveddata/maps/MapItemSavedData$HoldingPlayer;)V to md2eb031$lambda$setCustomDecorationsDirty$0$3 in moonlight-common.mixins.json:MapDataMixin
[17Jun2025 01:45:40.460] [modloading-worker-0/DEBUG] [net.minecraftforge.fml.javafmlmod.AutomaticEventSubscriber/LOADING]: Auto-subscribing ovh.corail.tombstone.perk.PerkRegistry to MOD
[17Jun2025 01:45:40.461] [modloading-worker-0/DEBUG] [net.minecraftforge.fml.javafmlmod.AutomaticEventSubscriber/LOADING]: Auto-subscribing ovh.corail.tombstone.helper.LootHelper to FORGE
[17Jun2025 01:45:40.487] [modloading-worker-0/DEBUG] [mixin/]: Mixing LootTableLootIntegrations from lootintegrations.mixins.json into net.minecraft.world.level.storage.loot.LootTable
[17Jun2025 01:45:40.489] [modloading-worker-0/DEBUG] [mixin/]: lootintegrations.mixins.json:LootTableLootIntegrations: Class version 61 required is higher than the class version supported by the current version of Mixin (JAVA_16 supports class version 60)
[17Jun2025 01:45:40.490] [modloading-worker-0/DEBUG] [mixin/]: Mixing LootTableMixin from lootintegrations.mixins.json into net.minecraft.world.level.storage.loot.LootTable
[17Jun2025 01:45:40.491] [modloading-worker-0/DEBUG] [mixin/]: lootintegrations.mixins.json:LootTableMixin: Class version 61 required is higher than the class version supported by the current version of Mixin (JAVA_16 supports class version 60)
[17Jun2025 01:45:40.492] [modloading-worker-0/DEBUG] [mixin/]: Mixing LootTableMixin from balm.mixins.json into net.minecraft.world.level.storage.loot.LootTable
[17Jun2025 01:45:40.521] [modloading-worker-0/DEBUG] [io.netty.util.internal.InternalThreadLocalMap/]: -Dio.netty.threadLocalMap.stringBuilder.initialSize: 1024
[17Jun2025 01:45:40.522] [modloading-worker-0/DEBUG] [io.netty.util.internal.InternalThreadLocalMap/]: -Dio.netty.threadLocalMap.stringBuilder.maxSize: 4096
[17Jun2025 01:45:40.523] [modloading-worker-0/DEBUG] [io.netty.util.internal.ThreadLocalRandom/]: -Dio.netty.initialSeedUniquifier: 0xd3f583d24fb203e9
[17Jun2025 01:45:40.522] [modloading-worker-0/DEBUG] [mixin/]: Mixing ExplosionMixin from supplementaries-common.mixins.json into net.minecraft.world.level.Explosion
[17Jun2025 01:45:40.548] [modloading-worker-0/DEBUG] [net.minecraftforge.fml.javafmlmod.AutomaticEventSubscriber/LOADING]: Auto-subscribing ovh.corail.tombstone.event.EventHandler to FORGE
[17Jun2025 01:45:40.600] [modloading-worker-0/DEBUG] [net.minecraftforge.fml.javafmlmod.AutomaticEventSubscriber/LOADING]: Attempting to inject @EventBusSubscriber classes into the eventbus for architectury
[17Jun2025 01:45:40.601] [modloading-worker-0/DEBUG] [net.minecraftforge.fml.javafmlmod.AutomaticEventSubscriber/LOADING]: Auto-subscribing dev.architectury.registry.level.entity.trade.forge.TradeRegistryImpl to FORGE
[17Jun2025 01:45:40.602] [modloading-worker-0/DEBUG] [net.minecraftforge.fml.javafmlmod.AutomaticEventSubscriber/LOADING]: Auto-subscribing dev.architectury.registry.forge.ReloadListenerRegistryImpl to FORGE
[17Jun2025 01:45:40.613] [modloading-worker-0/DEBUG] [net.minecraftforge.fml.javafmlmod.AutomaticEventSubscriber/LOADING]: Auto-subscribing dev.architectury.networking.forge.NetworkManagerImpl to FORGE
[17Jun2025 01:45:40.620] [modloading-worker-0/INFO] [com.cupboard.Cupboard/]: Loaded config for: cupboard.json
[17Jun2025 01:45:40.622] [modloading-worker-0/DEBUG] [net.minecraftforge.fml.javafmlmod.AutomaticEventSubscriber/LOADING]: Attempting to inject @EventBusSubscriber classes into the eventbus for cupboard
[17Jun2025 01:45:40.636] [modloading-worker-0/DEBUG] [betterendisland/]: Loaded com.yungnickyoung.minecraft.betterendisland.services.ForgePlatformHelper@64b65cb9 for service interface com.yungnickyoung.minecraft.betterendisland.services.IPlatformHelper
[17Jun2025 01:45:40.637] [modloading-worker-0/DEBUG] [betterendisland/]: Loaded com.yungnickyoung.minecraft.betterendisland.services.ForgeModulesLoader@67eb3b67 for service interface com.yungnickyoung.minecraft.betterendisland.services.IModulesLoader
[17Jun2025 01:45:40.638] [modloading-worker-0/DEBUG] [net.minecraftforge.fml.config.ConfigTracker/CONFIG]: Config file betterendisland-forge-1_20.toml for betterendisland tracking
[17Jun2025 01:45:40.639] [modloading-worker-0/DEBUG] [net.minecraftforge.fml.javafmlmod.AutomaticEventSubscriber/LOADING]: Attempting to inject @EventBusSubscriber classes into the eventbus for betterendisland
[17Jun2025 01:45:40.642] [modloading-worker-0/DEBUG] [net.minecraftforge.fml.javafmlmod.AutomaticEventSubscriber/LOADING]: Auto-subscribing ovh.corail.tombstone.config.ConfigTombstone$ConfigEvent to MOD
[17Jun2025 01:45:40.647] [modloading-worker-0/DEBUG] [net.minecraftforge.fml.config.ConfigTracker/CONFIG]: Config file fastleafdecay-server.toml for fastleafdecay tracking
[17Jun2025 01:45:40.647] [modloading-worker-0/DEBUG] [net.minecraftforge.fml.javafmlmod.AutomaticEventSubscriber/LOADING]: Attempting to inject @EventBusSubscriber classes into the eventbus for fastleafdecay
[17Jun2025 01:45:40.649] [modloading-worker-0/DEBUG] [net.minecraftforge.fml.javafmlmod.AutomaticEventSubscriber/LOADING]: Auto-subscribing net.olafski.fastleafdecay.FldConfiguration to MOD
[17Jun2025 01:45:40.649] [modloading-worker-0/INFO] [be.florens.expandability.ExpandAbility/]: ExpandAbility here, who dis?
[17Jun2025 01:45:40.650] [modloading-worker-0/DEBUG] [net.minecraftforge.fml.javafmlmod.AutomaticEventSubscriber/LOADING]: Attempting to inject @EventBusSubscriber classes into the eventbus for expandability
[17Jun2025 01:45:40.652] [modloading-worker-0/DEBUG] [net.minecraftforge.fml.config.ConfigTracker/CONFIG]: Config file cosmeticarmorreworked-client.toml for cosmeticarmorreworked tracking
[17Jun2025 01:45:40.652] [modloading-worker-0/DEBUG] [net.minecraftforge.fml.config.ConfigTracker/CONFIG]: Config file cosmeticarmorreworked-common.toml for cosmeticarmorreworked tracking
[17Jun2025 01:45:40.652] [modloading-worker-0/DEBUG] [net.minecraftforge.fml.javafmlmod.AutomaticEventSubscriber/LOADING]: Attempting to inject @EventBusSubscriber classes into the eventbus for cosmeticarmorreworked
[17Jun2025 01:45:40.654] [modloading-worker-0/DEBUG] [net.minecraftforge.fml.javafmlmod.AutomaticEventSubscriber/LOADING]: Attempting to inject @EventBusSubscriber classes into the eventbus for chunksending
[17Jun2025 01:45:40.657] [modloading-worker-0/DEBUG] [bettermineshafts/]: Loaded com.yungnickyoung.minecraft.bettermineshafts.services.ForgePlatformHelper@3de737c1 for service interface com.yungnickyoung.minecraft.bettermineshafts.services.IPlatformHelper
[17Jun2025 01:45:40.657] [modloading-worker-0/DEBUG] [bettermineshafts/]: Loaded com.yungnickyoung.minecraft.bettermineshafts.services.ForgeModulesLoader@6aa26ebe for service interface com.yungnickyoung.minecraft.bettermineshafts.services.IModulesLoader
[17Jun2025 01:45:40.660] [modloading-worker-0/DEBUG] [betterjungletemples/]: Loaded com.yungnickyoung.minecraft.betterjungletemples.services.ForgePlatformHelper@72b51858 for service interface com.yungnickyoung.minecraft.betterjungletemples.services.IPlatformHelper
[17Jun2025 01:45:40.664] [modloading-worker-0/DEBUG] [betterjungletemples/]: Loaded com.yungnickyoung.minecraft.betterjungletemples.services.ForgeModulesLoader@7ee27238 for service interface com.yungnickyoung.minecraft.betterjungletemples.services.IModulesLoader
[17Jun2025 01:45:40.666] [modloading-worker-0/DEBUG] [betterjungletemples/]: Loaded com.yungnickyoung.minecraft.betterjungletemples.services.ForgeProcessorProvider@76c6d1b6 for service interface com.yungnickyoung.minecraft.betterjungletemples.services.IProcessorProvider
[17Jun2025 01:45:40.665] [modloading-worker-0/DEBUG] [net.minecraftforge.fml.config.ConfigTracker/CONFIG]: Config file bettermineshafts-forge-1_20.toml for bettermineshafts tracking
[17Jun2025 01:45:40.670] [modloading-worker-0/DEBUG] [net.minecraftforge.fml.javafmlmod.AutomaticEventSubscriber/LOADING]: Attempting to inject @EventBusSubscriber classes into the eventbus for bettermineshafts
[17Jun2025 01:45:40.671] [modloading-worker-0/DEBUG] [net.minecraftforge.fml.config.ConfigTracker/CONFIG]: Config file betterjungletemples-forge-1_20.toml for betterjungletemples tracking
[17Jun2025 01:45:40.678] [modloading-worker-0/DEBUG] [net.minecraftforge.fml.javafmlmod.AutomaticEventSubscriber/LOADING]: Attempting to inject @EventBusSubscriber classes into the eventbus for betterjungletemples
[17Jun2025 01:45:40.693] [modloading-worker-0/DEBUG] [mixin/]: Mixing accessor.BrainAccessor from moonlight-common.mixins.json into net.minecraft.world.entity.ai.Brain
[17Jun2025 01:45:40.701] [modloading-worker-0/DEBUG] [net.minecraftforge.fml.javafmlmod.AutomaticEventSubscriber/LOADING]: Attempting to inject @EventBusSubscriber classes into the eventbus for supplementaries
[17Jun2025 01:45:40.702] [modloading-worker-0/DEBUG] [net.minecraftforge.fml.javafmlmod.AutomaticEventSubscriber/LOADING]: Auto-subscribing net.mehvahdjukaar.supplementaries.forge.RemapHandler to FORGE
[17Jun2025 01:45:40.863] [modloading-worker-0/DEBUG] [net.minecraftforge.fml.javafmlmod.AutomaticEventSubscriber/LOADING]: Attempting to inject @EventBusSubscriber classes into the eventbus for born_in_chaos_v1
[17Jun2025 01:45:40.864] [modloading-worker-0/DEBUG] [net.minecraftforge.fml.javafmlmod.AutomaticEventSubscriber/LOADING]: Auto-subscribing net.mcreator.borninchaosv.recipes.brewing.StimulatingDecoctionPBrewingRecipe to MOD
[17Jun2025 01:45:40.865] [modloading-worker-0/DEBUG] [net.minecraftforge.fml.javafmlmod.AutomaticEventSubscriber/LOADING]: Auto-subscribing net.mcreator.borninchaosv.recipes.brewing.SeaTerrorEyeKBrewingRecipe to MOD
[17Jun2025 01:45:40.867] [modloading-worker-0/DEBUG] [net.minecraftforge.fml.javafmlmod.AutomaticEventSubscriber/LOADING]: Auto-subscribing net.mcreator.borninchaosv.recipes.brewing.PotionofRampagekBrewingRecipe to MOD
[17Jun2025 01:45:40.867] [modloading-worker-0/DEBUG] [net.minecraftforge.fml.javafmlmod.AutomaticEventSubscriber/LOADING]: Auto-subscribing net.mcreator.borninchaosv.recipes.brewing.PotionofMagicalDepletionKBrewingRecipe to MOD
[17Jun2025 01:45:40.868] [modloading-worker-0/DEBUG] [net.minecraftforge.fml.javafmlmod.AutomaticEventSubscriber/LOADING]: Auto-subscribing net.mcreator.borninchaosv.recipes.brewing.PotionofLivingCocoonCraftBrewingRecipe to MOD
[17Jun2025 01:45:40.869] [modloading-worker-0/DEBUG] [net.minecraftforge.fml.javafmlmod.AutomaticEventSubscriber/LOADING]: Auto-subscribing net.mcreator.borninchaosv.recipes.brewing.IntoxicationPotionKBrewingRecipe to MOD
[17Jun2025 01:45:40.874] [modloading-worker-0/DEBUG] [net.minecraftforge.fml.javafmlmod.AutomaticEventSubscriber/LOADING]: Auto-subscribing net.mcreator.borninchaosv.recipes.brewing.ElixirofWitherResistanceCraftBrewingRecipe to MOD
[17Jun2025 01:45:40.875] [modloading-worker-0/DEBUG] [net.minecraftforge.fml.javafmlmod.AutomaticEventSubscriber/LOADING]: Auto-subscribing net.mcreator.borninchaosv.recipes.brewing.ElixirofVampirismKBrewingRecipe to MOD
[17Jun2025 01:45:40.876] [modloading-worker-0/DEBUG] [net.minecraftforge.fml.javafmlmod.AutomaticEventSubscriber/LOADING]: Auto-subscribing net.mcreator.borninchaosv.recipes.brewing.ElixirofInsectProtectionCraftBrewingRecipe to MOD
[17Jun2025 01:45:40.878] [modloading-worker-0/DEBUG] [net.minecraftforge.fml.javafmlmod.AutomaticEventSubscriber/LOADING]: Auto-subscribing net.mcreator.borninchaosv.recipes.brewing.ElixirofIceBarrierCraftBrewingRecipe to MOD
[17Jun2025 01:45:40.879] [modloading-worker-0/DEBUG] [net.minecraftforge.fml.javafmlmod.AutomaticEventSubscriber/LOADING]: Auto-subscribing net.mcreator.borninchaosv.recipes.brewing.ChaosComponentCraftBrewingRecipe to MOD
[17Jun2025 01:45:40.879] [modloading-worker-0/DEBUG] [net.minecraftforge.fml.javafmlmod.AutomaticEventSubscriber/LOADING]: Auto-subscribing net.mcreator.borninchaosv.recipes.brewing.BottleOfMagicalEnergyKBrewingRecipe to MOD
[17Jun2025 01:45:40.881] [modloading-worker-0/DEBUG] [net.minecraftforge.fml.javafmlmod.AutomaticEventSubscriber/LOADING]: Auto-subscribing net.mcreator.borninchaosv.procedures.ZombieswithDoorPriObnovlieniiTaktaSushchnostiProcedure to FORGE
[17Jun2025 01:45:40.882] [modloading-worker-0/DEBUG] [net.minecraftforge.fml.javafmlmod.AutomaticEventSubscriber/LOADING]: Auto-subscribing net.mcreator.borninchaosv.procedures.ZombiefishermanatackProcedure to FORGE
[17Jun2025 01:45:40.884] [modloading-worker-0/DEBUG] [net.minecraftforge.fml.javafmlmod.AutomaticEventSubscriber/LOADING]: Auto-subscribing net.mcreator.borninchaosv.procedures.ZombieclownatacProcedure to FORGE
[17Jun2025 01:45:40.885] [modloading-worker-0/DEBUG] [net.minecraftforge.fml.javafmlmod.AutomaticEventSubscriber/LOADING]: Auto-subscribing net.mcreator.borninchaosv.procedures.ZombieMaggotsProcedure to FORGE
[17Jun2025 01:45:40.889] [modloading-worker-0/DEBUG] [net.minecraftforge.fml.javafmlmod.AutomaticEventSubscriber/LOADING]: Auto-subscribing net.mcreator.borninchaosv.procedures.ZombieLumberjackAtackProcedure to FORGE
[17Jun2025 01:45:40.890] [modloading-worker-0/DEBUG] [net.minecraftforge.fml.javafmlmod.AutomaticEventSubscriber/LOADING]: Auto-subscribing net.mcreator.borninchaosv.procedures.ZombieBruiseratackProcedure to FORGE
[17Jun2025 01:45:40.894] [modloading-worker-0/DEBUG] [net.minecraftforge.fml.javafmlmod.AutomaticEventSubscriber/LOADING]: Auto-subscribing net.mcreator.borninchaosv.procedures.WeaponDescriptionProcedure to FORGE
[17Jun2025 01:45:40.895] [modloading-worker-0/DEBUG] [net.minecraftforge.fml.javafmlmod.AutomaticEventSubscriber/LOADING]: Auto-subscribing net.mcreator.borninchaosv.procedures.WarningSoundProcedure to FORGE
[17Jun2025 01:45:40.900] [modloading-worker-0/DEBUG] [net.minecraftforge.fml.javafmlmod.AutomaticEventSubscriber/LOADING]: Auto-subscribing net.mcreator.borninchaosv.procedures.VampiricTouchAtackProcedure to FORGE
[17Jun2025 01:45:40.901] [modloading-worker-0/DEBUG] [net.minecraftforge.fml.javafmlmod.AutomaticEventSubscriber/LOADING]: Auto-subscribing net.mcreator.borninchaosv.procedures.TransmutingElixirclicProcedure to FORGE
[17Jun2025 01:45:40.902] [modloading-worker-0/DEBUG] [net.minecraftforge.fml.javafmlmod.AutomaticEventSubscriber/LOADING]: Auto-subscribing net.mcreator.borninchaosv.procedures.ThornshellCrabPriShchielchkiePKMPoSushchnostiProcedure to FORGE
[17Jun2025 01:45:40.903] [modloading-worker-0/DEBUG] [net.minecraftforge.fml.javafmlmod.AutomaticEventSubscriber/LOADING]: Auto-subscribing net.mcreator.borninchaosv.procedures.SweetItemDescriptionProcedure to FORGE
[17Jun2025 01:45:40.906] [modloading-worker-0/DEBUG] [net.minecraftforge.fml.javafmlmod.AutomaticEventSubscriber/LOADING]: Auto-subscribing net.mcreator.borninchaosv.procedures.SwarmerPreparationProcedure to FORGE
[17Jun2025 01:45:40.912] [modloading-worker-0/DEBUG] [net.minecraftforge.fml.javafmlmod.AutomaticEventSubscriber/LOADING]: Auto-subscribing net.mcreator.borninchaosv.procedures.SpiritofChaosAtackProcedure to FORGE
[17Jun2025 01:45:40.916] [modloading-worker-0/DEBUG] [net.minecraftforge.fml.javafmlmod.AutomaticEventSubscriber/LOADING]: Auto-subscribing net.mcreator.borninchaosv.procedures.SpiritGuideAtacProcedure to FORGE
[17Jun2025 01:45:40.918] [modloading-worker-0/DEBUG] [net.minecraftforge.fml.javafmlmod.AutomaticEventSubscriber/LOADING]: Auto-subscribing net.mcreator.borninchaosv.procedures.SpinyShellArmorKazhdyiTikDliaShliemaProcedure to FORGE
[17Jun2025 01:45:40.919] [modloading-worker-0/DEBUG] [net.minecraftforge.fml.javafmlmod.AutomaticEventSubscriber/LOADING]: Auto-subscribing net.mcreator.borninchaosv.procedures.SkeletonThrasherDProcedure to FORGE
[17Jun2025 01:45:40.921] [modloading-worker-0/DEBUG] [net.minecraftforge.fml.javafmlmod.AutomaticEventSubscriber/LOADING]: Auto-subscribing net.mcreator.borninchaosv.procedures.SerPumpkinheadAtacProcedure to FORGE
[17Jun2025 01:45:40.921] [modloading-worker-0/DEBUG] [net.minecraftforge.fml.javafmlmod.AutomaticEventSubscriber/LOADING]: Auto-subscribing net.mcreator.borninchaosv.procedures.SearedspiritPProcedure to FORGE
[17Jun2025 01:45:40.922] [modloading-worker-0/DEBUG] [net.minecraftforge.fml.javafmlmod.AutomaticEventSubscriber/LOADING]: Auto-subscribing net.mcreator.borninchaosv.procedures.RampagePProcedure to FORGE
[17Jun2025 01:45:40.923] [modloading-worker-0/DEBUG] [net.minecraftforge.fml.javafmlmod.AutomaticEventSubscriber/LOADING]: Auto-subscribing net.mcreator.borninchaosv.procedures.PumpkinbruiserAtacProcedure to FORGE
[17Jun2025 01:45:40.925] [modloading-worker-0/DEBUG] [net.minecraftforge.fml.javafmlmod.AutomaticEventSubscriber/LOADING]: Auto-subscribing net.mcreator.borninchaosv.procedures.PositiveTamingProcedure to FORGE
[17Jun2025 01:45:40.926] [modloading-worker-0/DEBUG] [net.minecraftforge.fml.javafmlmod.AutomaticEventSubscriber/LOADING]: Auto-subscribing net.mcreator.borninchaosv.procedures.PositiveFertilizerProcedure to FORGE
[17Jun2025 01:45:40.933] [modloading-worker-0/DEBUG] [net.minecraftforge.fml.javafmlmod.AutomaticEventSubscriber/LOADING]: Auto-subscribing net.mcreator.borninchaosv.procedures.PiritAtacProcedure to FORGE
[17Jun2025 01:45:40.938] [modloading-worker-0/DEBUG] [net.minecraftforge.fml.javafmlmod.AutomaticEventSubscriber/LOADING]: Auto-subscribing net.mcreator.borninchaosv.procedures.ObsessiondeadProcedure to FORGE
[17Jun2025 01:45:40.941] [modloading-worker-0/DEBUG] [net.minecraftforge.fml.javafmlmod.AutomaticEventSubscriber/LOADING]: Auto-subscribing net.mcreator.borninchaosv.procedures.NightmareStalkerDamProcedure to FORGE
[17Jun2025 01:45:40.945] [modloading-worker-0/DEBUG] [net.minecraftforge.fml.javafmlmod.AutomaticEventSubscriber/LOADING]: Auto-subscribing net.mcreator.borninchaosv.procedures.MrPumpkinAtacProcedure to FORGE
[17Jun2025 01:45:40.945] [modloading-worker-0/DEBUG] [net.minecraftforge.fml.javafmlmod.AutomaticEventSubscriber/LOADING]: Auto-subscribing net.mcreator.borninchaosv.procedures.MotherSpiderAtackProcedure to FORGE
[17Jun2025 01:45:40.946] [modloading-worker-0/DEBUG] [net.minecraftforge.fml.javafmlmod.AutomaticEventSubscriber/LOADING]: Auto-subscribing net.mcreator.borninchaosv.procedures.MissionaryHatpProcedure to FORGE
[17Jun2025 01:45:40.947] [modloading-worker-0/DEBUG] [net.minecraftforge.fml.javafmlmod.AutomaticEventSubscriber/LOADING]: Auto-subscribing net.mcreator.borninchaosv.procedures.MissionaryAtacktargetProcedure to FORGE
[17Jun2025 01:45:40.948] [modloading-worker-0/DEBUG] [net.minecraftforge.fml.javafmlmod.AutomaticEventSubscriber/LOADING]: Auto-subscribing net.mcreator.borninchaosv.procedures.MinionsattacktargetProcedure to FORGE
[17Jun2025 01:45:40.949] [modloading-worker-0/DEBUG] [net.minecraftforge.fml.javafmlmod.AutomaticEventSubscriber/LOADING]: Auto-subscribing net.mcreator.borninchaosv.procedures.LunarSpruceCowboyPProcedure to FORGE
[17Jun2025 01:45:40.952] [modloading-worker-0/DEBUG] [net.minecraftforge.fml.javafmlmod.AutomaticEventSubscriber/LOADING]: Auto-subscribing net.mcreator.borninchaosv.procedures.LordsFelsteedatackProcedure to FORGE
[17Jun2025 01:45:40.953] [modloading-worker-0/DEBUG] [net.minecraftforge.fml.javafmlmod.AutomaticEventSubscriber/LOADING]: Auto-subscribing net.mcreator.borninchaosv.procedures.LordTheHeadlessAtackProcedure to FORGE
[17Jun2025 01:45:40.955] [modloading-worker-0/DEBUG] [net.minecraftforge.fml.javafmlmod.AutomaticEventSubscriber/LOADING]: Auto-subscribing net.mcreator.borninchaosv.procedures.LordPumpkinheadsHatHitProcedure to FORGE
[17Jun2025 01:45:40.962] [modloading-worker-0/DEBUG] [net.minecraftforge.fml.javafmlmod.AutomaticEventSubscriber/LOADING]: Auto-subscribing net.mcreator.borninchaosv.procedures.LordPumpkinheadatackProcedure to FORGE
[17Jun2025 01:45:40.963] [modloading-worker-0/DEBUG] [net.minecraftforge.fml.javafmlmod.AutomaticEventSubscriber/LOADING]: Auto-subscribing net.mcreator.borninchaosv.procedures.LivingcocoonplayersideDeadProcedure to FORGE
[17Jun2025 01:45:40.964] [modloading-worker-0/DEBUG] [net.minecraftforge.fml.javafmlmod.AutomaticEventSubscriber/LOADING]: Auto-subscribing net.mcreator.borninchaosv.procedures.LivingCocoonDeadProcedure to FORGE
[17Jun2025 01:45:40.965] [modloading-worker-0/DEBUG] [net.minecraftforge.fml.javafmlmod.AutomaticEventSubscriber/LOADING]: Auto-subscribing net.mcreator.borninchaosv.procedures.LifestealerTFAtackProcedure to FORGE
[17Jun2025 01:45:40.966] [modloading-worker-0/DEBUG] [net.minecraftforge.fml.javafmlmod.AutomaticEventSubscriber/LOADING]: Auto-subscribing net.mcreator.borninchaosv.procedures.LifestealerAtackProcedure to FORGE
[17Jun2025 01:45:40.967] [modloading-worker-0/DEBUG] [net.minecraftforge.fml.javafmlmod.AutomaticEventSubscriber/LOADING]: Auto-subscribing net.mcreator.borninchaosv.procedures.KrampusHenchmanAttackProcedure to FORGE
[17Jun2025 01:45:40.968] [modloading-worker-0/DEBUG] [net.minecraftforge.fml.javafmlmod.AutomaticEventSubscriber/LOADING]: Auto-subscribing net.mcreator.borninchaosv.procedures.KrampusAttackProcedure to FORGE
[17Jun2025 01:45:40.972] [modloading-worker-0/DEBUG] [net.minecraftforge.fml.javafmlmod.AutomaticEventSubscriber/LOADING]: Auto-subscribing net.mcreator.borninchaosv.procedures.KillinganimalsProcedure to FORGE
[17Jun2025 01:45:40.973] [modloading-worker-0/DEBUG] [net.minecraftforge.fml.javafmlmod.AutomaticEventSubscriber/LOADING]: Auto-subscribing net.mcreator.borninchaosv.procedures.KillingVillagersProcedure to FORGE
[17Jun2025 01:45:40.975] [modloading-worker-0/DEBUG] [net.minecraftforge.fml.javafmlmod.AutomaticEventSubscriber/LOADING]: Auto-subscribing net.mcreator.borninchaosv.procedures.ItemsDescriptionTooltipProcedure to FORGE
[17Jun2025 01:45:40.976] [modloading-worker-0/DEBUG] [net.minecraftforge.fml.javafmlmod.AutomaticEventSubscriber/LOADING]: Auto-subscribing net.mcreator.borninchaosv.procedures.InsectProtectionTrigerProcedure to FORGE
[17Jun2025 01:45:40.980] [modloading-worker-0/DEBUG] [net.minecraftforge.fml.javafmlmod.AutomaticEventSubscriber/LOADING]: Auto-subscribing net.mcreator.borninchaosv.procedures.InfernalSpiritAtackProcedure to FORGE
[17Jun2025 01:45:40.984] [modloading-worker-0/DEBUG] [net.minecraftforge.fml.javafmlmod.AutomaticEventSubscriber/LOADING]: Auto-subscribing net.mcreator.borninchaosv.procedures.IceBarrierAttackProcedure to FORGE
[17Jun2025 01:45:40.985] [modloading-worker-0/DEBUG] [net.minecraftforge.fml.javafmlmod.AutomaticEventSubscriber/LOADING]: Auto-subscribing net.mcreator.borninchaosv.procedures.HewnScorchedLogPProcedure to FORGE
[17Jun2025 01:45:40.987] [modloading-worker-0/DEBUG] [net.minecraftforge.fml.javafmlmod.AutomaticEventSubscriber/LOADING]: Auto-subscribing net.mcreator.borninchaosv.procedures.HatsDescriptionProcedure to FORGE
[17Jun2025 01:45:40.987] [modloading-worker-0/DEBUG] [net.minecraftforge.fml.javafmlmod.AutomaticEventSubscriber/LOADING]: Auto-subscribing net.mcreator.borninchaosv.procedures.GluttonfishatackProcedure to FORGE
[17Jun2025 01:45:40.989] [modloading-worker-0/DEBUG] [net.minecraftforge.fml.javafmlmod.AutomaticEventSubscriber/LOADING]: Auto-subscribing net.mcreator.borninchaosv.procedures.FragileScorchedPlanksPProcedure to FORGE
[17Jun2025 01:45:40.990] [modloading-worker-0/DEBUG] [net.minecraftforge.fml.javafmlmod.AutomaticEventSubscriber/LOADING]: Auto-subscribing net.mcreator.borninchaosv.procedures.FirelightDProcedure to FORGE
[17Jun2025 01:45:40.990] [modloading-worker-0/DEBUG] [net.minecraftforge.fml.javafmlmod.AutomaticEventSubscriber/LOADING]: Auto-subscribing net.mcreator.borninchaosv.procedures.ExperienceContainerDeathProcedure to FORGE
[17Jun2025 01:45:40.991] [modloading-worker-0/DEBUG] [net.minecraftforge.fml.javafmlmod.AutomaticEventSubscriber/LOADING]: Auto-subscribing net.mcreator.borninchaosv.procedures.EvilCarvedPumpkinPProcedure to FORGE
[17Jun2025 01:45:40.992] [modloading-worker-0/DEBUG] [net.minecraftforge.fml.javafmlmod.AutomaticEventSubscriber/LOADING]: Auto-subscribing net.mcreator.borninchaosv.procedures.EatingRottenFleshProcedure to FORGE
[17Jun2025 01:45:40.993] [modloading-worker-0/DEBUG] [net.minecraftforge.fml.javafmlmod.AutomaticEventSubscriber/LOADING]: Auto-subscribing net.mcreator.borninchaosv.procedures.EastereventProcedure to FORGE
[17Jun2025 01:45:40.994] [modloading-worker-0/DEBUG] [net.minecraftforge.fml.javafmlmod.AutomaticEventSubscriber/LOADING]: Auto-subscribing net.mcreator.borninchaosv.procedures.EasterDropProcedure to FORGE
[17Jun2025 01:45:40.995] [modloading-worker-0/DEBUG] [net.minecraftforge.fml.javafmlmod.AutomaticEventSubscriber/LOADING]: Auto-subscribing net.mcreator.borninchaosv.procedures.DreadHoundPriNazhatiiPravoiKnopkiNaSushchnostProcedure to FORGE
[17Jun2025 01:45:40.996] [modloading-worker-0/DEBUG] [net.minecraftforge.fml.javafmlmod.AutomaticEventSubscriber/LOADING]: Auto-subscribing net.mcreator.borninchaosv.procedures.DreadHoundAtacProcedure to FORGE
[17Jun2025 01:45:40.997] [modloading-worker-0/DEBUG] [net.minecraftforge.fml.javafmlmod.AutomaticEventSubscriber/LOADING]: Auto-subscribing net.mcreator.borninchaosv.procedures.DireHoundLeaderAtackProcedure to FORGE
[17Jun2025 01:45:40.998] [modloading-worker-0/DEBUG] [net.minecraftforge.fml.javafmlmod.AutomaticEventSubscriber/LOADING]: Auto-subscribing net.mcreator.borninchaosv.procedures.DimonBaitProcedure to FORGE
[17Jun2025 01:45:41.001] [modloading-worker-0/DEBUG] [net.minecraftforge.fml.javafmlmod.AutomaticEventSubscriber/LOADING]: Auto-subscribing net.mcreator.borninchaosv.procedures.DescriptionArmorProcedure to FORGE
[17Jun2025 01:45:41.002] [modloading-worker-0/DEBUG] [net.minecraftforge.fml.javafmlmod.AutomaticEventSubscriber/LOADING]: Auto-subscribing net.mcreator.borninchaosv.procedures.DeathTotemKoghdaPriedmietNakhoditsiaVRukieProcedure to FORGE
[17Jun2025 01:45:41.003] [modloading-worker-0/DEBUG] [net.minecraftforge.fml.javafmlmod.AutomaticEventSubscriber/LOADING]: Auto-subscribing net.mcreator.borninchaosv.procedures.DarkWardActivProcedure to FORGE
[17Jun2025 01:45:41.005] [modloading-worker-0/DEBUG] [net.minecraftforge.fml.javafmlmod.AutomaticEventSubscriber/LOADING]: Auto-subscribing net.mcreator.borninchaosv.procedures.DarkRitualDaggerPProcedure to FORGE
[17Jun2025 01:45:41.009] [modloading-worker-0/DEBUG] [net.minecraftforge.fml.javafmlmod.AutomaticEventSubscriber/LOADING]: Auto-subscribing net.mcreator.borninchaosv.procedures.DZombieDProcedure to FORGE
[17Jun2025 01:45:41.011] [modloading-worker-0/DEBUG] [net.minecraftforge.fml.javafmlmod.AutomaticEventSubscriber/LOADING]: Auto-subscribing net.mcreator.borninchaosv.procedures.CursedMarkAtacProcedure to FORGE
[17Jun2025 01:45:41.014] [modloading-worker-0/DEBUG] [net.minecraftforge.fml.javafmlmod.AutomaticEventSubscriber/LOADING]: Auto-subscribing net.mcreator.borninchaosv.procedures.CorpseflyatacProcedure to FORGE
[17Jun2025 01:45:41.015] [modloading-worker-0/DEBUG] [net.minecraftforge.fml.javafmlmod.AutomaticEventSubscriber/LOADING]: Auto-subscribing net.mcreator.borninchaosv.procedures.BoneBarrierProProcedure to FORGE
[17Jun2025 01:45:41.018] [modloading-worker-0/DEBUG] [net.minecraftforge.fml.javafmlmod.AutomaticEventSubscriber/LOADING]: Auto-subscribing net.mcreator.borninchaosv.procedures.BloodyGadflyAtacProcedure to FORGE
[17Jun2025 01:45:41.019] [modloading-worker-0/DEBUG] [net.minecraftforge.fml.javafmlmod.AutomaticEventSubscriber/LOADING]: Auto-subscribing net.mcreator.borninchaosv.procedures.BlockSkeletonTrasherProcedure to FORGE
[17Jun2025 01:45:41.020] [modloading-worker-0/DEBUG] [net.minecraftforge.fml.javafmlmod.AutomaticEventSubscriber/LOADING]: Auto-subscribing net.mcreator.borninchaosv.procedures.BabyspidercontrolledAtackProcedure to FORGE
[17Jun2025 01:45:41.021] [modloading-worker-0/DEBUG] [net.minecraftforge.fml.javafmlmod.AutomaticEventSubscriber/LOADING]: Auto-subscribing net.mcreator.borninchaosv.procedures.BabySpiderAtackProcedure to FORGE
[17Jun2025 01:45:41.021] [modloading-worker-0/DEBUG] [net.minecraftforge.fml.javafmlmod.AutomaticEventSubscriber/LOADING]: Auto-subscribing net.mcreator.borninchaosv.procedures.AxeAtackProcedure to FORGE
[17Jun2025 01:45:41.022] [modloading-worker-0/DEBUG] [net.minecraftforge.fml.javafmlmod.AutomaticEventSubscriber/LOADING]: Auto-subscribing net.mcreator.borninchaosv.procedures.AttackoftheDisobedientProcedure to FORGE
[17Jun2025 01:45:41.023] [modloading-worker-0/DEBUG] [net.minecraftforge.fml.javafmlmod.AutomaticEventSubscriber/LOADING]: Auto-subscribing net.mcreator.borninchaosv.network.BornInChaosV1ModVariables to MOD
[17Jun2025 01:45:41.026] [modloading-worker-0/DEBUG] [net.minecraftforge.fml.javafmlmod.AutomaticEventSubscriber/LOADING]: Auto-subscribing net.mcreator.borninchaosv.network.BornInChaosV1ModVariables$PlayerVariablesProvider to FORGE
[17Jun2025 01:45:41.027] [modloading-worker-0/DEBUG] [net.minecraftforge.fml.javafmlmod.AutomaticEventSubscriber/LOADING]: Auto-subscribing net.mcreator.borninchaosv.network.BornInChaosV1ModVariables$EventBusVariableHandlers to FORGE
[17Jun2025 01:45:41.031] [modloading-worker-0/DEBUG] [net.minecraftforge.fml.javafmlmod.AutomaticEventSubscriber/LOADING]: Auto-subscribing net.mcreator.borninchaosv.init.ItemAnimationFactory to FORGE
[17Jun2025 01:45:41.032] [modloading-worker-0/DEBUG] [net.minecraftforge.fml.javafmlmod.AutomaticEventSubscriber/LOADING]: Auto-subscribing net.mcreator.borninchaosv.init.EntityAnimationFactory to FORGE
[17Jun2025 01:45:41.036] [modloading-worker-0/DEBUG] [net.minecraftforge.fml.javafmlmod.AutomaticEventSubscriber/LOADING]: Auto-subscribing net.mcreator.borninchaosv.init.BornInChaosV1ModGameRules to MOD
[17Jun2025 01:45:41.038] [modloading-worker-0/DEBUG] [mixin/]: Mixing gamerule.BooleanValueInvoker from mixins.artifacts.common.json into net.minecraft.world.level.GameRules$BooleanValue
[17Jun2025 01:45:41.040] [modloading-worker-0/DEBUG] [mixin/]: Renaming @Invoker method invokeCreate(ZLjava/util/function/BiConsumer;)Lnet/minecraft/world/level/GameRules$Type; to invokeCreate_$md$2eb031$0 in mixins.artifacts.common.json:gamerule.BooleanValueInvoker
[17Jun2025 01:45:41.061] [modloading-worker-0/DEBUG] [mixin/]: Mixing gamerule.IntegerValueInvoker from mixins.artifacts.common.json into net.minecraft.world.level.GameRules$IntegerValue
[17Jun2025 01:45:41.066] [modloading-worker-0/DEBUG] [mixin/]: Renaming @Invoker method invokeCreate(ILjava/util/function/BiConsumer;)Lnet/minecraft/world/level/GameRules$Type; to invokeCreate_$md$2eb031$0 in mixins.artifacts.common.json:gamerule.IntegerValueInvoker
[17Jun2025 01:45:41.073] [modloading-worker-0/DEBUG] [net.minecraftforge.fml.javafmlmod.AutomaticEventSubscriber/LOADING]: Auto-subscribing net.mcreator.borninchaosv.init.BornInChaosV1ModFuels to FORGE
[17Jun2025 01:45:41.074] [modloading-worker-0/DEBUG] [net.minecraftforge.fml.javafmlmod.AutomaticEventSubscriber/LOADING]: Auto-subscribing net.mcreator.borninchaosv.init.BornInChaosV1ModFeatures to FORGE
[17Jun2025 01:45:41.074] [modloading-worker-0/DEBUG] [net.minecraftforge.fml.javafmlmod.AutomaticEventSubscriber/LOADING]: Auto-subscribing net.mcreator.borninchaosv.init.BornInChaosV1ModEntities to MOD
[17Jun2025 01:45:41.076] [modloading-worker-0/DEBUG] [net.minecraftforge.fml.javafmlmod.AutomaticEventSubscriber/LOADING]: Auto-subscribing net.mcreator.borninchaosv.init.BornInChaosV1ModCompostableItems to MOD
[17Jun2025 01:45:41.094] [main/DEBUG] [mixin/]: Mixing common.RegistryDataLoaderMixin from lithostitched.mixins.json into net.minecraft.resources.RegistryDataLoader
[17Jun2025 01:45:41.157] [main/DEBUG] [net.minecraftforge.common.capabilities.CapabilityManager/CAPABILITIES]: Attempting to automatically register: Lnet/minecraftforge/energy/IEnergyStorage;
[17Jun2025 01:45:41.157] [main/DEBUG] [net.minecraftforge.common.capabilities.CapabilityManager/CAPABILITIES]: Attempting to automatically register: Lnet/minecraftforge/fluids/capability/IFluidHandler;
[17Jun2025 01:45:41.157] [main/DEBUG] [net.minecraftforge.common.capabilities.CapabilityManager/CAPABILITIES]: Attempting to automatically register: Lnet/minecraftforge/fluids/capability/IFluidHandlerItem;
[17Jun2025 01:45:41.157] [main/DEBUG] [net.minecraftforge.common.capabilities.CapabilityManager/CAPABILITIES]: Attempting to automatically register: Lnet/minecraftforge/items/IItemHandler;
[17Jun2025 01:45:41.245] [main/DEBUG] [mixin/]: Mixing SelfModFlowingFluidMixin from moonlight.mixins.json into net.mehvahdjukaar.moonlight.api.fluids.ModFlowingFluid
[17Jun2025 01:45:41.245] [main/DEBUG] [mixin/]: Renaming synthetic method lambda$afterInit$0(Lnet/mehvahdjukaar/moonlight/api/client/forge/ModFluidType;)Lnet/minecraftforge/fluids/FluidType; to md2eb031$lambda$afterInit$0$0 in moonlight.mixins.json:SelfModFlowingFluidMixin
[17Jun2025 01:45:41.498] [main/DEBUG] [mixin/]: Mixing SelfItemDisplayTileMixin from moonlight.mixins.json into net.mehvahdjukaar.moonlight.api.block.ItemDisplayTile
[17Jun2025 01:45:41.999] [main/DEBUG] [mixin/]: Mixing self.SelfSpeakerBlockTileMixin from supplementaries.mixins.json into net.mehvahdjukaar.supplementaries.common.block.tiles.SpeakerBlockTile
[17Jun2025 01:45:43.133] [main/DEBUG] [mixin/]: Mixing self.SelfDispenserMinecraftMixin from supplementaries.mixins.json into net.mehvahdjukaar.supplementaries.common.entities.dispenser_minecart.DispenserMinecartEntity
[17Jun2025 01:45:43.135] [main/DEBUG] [mixin/]: Renaming synthetic method lambda$reviveCaps$1()Lnet/minecraftforge/items/wrapper/InvWrapper; to md2eb031$lambda$reviveCaps$1$0 in supplementaries.mixins.json:self.SelfDispenserMinecraftMixin
[17Jun2025 01:45:43.135] [main/DEBUG] [mixin/]: Renaming synthetic method lambda$new$0()Lnet/minecraftforge/items/wrapper/InvWrapper; to md2eb031$lambda$new$0$1 in supplementaries.mixins.json:self.SelfDispenserMinecraftMixin
[17Jun2025 01:45:43.280] [main/DEBUG] [dev.architectury.core.item.ArchitecturySpawnEggItem/]: Registering spawn egg mimic_spawn_egg for artifacts:mimic
[17Jun2025 01:45:43.492] [main/INFO] [Moonlight/]: Initialized block sets in 12ms
[17Jun2025 01:45:43.514] [main/DEBUG] [mixin/]: Mixing PotionUtilsMixin from alexscaves.mixins.json into net.minecraft.world.item.alchemy.PotionUtils
[17Jun2025 01:45:43.514] [main/DEBUG] [mixin/]: Renaming synthetic method lambda$ac_getColor$0(Lnet/minecraft/world/effect/MobEffectInstance;)Z to md2eb031$lambda$ac_getColor$0$0 in alexscaves.mixins.json:PotionUtilsMixin
[17Jun2025 01:45:43.580] [main/DEBUG] [mixin/]: Mixing accessors.inventory.AccessorInventoryMenu from bookshelf.common.mixins.json into net.minecraft.world.inventory.InventoryMenu
[17Jun2025 01:45:43.599] [main/DEBUG] [mixin/]: Mixing accessor.ShapelessRecipeAccessor from tombstone.mixins.json into net.minecraft.world.item.crafting.ShapelessRecipe
[17Jun2025 01:45:43.601] [main/DEBUG] [bookshelf/]: Built 2 minecraft:recipe_serializer entries. Took 2.46ms.
[17Jun2025 01:45:43.623] [main/DEBUG] [bookshelf/]: Built 2 minecraft:command_argument_type entries. Took 2.51ms.
[17Jun2025 01:45:43.758] [main/DEBUG] [mixin/]: Mixing ForgeHooksMixin from tombstone.mixins.json into net.minecraftforge.common.ForgeHooks
[17Jun2025 01:45:43.802] [main/WARN] [net.minecraft.network.syncher.SynchedEntityData/]: defineId called for: class com.github.alexmodguy.alexscaves.server.entity.living.TremorzillaEntity from class com.github.alexmodguy.alexscaves.server.entity.living.LicowitchEntity
[17Jun2025 01:45:43.811] [main/WARN] [net.minecraft.network.syncher.SynchedEntityData/]: defineId called for: class net.mcreator.borninchaosv.entity.BabySpiderEntity from class net.mcreator.borninchaosv.entity.MotherSpiderEntity
[17Jun2025 01:45:43.815] [main/DEBUG] [mixin/]: Mixing accessor.SpawnPlacementsAccessor from yungscavebiomes.mixins.json into net.minecraft.world.entity.SpawnPlacements
[17Jun2025 01:45:43.815] [main/DEBUG] [mixin/]: Renaming @Invoker method callRegister(Lnet/minecraft/world/entity/EntityType;Lnet/minecraft/world/entity/SpawnPlacements$Type;Lnet/minecraft/world/level/levelgen/Heightmap$Types;Lnet/minecraft/world/entity/SpawnPlacements$SpawnPredicate;)V to callRegister_$md$2eb031$0 in yungscavebiomes.mixins.json:accessor.SpawnPlacementsAccessor
[17Jun2025 01:45:43.836] [main/DEBUG] [net.minecraftforge.fml.config.ConfigTracker/CONFIG]: Loading configs type COMMON
[17Jun2025 01:45:43.837] [main/DEBUG] [net.minecraftforge.fml.config.ConfigFileTypeHandler/CONFIG]: Built TOML config for /workspaces/MyBmc/servidor_minecraft/config/betterwitchhuts-forge-1_20.toml
[17Jun2025 01:45:43.837] [main/DEBUG] [net.minecraftforge.fml.config.ConfigFileTypeHandler/CONFIG]: Loaded TOML config file /workspaces/MyBmc/servidor_minecraft/config/betterwitchhuts-forge-1_20.toml
[17Jun2025 01:45:43.839] [main/DEBUG] [net.minecraftforge.fml.config.ConfigFileTypeHandler/CONFIG]: Watching TOML config file /workspaces/MyBmc/servidor_minecraft/config/betterwitchhuts-forge-1_20.toml for changes
[17Jun2025 01:45:43.840] [main/DEBUG] [net.minecraftforge.fml.config.ConfigFileTypeHandler/CONFIG]: Built TOML config for /workspaces/MyBmc/servidor_minecraft/config/betterdungeons-forge-1_20.toml
[17Jun2025 01:45:43.840] [Thread-2/DEBUG] [net.minecraftforge.fml.config.ConfigFileTypeHandler/CONFIG]: Config file betterwitchhuts-forge-1_20.toml changed, sending notifies
[17Jun2025 01:45:43.841] [Thread-2/DEBUG] [net.minecraftforge.fml.config.ConfigFileTypeHandler/CONFIG]: Config file betterwitchhuts-forge-1_20.toml changed, sending notifies
[17Jun2025 01:45:43.841] [main/DEBUG] [net.minecraftforge.fml.config.ConfigFileTypeHandler/CONFIG]: Loaded TOML config file /workspaces/MyBmc/servidor_minecraft/config/betterdungeons-forge-1_20.toml
[17Jun2025 01:45:43.841] [main/DEBUG] [net.minecraftforge.fml.config.ConfigFileTypeHandler/CONFIG]: Watching TOML config file /workspaces/MyBmc/servidor_minecraft/config/betterdungeons-forge-1_20.toml for changes
[17Jun2025 01:45:43.842] [Thread-2/DEBUG] [net.minecraftforge.fml.config.ConfigFileTypeHandler/CONFIG]: Config file betterdungeons-forge-1_20.toml changed, sending notifies
[17Jun2025 01:45:43.842] [main/DEBUG] [net.minecraftforge.fml.config.ConfigFileTypeHandler/CONFIG]: Built TOML config for /workspaces/MyBmc/servidor_minecraft/config/sophisticatedcore-common.toml
[17Jun2025 01:45:43.843] [Thread-2/DEBUG] [net.minecraftforge.fml.config.ConfigFileTypeHandler/CONFIG]: Config file betterdungeons-forge-1_20.toml changed, sending notifies
[17Jun2025 01:45:43.844] [main/DEBUG] [net.minecraftforge.fml.config.ConfigFileTypeHandler/CONFIG]: Loaded TOML config file /workspaces/MyBmc/servidor_minecraft/config/sophisticatedcore-common.toml
[17Jun2025 01:45:43.844] [main/DEBUG] [net.minecraftforge.fml.config.ConfigFileTypeHandler/CONFIG]: Watching TOML config file /workspaces/MyBmc/servidor_minecraft/config/sophisticatedcore-common.toml for changes
[17Jun2025 01:45:43.844] [Thread-2/DEBUG] [net.minecraftforge.fml.config.ConfigFileTypeHandler/CONFIG]: Config file sophisticatedcore-common.toml changed, sending notifies
[17Jun2025 01:45:43.845] [main/DEBUG] [net.minecraftforge.fml.config.ConfigFileTypeHandler/CONFIG]: Built TOML config for /workspaces/MyBmc/servidor_minecraft/config/YungsCaveBiomes-forge-1_20_1.toml
[17Jun2025 01:45:43.845] [Thread-2/DEBUG] [net.minecraftforge.fml.config.ConfigFileTypeHandler/CONFIG]: Config file sophisticatedcore-common.toml changed, sending notifies
[17Jun2025 01:45:43.845] [main/DEBUG] [net.minecraftforge.fml.config.ConfigFileTypeHandler/CONFIG]: Loaded TOML config file /workspaces/MyBmc/servidor_minecraft/config/YungsCaveBiomes-forge-1_20_1.toml
[17Jun2025 01:45:43.845] [main/DEBUG] [net.minecraftforge.fml.config.ConfigFileTypeHandler/CONFIG]: Watching TOML config file /workspaces/MyBmc/servidor_minecraft/config/YungsCaveBiomes-forge-1_20_1.toml for changes
[17Jun2025 01:45:43.846] [Thread-2/DEBUG] [net.minecraftforge.fml.config.ConfigFileTypeHandler/CONFIG]: Config file YungsCaveBiomes-forge-1_20_1.toml changed, sending notifies
[17Jun2025 01:45:43.847] [main/DEBUG] [net.minecraftforge.fml.config.ConfigFileTypeHandler/CONFIG]: Built TOML config for /workspaces/MyBmc/servidor_minecraft/config/citadel-common.toml
[17Jun2025 01:45:43.847] [main/DEBUG] [net.minecraftforge.fml.config.ConfigFileTypeHandler/CONFIG]: Loaded TOML config file /workspaces/MyBmc/servidor_minecraft/config/citadel-common.toml
[17Jun2025 01:45:43.847] [main/DEBUG] [net.minecraftforge.fml.config.ConfigFileTypeHandler/CONFIG]: Watching TOML config file /workspaces/MyBmc/servidor_minecraft/config/citadel-common.toml for changes
[17Jun2025 01:45:43.848] [Thread-2/DEBUG] [net.minecraftforge.fml.config.ConfigFileTypeHandler/CONFIG]: Config file YungsCaveBiomes-forge-1_20_1.toml changed, sending notifies
[17Jun2025 01:45:43.848] [Thread-2/DEBUG] [net.minecraftforge.fml.config.ConfigFileTypeHandler/CONFIG]: Config file citadel-common.toml changed, sending notifies
[17Jun2025 01:45:43.848] [main/DEBUG] [net.minecraftforge.fml.config.ConfigFileTypeHandler/CONFIG]: Built TOML config for /workspaces/MyBmc/servidor_minecraft/config/waystones-common.toml
[17Jun2025 01:45:43.848] [Thread-2/DEBUG] [net.minecraftforge.fml.config.ConfigFileTypeHandler/CONFIG]: Config file citadel-common.toml changed, sending notifies
[17Jun2025 01:45:43.849] [main/DEBUG] [net.minecraftforge.fml.config.ConfigFileTypeHandler/CONFIG]: Loaded TOML config file /workspaces/MyBmc/servidor_minecraft/config/waystones-common.toml
[17Jun2025 01:45:43.849] [main/DEBUG] [net.minecraftforge.fml.config.ConfigFileTypeHandler/CONFIG]: Watching TOML config file /workspaces/MyBmc/servidor_minecraft/config/waystones-common.toml for changes
[17Jun2025 01:45:43.856] [Thread-2/DEBUG] [net.minecraftforge.fml.config.ConfigFileTypeHandler/CONFIG]: Config file waystones-common.toml changed, sending notifies
[17Jun2025 01:45:43.857] [main/DEBUG] [net.minecraftforge.fml.config.ConfigFileTypeHandler/CONFIG]: Built TOML config for /workspaces/MyBmc/servidor_minecraft/config/sophisticatedbackpacks-common.toml
[17Jun2025 01:45:43.857] [main/DEBUG] [net.minecraftforge.fml.config.ConfigFileTypeHandler/CONFIG]: Loaded TOML config file /workspaces/MyBmc/servidor_minecraft/config/sophisticatedbackpacks-common.toml
[17Jun2025 01:45:43.857] [main/DEBUG] [net.minecraftforge.fml.config.ConfigFileTypeHandler/CONFIG]: Watching TOML config file /workspaces/MyBmc/servidor_minecraft/config/sophisticatedbackpacks-common.toml for changes
[17Jun2025 01:45:43.858] [main/DEBUG] [net.minecraftforge.fml.config.ConfigFileTypeHandler/CONFIG]: Built TOML config for /workspaces/MyBmc/servidor_minecraft/config/betterdeserttemples-forge-1_20.toml
[17Jun2025 01:45:43.858] [main/DEBUG] [net.minecraftforge.fml.config.ConfigFileTypeHandler/CONFIG]: Loaded TOML config file /workspaces/MyBmc/servidor_minecraft/config/betterdeserttemples-forge-1_20.toml
[17Jun2025 01:45:43.859] [main/DEBUG] [net.minecraftforge.fml.config.ConfigFileTypeHandler/CONFIG]: Watching TOML config file /workspaces/MyBmc/servidor_minecraft/config/betterdeserttemples-forge-1_20.toml for changes
[17Jun2025 01:45:43.860] [main/DEBUG] [net.minecraftforge.fml.config.ConfigFileTypeHandler/CONFIG]: Built TOML config for /workspaces/MyBmc/servidor_minecraft/config/takesapillage-common.toml
[17Jun2025 01:45:43.861] [main/DEBUG] [net.minecraftforge.fml.config.ConfigFileTypeHandler/CONFIG]: Loaded TOML config file /workspaces/MyBmc/servidor_minecraft/config/takesapillage-common.toml
[17Jun2025 01:45:43.861] [Thread-2/DEBUG] [net.minecraftforge.fml.config.ConfigFileTypeHandler/CONFIG]: Config file waystones-common.toml changed, sending notifies
[17Jun2025 01:45:43.861] [main/DEBUG] [net.minecraftforge.fml.config.ConfigFileTypeHandler/CONFIG]: Watching TOML config file /workspaces/MyBmc/servidor_minecraft/config/takesapillage-common.toml for changes
[17Jun2025 01:45:43.861] [Thread-2/DEBUG] [net.minecraftforge.fml.config.ConfigFileTypeHandler/CONFIG]: Config file takesapillage-common.toml changed, sending notifies
[17Jun2025 01:45:43.862] [Thread-2/DEBUG] [net.minecraftforge.fml.config.ConfigFileTypeHandler/CONFIG]: Config file takesapillage-common.toml changed, sending notifies
[17Jun2025 01:45:43.862] [main/DEBUG] [net.minecraftforge.fml.config.ConfigFileTypeHandler/CONFIG]: Built TOML config for /workspaces/MyBmc/servidor_minecraft/config/betterfortresses-forge-1_20.toml
[17Jun2025 01:45:43.862] [main/DEBUG] [net.minecraftforge.fml.config.ConfigFileTypeHandler/CONFIG]: Loaded TOML config file /workspaces/MyBmc/servidor_minecraft/config/betterfortresses-forge-1_20.toml
[17Jun2025 01:45:43.862] [main/DEBUG] [net.minecraftforge.fml.config.ConfigFileTypeHandler/CONFIG]: Watching TOML config file /workspaces/MyBmc/servidor_minecraft/config/betterfortresses-forge-1_20.toml for changes
[17Jun2025 01:45:43.863] [main/DEBUG] [net.minecraftforge.fml.config.ConfigFileTypeHandler/CONFIG]: Built TOML config for /workspaces/MyBmc/servidor_minecraft/config/carryon-common.toml
[17Jun2025 01:45:43.863] [Thread-2/DEBUG] [net.minecraftforge.fml.config.ConfigFileTypeHandler/CONFIG]: Config file betterfortresses-forge-1_20.toml changed, sending notifies
[17Jun2025 01:45:43.864] [main/DEBUG] [net.minecraftforge.fml.config.ConfigFileTypeHandler/CONFIG]: Loaded TOML config file /workspaces/MyBmc/servidor_minecraft/config/carryon-common.toml
[17Jun2025 01:45:43.864] [main/DEBUG] [net.minecraftforge.fml.config.ConfigFileTypeHandler/CONFIG]: Watching TOML config file /workspaces/MyBmc/servidor_minecraft/config/carryon-common.toml for changes
[17Jun2025 01:45:43.899] [Thread-2/DEBUG] [net.minecraftforge.fml.config.ConfigFileTypeHandler/CONFIG]: Config file carryon-common.toml changed, sending notifies
[17Jun2025 01:45:43.899] [main/DEBUG] [net.minecraftforge.fml.config.ConfigFileTypeHandler/CONFIG]: Built TOML config for /workspaces/MyBmc/servidor_minecraft/config/balm-common.toml
[17Jun2025 01:45:43.900] [main/DEBUG] [net.minecraftforge.fml.config.ConfigFileTypeHandler/CONFIG]: Loaded TOML config file /workspaces/MyBmc/servidor_minecraft/config/balm-common.toml
[17Jun2025 01:45:43.900] [main/DEBUG] [net.minecraftforge.fml.config.ConfigFileTypeHandler/CONFIG]: Watching TOML config file /workspaces/MyBmc/servidor_minecraft/config/balm-common.toml for changes
[17Jun2025 01:45:43.901] [main/DEBUG] [net.minecraftforge.fml.config.ConfigFileTypeHandler/CONFIG]: Built TOML config for /workspaces/MyBmc/servidor_minecraft/config/alexscaves-general.toml
[17Jun2025 01:45:43.901] [main/DEBUG] [net.minecraftforge.fml.config.ConfigFileTypeHandler/CONFIG]: Loaded TOML config file /workspaces/MyBmc/servidor_minecraft/config/alexscaves-general.toml
[17Jun2025 01:45:43.902] [main/DEBUG] [net.minecraftforge.fml.config.ConfigFileTypeHandler/CONFIG]: Watching TOML config file /workspaces/MyBmc/servidor_minecraft/config/alexscaves-general.toml for changes
[17Jun2025 01:45:43.917] [main/DEBUG] [net.minecraftforge.fml.config.ConfigFileTypeHandler/CONFIG]: Built TOML config for /workspaces/MyBmc/servidor_minecraft/config/supplementaries-common.toml
[17Jun2025 01:45:43.919] [main/DEBUG] [net.minecraftforge.fml.config.ConfigFileTypeHandler/CONFIG]: Loaded TOML config file /workspaces/MyBmc/servidor_minecraft/config/supplementaries-common.toml
[17Jun2025 01:45:43.919] [main/DEBUG] [net.minecraftforge.fml.config.ConfigFileTypeHandler/CONFIG]: Watching TOML config file /workspaces/MyBmc/servidor_minecraft/config/supplementaries-common.toml for changes
[17Jun2025 01:45:43.922] [Thread-2/DEBUG] [net.minecraftforge.fml.config.ConfigFileTypeHandler/CONFIG]: Config file carryon-common.toml changed, sending notifies
[17Jun2025 01:45:43.923] [main/DEBUG] [net.minecraftforge.fml.config.ConfigFileTypeHandler/CONFIG]: Built TOML config for /workspaces/MyBmc/servidor_minecraft/config/moonlight-common.toml
[17Jun2025 01:45:43.923] [main/DEBUG] [net.minecraftforge.fml.config.ConfigFileTypeHandler/CONFIG]: Loaded TOML config file /workspaces/MyBmc/servidor_minecraft/config/moonlight-common.toml
[17Jun2025 01:45:43.923] [main/DEBUG] [net.minecraftforge.fml.config.ConfigFileTypeHandler/CONFIG]: Watching TOML config file /workspaces/MyBmc/servidor_minecraft/config/moonlight-common.toml for changes
[17Jun2025 01:45:43.924] [main/DEBUG] [net.minecraftforge.fml.config.ConfigFileTypeHandler/CONFIG]: Built TOML config for /workspaces/MyBmc/servidor_minecraft/config/curios-common.toml
[17Jun2025 01:45:43.924] [main/DEBUG] [net.minecraftforge.fml.config.ConfigFileTypeHandler/CONFIG]: Loaded TOML config file /workspaces/MyBmc/servidor_minecraft/config/curios-common.toml
[17Jun2025 01:45:43.924] [main/DEBUG] [net.minecraftforge.fml.config.ConfigFileTypeHandler/CONFIG]: Watching TOML config file /workspaces/MyBmc/servidor_minecraft/config/curios-common.toml for changes
[17Jun2025 01:45:43.925] [main/DEBUG] [net.minecraftforge.fml.config.ConfigFileTypeHandler/CONFIG]: Built TOML config for /workspaces/MyBmc/servidor_minecraft/config/betterstrongholds-forge-1_20.toml
[17Jun2025 01:45:43.925] [main/DEBUG] [net.minecraftforge.fml.config.ConfigFileTypeHandler/CONFIG]: Loaded TOML config file /workspaces/MyBmc/servidor_minecraft/config/betterstrongholds-forge-1_20.toml
[17Jun2025 01:45:43.925] [main/DEBUG] [net.minecraftforge.fml.config.ConfigFileTypeHandler/CONFIG]: Watching TOML config file /workspaces/MyBmc/servidor_minecraft/config/betterstrongholds-forge-1_20.toml for changes
[17Jun2025 01:45:43.927] [main/DEBUG] [net.minecraftforge.fml.config.ConfigFileTypeHandler/CONFIG]: Built TOML config for /workspaces/MyBmc/servidor_minecraft/config/tombstone-common.toml
[17Jun2025 01:45:43.927] [main/DEBUG] [net.minecraftforge.fml.config.ConfigFileTypeHandler/CONFIG]: Loaded TOML config file /workspaces/MyBmc/servidor_minecraft/config/tombstone-common.toml
[17Jun2025 01:45:43.928] [main/DEBUG] [net.minecraftforge.fml.config.ConfigFileTypeHandler/CONFIG]: Watching TOML config file /workspaces/MyBmc/servidor_minecraft/config/tombstone-common.toml for changes
[17Jun2025 01:45:43.929] [main/DEBUG] [net.minecraftforge.fml.config.ConfigFileTypeHandler/CONFIG]: Built TOML config for /workspaces/MyBmc/servidor_minecraft/config/betterendisland-forge-1_20.toml
[17Jun2025 01:45:43.929] [main/DEBUG] [net.minecraftforge.fml.config.ConfigFileTypeHandler/CONFIG]: Loaded TOML config file /workspaces/MyBmc/servidor_minecraft/config/betterendisland-forge-1_20.toml
[17Jun2025 01:45:43.929] [main/DEBUG] [net.minecraftforge.fml.config.ConfigFileTypeHandler/CONFIG]: Watching TOML config file /workspaces/MyBmc/servidor_minecraft/config/betterendisland-forge-1_20.toml for changes
[17Jun2025 01:45:43.930] [main/DEBUG] [net.minecraftforge.fml.config.ConfigFileTypeHandler/CONFIG]: Built TOML config for /workspaces/MyBmc/servidor_minecraft/config/cosmeticarmorreworked-common.toml
[17Jun2025 01:45:43.930] [main/DEBUG] [net.minecraftforge.fml.config.ConfigFileTypeHandler/CONFIG]: Loaded TOML config file /workspaces/MyBmc/servidor_minecraft/config/cosmeticarmorreworked-common.toml
[17Jun2025 01:45:43.930] [main/DEBUG] [net.minecraftforge.fml.config.ConfigFileTypeHandler/CONFIG]: Watching TOML config file /workspaces/MyBmc/servidor_minecraft/config/cosmeticarmorreworked-common.toml for changes
[17Jun2025 01:45:43.931] [main/DEBUG] [net.minecraftforge.fml.config.ConfigFileTypeHandler/CONFIG]: Built TOML config for /workspaces/MyBmc/servidor_minecraft/config/bettermineshafts-forge-1_20.toml
[17Jun2025 01:45:43.931] [main/DEBUG] [net.minecraftforge.fml.config.ConfigFileTypeHandler/CONFIG]: Loaded TOML config file /workspaces/MyBmc/servidor_minecraft/config/bettermineshafts-forge-1_20.toml
[17Jun2025 01:45:43.931] [main/DEBUG] [net.minecraftforge.fml.config.ConfigFileTypeHandler/CONFIG]: Watching TOML config file /workspaces/MyBmc/servidor_minecraft/config/bettermineshafts-forge-1_20.toml for changes
[17Jun2025 01:45:43.932] [main/DEBUG] [net.minecraftforge.fml.config.ConfigFileTypeHandler/CONFIG]: Built TOML config for /workspaces/MyBmc/servidor_minecraft/config/betterjungletemples-forge-1_20.toml
[17Jun2025 01:45:43.932] [main/DEBUG] [net.minecraftforge.fml.config.ConfigFileTypeHandler/CONFIG]: Loaded TOML config file /workspaces/MyBmc/servidor_minecraft/config/betterjungletemples-forge-1_20.toml
[17Jun2025 01:45:43.932] [main/DEBUG] [net.minecraftforge.fml.config.ConfigFileTypeHandler/CONFIG]: Watching TOML config file /workspaces/MyBmc/servidor_minecraft/config/betterjungletemples-forge-1_20.toml for changes
[17Jun2025 01:45:43.935] [modloading-worker-0/INFO] [com.recipeessentials.RecipeEssentials/]: recipeessentials mod initialized
[17Jun2025 01:45:43.935] [modloading-worker-0/INFO] [com.structureessentials.StructureEssentials/]: structureessentials mod initialized
[17Jun2025 01:45:43.935] [modloading-worker-0/INFO] [com.connectivity.Connectivity/]: Connectivity initialized
[17Jun2025 01:45:43.939] [modloading-worker-0/INFO] [com.lootintegrations.LootintegrationsMod/]: lootintegrations mod initialized
[17Jun2025 01:45:43.948] [modloading-worker-0/INFO] [com.clickadv.ClickAdvancements/]: clickadv mod initialized
[17Jun2025 01:45:43.980] [modloading-worker-0/INFO] [com.logprot.Logprot/]: Shields up!
[17Jun2025 01:45:43.983] [modloading-worker-0/INFO] [voicechat/]: [voicechat] Compatibility version 18
[17Jun2025 01:45:43.998] [Thread-2/DEBUG] [net.minecraftforge.fml.config.ConfigFileTypeHandler/CONFIG]: Config file balm-common.toml changed, sending notifies
[17Jun2025 01:45:43.999] [Forge Version Check/INFO] [net.minecraftforge.fml.VersionChecker/]: [clumps] Starting version check at https://updates.blamejared.com/get?n=clumps&gv=1.20.1
[17Jun2025 01:45:44.013] [modloading-worker-0/DEBUG] [mixin/]: Mixing MixinSlotAttribute from curios.mixins.json into top.theillusivec4.curios.api.SlotAttribute
[17Jun2025 01:45:44.015] [modloading-worker-0/DEBUG] [mixin/]: Mixing MixinCuriosApi from curios.mixins.json into top.theillusivec4.curios.api.CuriosApi
[17Jun2025 01:45:44.016] [Thread-2/DEBUG] [net.minecraftforge.fml.config.ConfigFileTypeHandler/CONFIG]: Config file supplementaries-common.toml changed, sending notifies
[17Jun2025 01:45:44.018] [Thread-2/DEBUG] [net.minecraftforge.fml.config.ConfigFileTypeHandler/CONFIG]: Config file moonlight-common.toml changed, sending notifies
[17Jun2025 01:45:44.018] [Thread-2/DEBUG] [net.minecraftforge.fml.config.ConfigFileTypeHandler/CONFIG]: Config file betterstrongholds-forge-1_20.toml changed, sending notifies
[17Jun2025 01:45:44.038] [modloading-worker-0/INFO] [com.betterchunkloading.BetterChunkLoading/]: betterchunkloading mod initialized
[17Jun2025 01:45:44.045] [modloading-worker-0/INFO] [com.chunksending.ChunkSending/]: chunksending mod initialized
[17Jun2025 01:45:44.097] [modloading-worker-0/INFO] [voicechat/]: [voicechat] Loading plugins
[17Jun2025 01:45:44.104] [modloading-worker-0/INFO] [voicechat/]: [voicechat] Loaded 0 plugin(s)
[17Jun2025 01:45:44.105] [modloading-worker-0/INFO] [voicechat/]: [voicechat] Initializing plugins
[17Jun2025 01:45:44.105] [modloading-worker-0/INFO] [voicechat/]: [voicechat] Initialized 0 plugin(s)
[17Jun2025 01:45:44.126] [main/DEBUG] [net.minecraftforge.fml.DeferredWorkQueue/LOADING]: Dispatching synchronous work for work queue COMMON_SETUP: 31 jobs
[17Jun2025 01:45:44.127] [main/INFO] [journeymap/]: Initializing Packet Registries
[17Jun2025 01:45:44.146] [main/INFO] [terrablender/]: Registered region minecraft:overworld to index 0 for type OVERWORLD
[17Jun2025 01:45:44.147] [main/INFO] [terrablender/]: Registered region minecraft:nether to index 0 for type NETHER
[17Jun2025 01:45:44.147] [main/INFO] [terrablender/]: Registered region yungscavebiomes:overworld to index 1 for type OVERWORLD
[17Jun2025 01:45:44.190] [main/INFO] [Supplementaries/]: Finished mod setup in: [0, 2, 0, 1, 0, 0, 15, 7, 1] ms
[17Jun2025 01:45:44.221] [main/INFO] [Moonlight/]: Initialized color sets in 27ms
[17Jun2025 01:45:44.249] [main/DEBUG] [net.minecraftforge.fml.DeferredWorkQueue/LOADING]: Synchronous work queue completed in 122.4 ms
[17Jun2025 01:45:44.273] [main/DEBUG] [net.minecraftforge.fml.DeferredWorkQueue/LOADING]: Dispatching synchronous work for work queue COMPLETE: 1 jobs
[17Jun2025 01:45:44.278] [main/DEBUG] [net.minecraftforge.fml.DeferredWorkQueue/LOADING]: Synchronous work queue completed in 3.909 ms
[17Jun2025 01:45:44.545] [Forge Version Check/DEBUG] [net.minecraftforge.fml.VersionChecker/]: [clumps] Received version check data:
{"homepage":"https://www.curseforge.com/minecraft/mc-mods/clumps","promos":{"1.20.1-latest":"12.0.0.4"}}
[17Jun2025 01:45:44.546] [Forge Version Check/INFO] [net.minecraftforge.fml.VersionChecker/]: [clumps] Found status: BETA Current: 12.0.0.4 Target: 12.0.0.4
[17Jun2025 01:45:44.546] [Forge Version Check/INFO] [net.minecraftforge.fml.VersionChecker/]: [journeymap] Starting version check at https://forge.curseupdate.com/32274/journeymap
[17Jun2025 01:45:44.742] [Forge Version Check/DEBUG] [net.minecraftforge.fml.VersionChecker/]: [journeymap] Received version check data:
{"promos":{"1.12.2-latest":"1.12.2-5.7.1p3","1.12.2-recommended":"1.12.2-5.7.1p3","1.16.5-latest":"5.8.6","1.16.5-recommended":"5.8.6","1.18.2-latest":"5.9.8","1.18.2-recommended":"5.9.8","1.19.2-latest":"5.9.8","1.19.2-recommended":"5.9.8","1.19.4-latest":"5.9.8","1.19.4-recommended":"5.9.8","1.20.1-latest":"5.10.3","1.20.1-recommended":"5.10.3","1.20.2-latest":"5.9.21","1.20.2-recommended":"5.9.21","1.20.3-latest":"5.9.18","1.20.3-recommended":"5.9.18","1.20.4-latest":"5.10.0","1.20.4-recommended":"5.10.0","1.20.6-latest":"5.10.0","1.20.6-recommended":"5.10.0","1.21-latest":"1.21-6.0.0-beta.27","1.21.1-latest":"1.21.1-6.0.0-beta.45","1.21.4-latest":"1.21.4-6.0.0-beta.45","1.21.5-latest":"1.21.5-6.0.0-beta.45","1.7.10-latest":"5.2.9","1.7.10-recommended":"5.2.9"},"homepage":"https://www.curseforge.com/minecraft/mc-mods/journeymap"}
[17Jun2025 01:45:44.743] [Forge Version Check/INFO] [net.minecraftforge.fml.VersionChecker/]: [journeymap] Found status: UP_TO_DATE Current: 5.10.3 Target: null
[17Jun2025 01:45:44.743] [Forge Version Check/INFO] [net.minecraftforge.fml.VersionChecker/]: [bookshelf] Starting version check at https://updates.blamejared.com/get?n=bookshelf&gv=1.20.1
[17Jun2025 01:45:44.875] [Forge Version Check/DEBUG] [net.minecraftforge.fml.VersionChecker/]: [bookshelf] Received version check data:
{"homepage":"https://www.curseforge.com/minecraft/mc-mods/bookshelf","promos":{"1.20.1-latest":"20.2.13"}}
[17Jun2025 01:45:44.876] [Forge Version Check/INFO] [net.minecraftforge.fml.VersionChecker/]: [bookshelf] Found status: BETA Current: 20.2.13 Target: 20.2.13
[17Jun2025 01:45:44.877] [Forge Version Check/INFO] [net.minecraftforge.fml.VersionChecker/]: [forge] Starting version check at https://files.minecraftforge.net/net/minecraftforge/forge/promotions_slim.json
[17Jun2025 01:45:45.023] [Forge Version Check/DEBUG] [net.minecraftforge.fml.VersionChecker/]: [forge] Received version check data:
{
  "homepage": "https://files.minecraftforge.net/net/minecraftforge/forge/",
  "promos": {
    "1.1-latest": "1.3.4.29",
    "1.2.3-latest": "1.4.1.64",
    "1.2.4-latest": "2.0.0.68",
    "1.2.5-latest": "3.4.9.171",
    "1.3.2-latest": "4.3.5.318",
    "1.4.0-latest": "5.0.0.326",
    "1.4.1-latest": "6.0.0.329",
    "1.4.2-latest": "6.0.1.355",
    "1.4.3-latest": "6.2.1.358",
    "1.4.4-latest": "6.3.0.378",
    "1.4.5-latest": "6.4.2.448",
    "1.4.6-latest": "6.5.0.489",
    "1.4.7-latest": "6.6.2.534",
    "1.5-latest": "7.7.0.598",
    "1.5.1-latest": "7.7.2.682",
    "1.5.2-latest": "7.8.1.738",
    "1.5.2-recommended": "7.8.1.738",
    "1.6.1-latest": "8.9.0.775",
    "1.6.2-latest": "9.10.1.871",
    "1.6.2-recommended": "9.10.1.871",
    "1.6.3-latest": "9.11.0.878",
    "1.6.4-latest": "9.11.1.1345",
    "1.6.4-recommended": "9.11.1.1345",
    "1.7.2-latest": "10.12.2.1161",
    "1.7.2-recommended": "10.12.2.1161",
    "1.7.10_pre4-latest": "10.12.2.1149",
    "1.7.10-latest": "10.13.4.1614",
    "1.7.10-recommended": "10.13.4.1614",
    "1.8-latest": "11.14.4.1577",
    "1.8-recommended": "11.14.4.1563",
    "1.8.8-latest": "11.15.0.1655",
    "1.8.9-latest": "11.15.1.2318",
    "1.8.9-recommended": "11.15.1.2318",
    "1.9-latest": "12.16.1.1938",
    "1.9-recommended": "12.16.1.1887",
    "1.9.4-latest": "12.17.0.2317",
    "1.9.4-recommended": "12.17.0.2317",
    "1.10-latest": "12.18.0.2000",
    "1.10.2-latest": "12.18.3.2511",
    "1.10.2-recommended": "12.18.3.2511",
    "1.11-latest": "13.19.1.2199",
    "1.11-recommended": "13.19.1.2189",
    "1.11.2-latest": "13.20.1.2588",
    "1.11.2-recommended": "13.20.1.2588",
    "1.12-latest": "14.21.1.2443",
    "1.12-recommended": "14.21.1.2387",
    "1.12.1-latest": "14.22.1.2485",
    "1.12.1-recommended": "14.22.1.2478",
    "1.12.2-latest": "14.23.5.2860",
    "1.12.2-recommended": "14.23.5.2859",
    "1.13.2-latest": "25.0.223",
    "1.14.2-latest": "26.0.63",
    "1.14.3-latest": "27.0.60",
    "1.14.4-latest": "28.2.26",
    "1.14.4-recommended": "28.2.26",
    "1.15-latest": "29.0.4",
    "1.15.1-latest": "30.0.51",
    "1.15.2-latest": "31.2.57",
    "1.15.2-recommended": "31.2.57",
    "1.16.1-latest": "32.0.108",
    "1.16.2-latest": "33.0.61",
    "1.16.3-latest": "34.1.42",
    "1.16.3-recommended": "34.1.0",
    "1.16.4-latest": "35.1.37",
    "1.16.4-recommended": "35.1.4",
    "1.16.5-latest": "36.2.42",
    "1.16.5-recommended": "36.2.34",
    "1.17.1-latest": "37.1.1",
    "1.17.1-recommended": "37.1.1",
    "1.18-latest": "38.0.17",
    "1.18.1-latest": "39.1.2",
    "1.18.1-recommended": "39.1.0",
    "1.18.2-recommended": "40.3.0",
    "1.18.2-latest": "40.3.10",
    "1.19-latest": "41.1.0",
    "1.19-recommended": "41.1.0",
    "1.19.1-latest": "42.0.9",
    "1.19.2-recommended": "43.5.0",
    "1.19.2-latest": "43.5.0",
    "1.19.3-latest": "44.1.23",
    "1.19.3-recommended": "44.1.0",
    "1.19.4-recommended": "45.4.0",
    "1.19.4-latest": "45.4.0",
    "1.20-latest": "46.0.14",
    "1.20.1-recommended": "47.4.0",
    "1.20.1-latest": "47.4.2",
    "1.20.2-latest": "48.1.0",
    "1.20.2-recommended": "48.1.0",
    "1.20.3-latest": "49.0.2",
    "1.20.4-latest": "49.2.0",
    "1.20.4-recommended": "49.2.0",
    "1.20.6-latest": "50.2.0",
    "1.20.6-recommended": "50.2.0",
    "1.21-latest": "51.0.33",
    "1.21.1-latest": "52.1.1",
    "1.21.1-recommended": "52.1.0",
    "1.21.3-latest": "53.1.1",
    "1.21.3-recommended": "53.1.0",
    "1.21.4-latest": "54.1.3",
    "1.21.4-recommended": "54.1.0",
    "1.21.5-latest": "55.0.23"
  }
}
[17Jun2025 01:45:45.024] [Forge Version Check/INFO] [net.minecraftforge.fml.VersionChecker/]: [forge] Found status: OUTDATED Current: 47.3.7 Target: 47.4.0
[17Jun2025 01:45:45.026] [Forge Version Check/INFO] [net.minecraftforge.fml.VersionChecker/]: [ctov] Starting version check at https://api.modrinth.com/updates/fgmhI8kH/forge_updates.json
[17Jun2025 01:45:45.204] [Forge Version Check/DEBUG] [net.minecraftforge.fml.VersionChecker/]: [ctov] Received version check data:
{"homepage":"https://modrinth.com/mod/fgmhI8kH","promos":{"1.20.2-recommended":"3.4.10","1.20.5-latest":"3.4.3","1.20-latest":"3.4.14","1.20-recommended":"3.4.14","1.20.1-recommended":"3.4.14","1.20.2-latest":"3.4.10","1.20.3-recommended":"3.4.10","1.20.6-recommended":"3.4.3","1.20.1-latest":"3.4.14","1.20.6-latest":"3.4.3","1.19.3-recommended":"3.2.6","1.19.4-recommended":"3.2.6","1.19-latest":"3.2.6","1.19.3-latest":"3.2.6","1.19.2-latest":"3.2.6","1.19.1-latest":"3.2.6","1.18.2-recommended":"2.9.4","1.18.2-latest":"2.9.4","1.20.5-recommended":"3.4.3","1.20.3-latest":"3.4.10","1.20.4-recommended":"3.4.10","1.19.2-recommended":"3.2.6","1.20.4-latest":"3.4.10","1.19.4-latest":"3.2.6","1.19.1-recommended":"3.2.6","1.18.2-rc1-recommended":"1-18-2-2","1.18.2-rc1-latest":"1-18-2-2","1.19-recommended":"3.2.6"}}
[17Jun2025 01:45:45.205] [Forge Version Check/INFO] [net.minecraftforge.fml.VersionChecker/]: [ctov] Found status: UP_TO_DATE Current: 3.4.14 Target: null
[17Jun2025 01:45:45.205] [Forge Version Check/INFO] [net.minecraftforge.fml.VersionChecker/]: [supplementaries] Starting version check at https://raw.githubusercontent.com/MehVahdJukaar/Supplementaries/1.20/forge/update.json
[17Jun2025 01:45:45.238] [Forge Version Check/DEBUG] [net.minecraftforge.fml.VersionChecker/]: [supplementaries] Received version check data:
{
  "homepage": "https://www.curseforge.com/minecraft/mc-mods/supplementaries",
  "promos": {
    "1.20-latest": "1.20-2.6.1",
    "1.20-recommended": "1.20-2.6.1"
  }
}
[17Jun2025 01:45:45.239] [Forge Version Check/INFO] [net.minecraftforge.fml.VersionChecker/]: [supplementaries] Found status: BETA Current: 1.20-3.1.31 Target: null
[17Jun2025 01:45:45.239] [Forge Version Check/INFO] [net.minecraftforge.fml.VersionChecker/]: [voicechat] Starting version check at https://update.maxhenkel.de/forge/voicechat
[17Jun2025 01:45:46.013] [Forge Version Check/DEBUG] [net.minecraftforge.fml.VersionChecker/]: [voicechat] Received version check data:
{"1.21":{"1.21-2.5.20":"Added Vietnamese translation"},"1.20":{"1.20-2.4.9":"Fixed group not getting deleted when disconnecting\nFixed group in LeaveGroupEvent always null\nFixed builtin resource pack format version"},"1.18":{"1.18-2.1.17":"Updated Forge\nFixed sound physics compatibility","1.18-2.1.22":"Fixed untranslated command feedback"},"1.19":{"1.19-2.4.8":"Added audio senders to the voice chat API"},"1.20.4":{"1.20.4-2.5.22":"Updated Traditional Chinese translation\nAdded Portuguese translation\nUpdated Ukrainian translation","1.20.4-2.4.32":"Fixed compatibility with Sound Physics Remastered\nUpdated French translation"},"1.21.3":{"1.21.3-2.5.30":"Improved tooltip rendering performance\nFixed ping buffer size"},"promos":{"1.18.1-latest":"1.18.1-2.2.52","1.21.4-latest":"1.21.4-2.5.30","1.21.3-latest":"1.21.3-2.5.30","1.18.2-latest":"1.18.2-2.5.30","1.19.3-recommended":"1.19.3-2.4.11","1.20-recommended":"1.20-2.4.9","1.19.1-recommended":"1.19.1-2.4.8","1.21.5-latest":"1.21.5-2.5.30","1.21.1-latest":"1.21.1-2.5.30","1.12.2-latest":"1.12.2-2.5.30","1.19.4-recommended":"1.19.4-2.4.32","1.12.2-recommended":"1.12.2-2.4.32","1.19-latest":"1.19-2.4.8","1.17.1-recommended":"1.17.1-2.4.32","1.19.2-recommended":"1.19.2-2.4.32","1.18-latest":"1.18-2.1.22","1.20.4-recommended":"1.20.4-2.4.32","1.21-latest":"1.21-2.5.20","1.16.5-recommended":"1.16.5-2.4.32","1.16.4-recommended":"1.16.4-1.1.7","1.20.1-recommended":"1.20.1-2.4.32","1.16.3-recommended":"1.16.3-1.0.1","1.15.2-latest":"1.15.2-1.0.2","1.20.2-recommended":"1.20.2-2.4.32","1.20-latest":"1.20-2.4.9","1.18.2-recommended":"1.18.2-2.4.32","1.17.1-latest":"1.17.1-2.5.12","1.18.1-recommended":"1.18.1-2.2.52","1.20.1-latest":"1.20.1-2.5.30","1.16.3-latest":"1.16.3-1.0.1","1.20.2-latest":"1.20.2-2.5.12","1.16.4-latest":"1.16.4-1.1.7","1.19.2-latest":"1.19.2-2.5.30","1.19.4-latest":"1.19.4-2.5.12","1.19.3-latest":"1.19.3-2.4.11","1.16.5-latest":"1.16.5-2.5.30","1.19-recommended":"1.19-2.4.8","1.18-recommended":"1.18-2.1.17","1.15.2-recommended":"1.15.2-1.0.2","1.20.4-latest":"1.20.4-2.5.22","1.19.1-latest":"1.19.1-2.4.8","1.20.6-latest":"1.20.6-2.5.22"},"1.20.6":{"1.20.6-2.5.22":"Updated Traditional Chinese translation\nAdded Portuguese translation\nUpdated Ukrainian translation"},"1.21.5":{"1.21.5-2.5.30":"Improved tooltip rendering performance\nFixed ping buffer size"},"1.21.4":{"1.21.4-2.5.30":"Improved tooltip rendering performance\nFixed ping buffer size"},"1.20.2":{"1.20.2-2.4.32":"Fixed compatibility with Sound Physics Remastered\nUpdated French translation","1.20.2-2.5.12":"Improved cloth config GUI translations"},"1.21.1":{"1.21.1-2.5.30":"Improved tooltip rendering performance\nFixed ping buffer size"},"1.20.1":{"1.20.1-2.5.30":"Improved tooltip rendering performance\nFixed ping buffer size","1.20.1-2.4.32":"Fixed compatibility with Sound Physics Remastered\nUpdated French translation"},"1.16.4":{"1.16.4-1.1.7":"Fixed ConcurrentModificationException when client times out"},"1.19.1":{"1.19.1-2.4.8":"Added audio senders to the voice chat API"},"1.18.2":{"1.18.2-2.4.32":"Fixed compatibility with Sound Physics Remastered\nUpdated French translation","1.18.2-2.5.30":"Improved tooltip rendering performance\nFixed ping buffer size"},"1.16.5":{"1.16.5-2.4.32":"Fixed compatibility with Sound Physics Remastered\nUpdated French translation","1.16.5-2.5.30":"Improved tooltip rendering performance\nFixed ping buffer size"},"1.19.2":{"1.19.2-2.5.30":"Improved tooltip rendering performance\nFixed ping buffer size","1.19.2-2.4.32":"Fixed compatibility with Sound Physics Remastered\nUpdated French translation"},"1.19.3":{"1.19.3-2.4.11":"Added config accessors to the API"},"1.19.4":{"1.19.4-2.4.32":"Fixed compatibility with Sound Physics Remastered\nUpdated French translation","1.19.4-2.5.12":"Improved cloth config GUI translations"},"1.15.2":{"1.15.2-1.0.2":"Fix crash on servers"},"1.17.1":{"1.17.1-2.4.32":"Fixed compatibility with Sound Physics Remastered\nUpdated French translation","1.17.1-2.5.12":"Improved cloth config GUI translations"},"1.16.3":{"1.16.3-1.0.1":"Fixed voice chat not working on servers with port"},"1.18.1":{"1.18.1-2.2.52":"Improved service loader compatibility\nFixed issues with QuestCraft\nFixed disconnected state being controlled by the client"},"1.12.2":{"1.12.2-2.4.32":"Fixed compatibility with Sound Physics Remastered\nUpdated French translation","1.12.2-2.5.30":"Improved tooltip rendering performance\nFixed ping buffer size"},"homepage":"https://modrepo.de/minecraft/voicechat"}
[17Jun2025 01:45:46.013] [Forge Version Check/INFO] [net.minecraftforge.fml.VersionChecker/]: [voicechat] Found status: AHEAD Current: 1.20.1-2.5.30 Target: null
[17Jun2025 01:45:46.015] [Forge Version Check/INFO] [net.minecraftforge.fml.VersionChecker/]: [trade_cycling] Starting version check at https://update.maxhenkel.de/forge/trade_cycling
[17Jun2025 01:45:46.114] [Forge Version Check/DEBUG] [net.minecraftforge.fml.VersionChecker/]: [trade_cycling] Received version check data:
{"1.20.2":{"1.20.2-1.0.8":"Updated update checker URL\nUpdated config builder","1.20.2-1.0.7":""},"1.21.1":{"1.21.1-1.0.18":"Updated Simplified Chinese translation"},"1.20.1":{"1.20.1-1.0.7":"","1.20.1-1.0.18":"Updated Simplified Chinese translation"},"1.21":{"1.21-1.0.13":"Updated dependencies\nFixed crash"},"1.20":{"1.20-1.0.5":"Updated to 1.20"},"1.19":{"1.19-1.0.5":"Fixed visual desync when cycling discounted trades"},"1.18.2":{"1.18.2-1.0.2":"Updated to 1.18.2"},"1.19.1":{"1.19.1-1.0.5":"Fixed visual desync when cycling discounted trades"},"1.19.2":{"1.19.2-1.0.5":"Fixed visual desync when cycling discounted trades","1.19.2-1.0.14":"Added Traditional Chinese translation"},"1.19.3":{"1.19.3-1.0.5":"Updated to 1.19.3"},"1.19.4":{"1.19.4-1.0.5":"Updated to 1.19.4"},"1.18.1":{"1.18.1-1.0.2":"Fixed duplication bug"},"1.20.4":{"1.20.4-1.0.7":"Updated to 1.20.4","1.20.4-1.0.11":""},"1.21.3":{"1.21.3-1.0.15":"Updated to 1.21.3"},"promos":{"1.18.1-latest":"1.18.1-1.0.2","1.21.4-latest":"1.21.4-1.0.18","1.21.3-latest":"1.21.3-1.0.15","1.18.2-latest":"1.18.2-1.0.2","1.20-recommended":"1.20-1.0.5","1.19.3-recommended":"1.19.3-1.0.5","1.19.1-recommended":"1.19.1-1.0.5","1.21.5-latest":"1.21.5-1.0.18","1.21.1-latest":"1.21.1-1.0.18","1.19.4-recommended":"1.19.4-1.0.5","1.19-latest":"1.19-1.0.5","1.19.2-recommended":"1.19.2-1.0.5","1.20.4-recommended":"1.20.4-1.0.7","1.21-latest":"1.21-1.0.13","1.20.1-recommended":"1.20.1-1.0.7","1.20.2-recommended":"1.20.2-1.0.7","1.20-latest":"1.20-1.0.5","1.18.2-recommended":"1.18.2-1.0.2","1.18.1-recommended":"1.18.1-1.0.2","1.20.1-latest":"1.20.1-1.0.18","1.20.2-latest":"1.20.2-1.0.8","1.19.2-latest":"1.19.2-1.0.14","1.19.4-latest":"1.19.4-1.0.5","1.19.3-latest":"1.19.3-1.0.5","1.19-recommended":"1.19-1.0.5","1.20.4-latest":"1.20.4-1.0.11","1.19.1-latest":"1.19.1-1.0.5","1.20.6-latest":"1.20.6-1.0.11"},"1.20.6":{"1.20.6-1.0.11":"Updated to 1.20.6"},"1.21.5":{"1.21.5-1.0.18":"Updated Simplified Chinese translation"},"1.21.4":{"1.21.4-1.0.18":"Updated Simplified Chinese translation"},"homepage":"https://modrepo.de/minecraft/trade_cycling/overview"}
[17Jun2025 01:45:46.115] [Forge Version Check/INFO] [net.minecraftforge.fml.VersionChecker/]: [trade_cycling] Found status: AHEAD Current: 1.20.1-1.0.18 Target: null
[17Jun2025 01:45:46.116] [Forge Version Check/INFO] [net.minecraftforge.fml.VersionChecker/]: [enchdesc] Starting version check at https://updates.blamejared.com/get?n=enchdesc&gv=1.20.1
[17Jun2025 01:45:46.216] [Forge Version Check/DEBUG] [net.minecraftforge.fml.VersionChecker/]: [enchdesc] Received version check data:
{"homepage":"https://www.curseforge.com/minecraft/mc-mods/enchantment-descriptions","promos":{"1.20.1-latest":"17.1.19"}}
[17Jun2025 01:45:46.216] [Forge Version Check/INFO] [net.minecraftforge.fml.VersionChecker/]: [enchdesc] Found status: BETA Current: 17.1.19 Target: 17.1.19
[17Jun2025 01:45:46.216] [Forge Version Check/INFO] [net.minecraftforge.fml.VersionChecker/]: [moonlight] Starting version check at https://raw.githubusercontent.com/MehVahdJukaar/Moonlight/multi-loader/forge/update.json
[17Jun2025 01:45:46.227] [Forge Version Check/DEBUG] [net.minecraftforge.fml.VersionChecker/]: [moonlight] Received version check data:
{
  "homepage": "https://www.curseforge.com/minecraft/mc-mods/selene",
  "promos": {
    "1.19.2-latest": "1.19.2-2.3.7",
    "1.19.2-recommended": "1.19.2-2.3.7"
  }
}
[17Jun2025 01:45:46.227] [Forge Version Check/INFO] [net.minecraftforge.fml.VersionChecker/]: [moonlight] Found status: BETA Current: 1.20-2.14.4 Target: null
[17Jun2025 01:45:46.227] [Forge Version Check/INFO] [net.minecraftforge.fml.VersionChecker/]: [tombstone] Starting version check at https://raw.githubusercontent.com/Corail31/tombstone_lite/master/update.json
[17Jun2025 01:45:46.237] [Forge Version Check/DEBUG] [net.minecraftforge.fml.VersionChecker/]: [tombstone] Received version check data:
{
	"homepage": "https://www.curseforge.com/minecraft/mc-mods/corail-tombstone",
	"promos": {
		"1.21.5-latest": "9.4.2",
		"1.21.5-recommended": "9.4.2",
		"1.21.4-latest": "9.3.9",
		"1.21.4-recommended": "9.3.9",
		"1.21.3-latest": "9.2.4",
		"1.21.3-recommended": "9.2.4",
		"1.21.1-latest": "9.1.10",
		"1.21.1-recommended": "9.1.10",
		"1.20.4-latest": "8.6.4",
		"1.20.4-recommended": "8.6.4",
		"1.20.2-latest": "8.6.3",
		"1.20.2-recommended": "8.6.3",
		"1.20.1-latest": "8.9.7",
		"1.20.1-recommended": "8.9.7",
		"1.19.4-latest": "8.4.2",
		"1.19.4-recommended": "8.4.2",
		"1.19.3-latest": "8.3.2",
		"1.19.3-recommended": "8.3.2",
		"1.19.2-latest": "8.3.8",
		"1.19.2-recommended": "8.3.8",
		"1.19.1-latest": "8.1.0",
		"1.19.1-recommended": "8.1.0",
		"1.18.2-latest": "7.7.6",
		"1.18.2-recommended": "7.7.6",
		"1.18.1-latest": "7.4.1",
		"1.18.1-recommended": "7.4.1",
		"1.17.1-latest": "7.3.0",
		"1.17.1-recommended": "7.3.0",
		"1.16.5-latest": "6.9.6",
		"1.16.5-recommended": "6.9.6",
		"1.15.2-latest": "4.6.0",
		"1.15.2-recommended": "4.6.0",
		"1.14.4-latest": "4.3.6",
		"1.14.4-recommended": "4.3.6",
		"1.13.2-latest": "3.5.2",
		"1.13.2-recommended": "3.5.2",
		"1.12.2-latest": "4.7.5",
		"1.12.2-recommended": "4.7.5",
		"1.11.2-latest": "2.9.0.1",
		"1.11.2-recommended": "2.9.0.1",
		"1.10.2-latest": "2.9.4",
		"1.10.2-recommended": "2.9.4",
		"1.9.4-latest": "1.4.1",
		"1.9.4-recommended": "1.4.1",
		"1.8.9-latest": "1.4.1",
		"1.8.9-recommended": "1.4.1"
	},
	"1.21.5": {
		"9.4.2": "final version"
	},
	"1.21.4": {
		"9.3.9": "final version"
	},
	"1.21.3": {
		"9.2.4": "final version"
	},
	"1.21.1": {
		"9.1.10": "final version"
	},
	"1.20.4": {
		"8.6.4": "final version"
	},
	"1.20.2": {
		"8.6.3": "final version"
	},
	"1.20.1": {
		"8.9.7": "config to force special event",
		"8.9.6": "about familiar",
		"8.9.5": "improvements",
		"8.9.4": "configs for special events",
		"8.9.3": "improvements",
		"8.9.2": "abandoned graves",
		"8.9.1": "improvements",
		"8.9.0": "improves enchantments"
	},
	"1.19.4": {
		"8.4.2": "final version"
	},
	"1.19.2": {
		"8.3.8": "final version"
	},
	"1.18.2": {
		"7.7.6": "final version"
	},
	"1.16.5": {
		"6.9.6": "final version"
	},
	"1.12.2": {
		"4.7.5": "final version"
	}
}
[17Jun2025 01:45:46.238] [Forge Version Check/INFO] [net.minecraftforge.fml.VersionChecker/]: [tombstone] Found status: OUTDATED Current: 8.9.6 Target: 8.9.7
[17Jun2025 01:45:46.951] [main/INFO] [com.mojang.authlib.yggdrasil.YggdrasilAuthenticationService/]: Environment: authHost='https://authserver.mojang.com', accountsHost='https://api.mojang.com', sessionHost='https://sessionserver.mojang.com', servicesHost='https://api.minecraftservices.com', name='PROD'
[17Jun2025 01:45:46.997] [main/DEBUG] [mixin/]: Mixing LevelStorageSourceMixin from fastasyncworldsave.mixins.json into net.minecraft.world.level.storage.LevelStorageSource$LevelStorageAccess
[17Jun2025 01:45:46.997] [main/DEBUG] [mixin/]: Renaming synthetic method lambda$writeAsync$0(Lnet/minecraft/nbt/CompoundTag;)V to md2eb031$lambda$writeAsync$0$0 in fastasyncworldsave.mixins.json:LevelStorageSourceMixin
[17Jun2025 01:45:47.012] [main/DEBUG] [mixin/]: Mixing NbtAccounterMixin from connectivity.mixins.json into net.minecraft.nbt.NbtAccounter
[17Jun2025 01:45:47.021] [main/DEBUG] [mixin/]: Mixing nbt.ByteArrayTagMixin from recipeessentials.mixins.json into net.minecraft.nbt.ByteArrayTag
[17Jun2025 01:45:47.026] [main/DEBUG] [mixin/]: Mixing nbt.IntArrayTagMixin from recipeessentials.mixins.json into net.minecraft.nbt.IntArrayTag
[17Jun2025 01:45:47.030] [main/DEBUG] [mixin/]: Mixing nbt.LongArrayTagMixin from recipeessentials.mixins.json into net.minecraft.nbt.LongArrayTag
[17Jun2025 01:45:48.638] [main/WARN] [net.minecraft.server.packs.VanillaPackResourcesBuilder/]: Assets URL 'union:/workspaces/MyBmc/servidor_minecraft/libraries/net/minecraft/server/1.20.1-20230612.114412/server-1.20.1-20230612.114412-srg.jar%23207!/assets/.mcassetsroot' uses unexpected schema
[17Jun2025 01:45:48.639] [main/WARN] [net.minecraft.server.packs.VanillaPackResourcesBuilder/]: Assets URL 'union:/workspaces/MyBmc/servidor_minecraft/libraries/net/minecraft/server/1.20.1-20230612.114412/server-1.20.1-20230612.114412-srg.jar%23207!/data/.mcassetsroot' uses unexpected schema
[17Jun2025 01:45:48.699] [main/DEBUG] [net.minecraftforge.server.ServerLifecycleHooks/CORE]: Generating PackInfo named mod:betterdungeons for mod file /workspaces/MyBmc/servidor_minecraft/mods/YungsBetterDungeons-1.20-Forge-4.0.4.jar
[17Jun2025 01:45:48.699] [main/DEBUG] [net.minecraftforge.server.ServerLifecycleHooks/CORE]: Generating PackInfo named mod:kuma_api for mod file 
[17Jun2025 01:45:48.699] [main/DEBUG] [net.minecraftforge.server.ServerLifecycleHooks/CORE]: Generating PackInfo named mod:betterwitchhuts for mod file /workspaces/MyBmc/servidor_minecraft/mods/YungsBetterWitchHuts-1.20-Forge-3.0.3.jar
[17Jun2025 01:45:48.699] [main/DEBUG] [net.minecraftforge.server.ServerLifecycleHooks/CORE]: Generating PackInfo named mod:geckolib for mod file /workspaces/MyBmc/servidor_minecraft/mods/geckolib-forge-1.20.1-4.7.1.3.jar
[17Jun2025 01:45:48.699] [main/DEBUG] [net.minecraftforge.server.ServerLifecycleHooks/CORE]: Generating PackInfo named mod:recipeessentials for mod file /workspaces/MyBmc/servidor_minecraft/mods/recipeessentials-1.20.1-4.0.jar
[17Jun2025 01:45:48.700] [main/DEBUG] [net.minecraftforge.server.ServerLifecycleHooks/CORE]: Generating PackInfo named mod:lithostitched for mod file /workspaces/MyBmc/servidor_minecraft/mods/lithostitched-forge-1.20.1-1.4.8.jar
[17Jun2025 01:45:48.700] [main/DEBUG] [net.minecraftforge.server.ServerLifecycleHooks/CORE]: Generating PackInfo named mod:connectivity for mod file /workspaces/MyBmc/servidor_minecraft/mods/connectivity-1.20.1-7.1.jar
[17Jun2025 01:45:48.700] [main/DEBUG] [net.minecraftforge.server.ServerLifecycleHooks/CORE]: Generating PackInfo named mod:sophisticatedcore for mod file /workspaces/MyBmc/servidor_minecraft/mods/sophisticatedcore-1.20.1-1.2.69.1005.jar
[17Jun2025 01:45:48.700] [main/DEBUG] [net.minecraftforge.server.ServerLifecycleHooks/CORE]: Generating PackInfo named mod:waystones for mod file /workspaces/MyBmc/servidor_minecraft/mods/waystones-forge-1.20.1-14.1.13.jar
[17Jun2025 01:45:48.700] [main/DEBUG] [net.minecraftforge.server.ServerLifecycleHooks/CORE]: Generating PackInfo named mod:structureessentials for mod file /workspaces/MyBmc/servidor_minecraft/mods/structureessentials-1.20.1-4.7.jar
[17Jun2025 01:45:48.701] [main/DEBUG] [net.minecraftforge.server.ServerLifecycleHooks/CORE]: Generating PackInfo named mod:villagernames for mod file /workspaces/MyBmc/servidor_minecraft/mods/villagernames-1.20.1-8.2.jar
[17Jun2025 01:45:48.701] [main/DEBUG] [net.minecraftforge.server.ServerLifecycleHooks/CORE]: Generating PackInfo named mod:clumps for mod file /workspaces/MyBmc/servidor_minecraft/mods/Clumps-forge-1.20.1-12.0.0.4.jar
[17Jun2025 01:45:48.701] [main/DEBUG] [net.minecraftforge.server.ServerLifecycleHooks/CORE]: Generating PackInfo named mod:journeymap for mod file /workspaces/MyBmc/servidor_minecraft/mods/journeymap-1.20.1-5.10.3-forge copy.jar
[17Jun2025 01:45:48.701] [main/DEBUG] [net.minecraftforge.server.ServerLifecycleHooks/CORE]: Generating PackInfo named mod:fastasyncworldsave for mod file /workspaces/MyBmc/servidor_minecraft/mods/fastasyncworldsave-1.20.1-2.4.jar
[17Jun2025 01:45:48.701] [main/DEBUG] [net.minecraftforge.server.ServerLifecycleHooks/CORE]: Generating PackInfo named mod:yungscavebiomes for mod file /workspaces/MyBmc/servidor_minecraft/mods/YungsCaveBiomes-1.20.1-Forge-2.0.5.jar
[17Jun2025 01:45:48.701] [main/DEBUG] [net.minecraftforge.server.ServerLifecycleHooks/CORE]: Generating PackInfo named mod:citadel for mod file /workspaces/MyBmc/servidor_minecraft/mods/citadel-2.6.1-1.20.1.jar
[17Jun2025 01:45:48.702] [main/DEBUG] [net.minecraftforge.server.ServerLifecycleHooks/CORE]: Generating PackInfo named mod:lootintegrations for mod file /workspaces/MyBmc/servidor_minecraft/mods/lootintegrations-1.20.1-4.7.jar
[17Jun2025 01:45:48.702] [main/DEBUG] [net.minecraftforge.server.ServerLifecycleHooks/CORE]: Generating PackInfo named mod:artifacts for mod file /workspaces/MyBmc/servidor_minecraft/mods/artifacts-forge-9.5.16.jar
[17Jun2025 01:45:48.702] [main/DEBUG] [net.minecraftforge.server.ServerLifecycleHooks/CORE]: Generating PackInfo named mod:yungsapi for mod file /workspaces/MyBmc/servidor_minecraft/mods/YungsApi-1.20-Forge-4.0.6.jar
[17Jun2025 01:45:48.702] [main/DEBUG] [net.minecraftforge.server.ServerLifecycleHooks/CORE]: Generating PackInfo named mod:mixinextras for mod file 
[17Jun2025 01:45:48.702] [main/DEBUG] [net.minecraftforge.server.ServerLifecycleHooks/CORE]: Generating PackInfo named mod:bookshelf for mod file /workspaces/MyBmc/servidor_minecraft/mods/Bookshelf-Forge-1.20.1-20.2.13.jar
[17Jun2025 01:45:48.702] [main/DEBUG] [net.minecraftforge.server.ServerLifecycleHooks/CORE]: Generating PackInfo named mod:sophisticatedbackpacks for mod file /workspaces/MyBmc/servidor_minecraft/mods/sophisticatedbackpacks-1.20.1-3.23.19.1251.jar
[17Jun2025 01:45:48.703] [main/DEBUG] [net.minecraftforge.server.ServerLifecycleHooks/CORE]: Generating PackInfo named mod:betterdeserttemples for mod file /workspaces/MyBmc/servidor_minecraft/mods/YungsBetterDesertTemples-1.20-Forge-3.0.3.jar
[17Jun2025 01:45:48.703] [main/DEBUG] [net.minecraftforge.server.ServerLifecycleHooks/CORE]: Generating PackInfo named mod:takesapillage for mod file /workspaces/MyBmc/servidor_minecraft/mods/takesapillage-1.0.3-1.20.1.jar
[17Jun2025 01:45:48.703] [main/DEBUG] [net.minecraftforge.server.ServerLifecycleHooks/CORE]: Generating PackInfo named mod:clickadv for mod file /workspaces/MyBmc/servidor_minecraft/mods/clickadv-1.20.1-3.8.jar
[17Jun2025 01:45:48.703] [main/DEBUG] [net.minecraftforge.server.ServerLifecycleHooks/CORE]: Generating PackInfo named mod:balm for mod file /workspaces/MyBmc/servidor_minecraft/mods/balm-forge-1.20.1-7.3.31-all.jar
[17Jun2025 01:45:48.703] [main/DEBUG] [net.minecraftforge.server.ServerLifecycleHooks/CORE]: Generating PackInfo named mod:carryon for mod file /workspaces/MyBmc/servidor_minecraft/mods/carryon-forge-1.20.1-2.1.2.7.jar
[17Jun2025 01:45:48.703] [main/DEBUG] [net.minecraftforge.server.ServerLifecycleHooks/CORE]: Generating PackInfo named mod:betterfortresses for mod file /workspaces/MyBmc/servidor_minecraft/mods/YungsBetterNetherFortresses-1.20-Forge-2.0.6.jar
[17Jun2025 01:45:48.704] [main/DEBUG] [net.minecraftforge.server.ServerLifecycleHooks/CORE]: Generating PackInfo named mod:cloth_config for mod file /workspaces/MyBmc/servidor_minecraft/mods/cloth-config-11.1.136-forge.jar
[17Jun2025 01:45:48.704] [main/DEBUG] [net.minecraftforge.server.ServerLifecycleHooks/CORE]: Generating PackInfo named mod:forge for mod file /workspaces/MyBmc/servidor_minecraft/libraries/net/minecraftforge/forge/1.20.1-47.3.7/forge-1.20.1-47.3.7-universal.jar
[17Jun2025 01:45:48.704] [main/DEBUG] [net.minecraftforge.server.ServerLifecycleHooks/CORE]: Generating PackInfo named mod:ctov for mod file /workspaces/MyBmc/servidor_minecraft/mods/[forge]ctov-3.4.14.jar
[17Jun2025 01:45:48.704] [main/DEBUG] [net.minecraftforge.server.ServerLifecycleHooks/CORE]: Generating PackInfo named mod:supplementaries for mod file /workspaces/MyBmc/servidor_minecraft/mods/supplementaries-1.20-3.1.31.jar
[17Jun2025 01:45:48.704] [main/DEBUG] [net.minecraftforge.server.ServerLifecycleHooks/CORE]: Generating PackInfo named mod:smoothchunk for mod file /workspaces/MyBmc/servidor_minecraft/mods/smoothchunk-1.20.1-4.1.jar
[17Jun2025 01:45:48.705] [main/DEBUG] [net.minecraftforge.server.ServerLifecycleHooks/CORE]: Generating PackInfo named mod:logprot for mod file /workspaces/MyBmc/servidor_minecraft/mods/logprot-1.20.1-3.5.jar
[17Jun2025 01:45:48.705] [main/DEBUG] [net.minecraftforge.server.ServerLifecycleHooks/CORE]: Generating PackInfo named mod:alexscaves for mod file /workspaces/MyBmc/servidor_minecraft/mods/alexscaves-2.0.2.jar
[17Jun2025 01:45:48.705] [main/DEBUG] [net.minecraftforge.server.ServerLifecycleHooks/CORE]: Generating PackInfo named mod:voicechat for mod file /workspaces/MyBmc/servidor_minecraft/mods/voicechat-forge-1.20.1-2.5.30.jar
[17Jun2025 01:45:48.705] [main/DEBUG] [net.minecraftforge.server.ServerLifecycleHooks/CORE]: Generating PackInfo named mod:trade_cycling for mod file /workspaces/MyBmc/servidor_minecraft/mods/trade-cycling-forge-1.20.1-1.0.18.jar
[17Jun2025 01:45:48.705] [main/DEBUG] [net.minecraftforge.server.ServerLifecycleHooks/CORE]: Generating PackInfo named mod:enchdesc for mod file /workspaces/MyBmc/servidor_minecraft/mods/EnchantmentDescriptions-Forge-1.20.1-17.1.19.jar
[17Jun2025 01:45:48.705] [main/DEBUG] [net.minecraftforge.server.ServerLifecycleHooks/CORE]: Generating PackInfo named mod:terrablender for mod file /workspaces/MyBmc/servidor_minecraft/mods/TerraBlender-forge-1.20.1-3.0.1.10.jar
[17Jun2025 01:45:48.706] [main/DEBUG] [net.minecraftforge.server.ServerLifecycleHooks/CORE]: Generating PackInfo named mod:moonlight for mod file /workspaces/MyBmc/servidor_minecraft/mods/moonlight-1.20-2.14.4-forge.jar
[17Jun2025 01:45:48.706] [main/DEBUG] [net.minecraftforge.server.ServerLifecycleHooks/CORE]: Generating PackInfo named mod:mixinsquared for mod file 
[17Jun2025 01:45:48.706] [main/DEBUG] [net.minecraftforge.server.ServerLifecycleHooks/CORE]: Generating PackInfo named mod:born_in_chaos_v1 for mod file /workspaces/MyBmc/servidor_minecraft/mods/born_in_chaos_[Forge]1.20.1_1.7.jar
[17Jun2025 01:45:48.706] [main/DEBUG] [net.minecraftforge.server.ServerLifecycleHooks/CORE]: Generating PackInfo named mod:curios for mod file /workspaces/MyBmc/servidor_minecraft/mods/curios-forge-5.14.1+1.20.1.jar
[17Jun2025 01:45:48.706] [main/DEBUG] [net.minecraftforge.server.ServerLifecycleHooks/CORE]: Generating PackInfo named mod:collective for mod file /workspaces/MyBmc/servidor_minecraft/mods/collective-1.20.1-8.3.jar
[17Jun2025 01:45:48.706] [main/DEBUG] [net.minecraftforge.server.ServerLifecycleHooks/CORE]: Generating PackInfo named mod:betterchunkloading for mod file /workspaces/MyBmc/servidor_minecraft/mods/betterchunkloading-1.20.1-5.4.jar
[17Jun2025 01:45:48.707] [main/DEBUG] [net.minecraftforge.server.ServerLifecycleHooks/CORE]: Generating PackInfo named mod:betterstrongholds for mod file /workspaces/MyBmc/servidor_minecraft/mods/YungsBetterStrongholds-1.20-Forge-4.0.3.jar
[17Jun2025 01:45:48.707] [main/DEBUG] [net.minecraftforge.server.ServerLifecycleHooks/CORE]: Generating PackInfo named mod:tombstone for mod file /workspaces/MyBmc/servidor_minecraft/mods/tombstone-1.20.1-8.9.6.jar
[17Jun2025 01:45:48.707] [main/DEBUG] [net.minecraftforge.server.ServerLifecycleHooks/CORE]: Generating PackInfo named mod:architectury for mod file /workspaces/MyBmc/servidor_minecraft/mods/architectury-9.2.14-forge.jar
[17Jun2025 01:45:48.707] [main/DEBUG] [net.minecraftforge.server.ServerLifecycleHooks/CORE]: Generating PackInfo named mod:cupboard for mod file /workspaces/MyBmc/servidor_minecraft/mods/cupboard-1.20.1-2.7 copy.jar
[17Jun2025 01:45:48.707] [main/DEBUG] [net.minecraftforge.server.ServerLifecycleHooks/CORE]: Generating PackInfo named mod:betterendisland for mod file /workspaces/MyBmc/servidor_minecraft/mods/YungsBetterEndIsland-1.20-Forge-2.0.6.jar
[17Jun2025 01:45:48.707] [main/DEBUG] [net.minecraftforge.server.ServerLifecycleHooks/CORE]: Generating PackInfo named mod:fastleafdecay for mod file /workspaces/MyBmc/servidor_minecraft/mods/FastLeafDecay-32.jar
[17Jun2025 01:45:48.708] [main/DEBUG] [net.minecraftforge.server.ServerLifecycleHooks/CORE]: Generating PackInfo named mod:cosmeticarmorreworked for mod file /workspaces/MyBmc/servidor_minecraft/mods/cosmeticarmorreworked-1.20.1-v1a.jar
[17Jun2025 01:45:48.708] [main/DEBUG] [net.minecraftforge.server.ServerLifecycleHooks/CORE]: Generating PackInfo named mod:expandability for mod file 
[17Jun2025 01:45:48.708] [main/DEBUG] [net.minecraftforge.server.ServerLifecycleHooks/CORE]: Generating PackInfo named mod:bettermineshafts for mod file /workspaces/MyBmc/servidor_minecraft/mods/YungsBetterMineshafts-1.20-Forge-4.0.4.jar
[17Jun2025 01:45:48.708] [main/DEBUG] [net.minecraftforge.server.ServerLifecycleHooks/CORE]: Generating PackInfo named mod:chunksending for mod file /workspaces/MyBmc/servidor_minecraft/mods/chunksending-1.20.1-2.8.jar
[17Jun2025 01:45:48.708] [main/DEBUG] [net.minecraftforge.server.ServerLifecycleHooks/CORE]: Generating PackInfo named mod:betterjungletemples for mod file /workspaces/MyBmc/servidor_minecraft/mods/YungsBetterJungleTemples-1.20-Forge-2.0.5.jar
[17Jun2025 01:45:48.712] [main/DEBUG] [mixin/]: Mixing MultiPackResourceManagerMixin from moonlight-common.mixins.json into net.minecraft.server.packs.resources.MultiPackResourceManager
[17Jun2025 01:45:48.759] [pool-3-thread-1/DEBUG] [mixin/]: Mixing MixinNbtPredicate from curios.mixins.json into net.minecraft.advancements.critereon.NbtPredicate
[17Jun2025 01:45:48.782] [main/INFO] [Moonlight/]: Generated runtime resources for 1 packs in a total of: 46 ms
[17Jun2025 01:45:49.084] [main/DEBUG] [mixin/]: Mixing ModifyStructureSettingsMixin from structureessentials.mixins.json into net.minecraftforge.common.world.ModifiableStructureInfo
[17Jun2025 01:45:49.199] [main/INFO] [com.cupboard.Cupboard/]: Loaded config for: connectivity.json
[17Jun2025 01:45:49.902] [main/DEBUG] [mixin/]: Mixing PrimaryLevelDataMixin from betterendisland.mixins.json into net.minecraft.world.level.storage.PrimaryLevelData
[17Jun2025 01:45:49.906] [main/DEBUG] [mixin/]: Mixing MixinPrimaryLevelData from terrablender.mixins.json into net.minecraft.world.level.storage.PrimaryLevelData
[17Jun2025 01:45:49.906] [main/DEBUG] [mixin/]: Mixing PrimaryLevelDataMixin from collective_forge.mixins.json into net.minecraft.world.level.storage.PrimaryLevelData
[17Jun2025 01:45:49.923] [main/DEBUG] [mixin/]: Mixing EndDragonFightMixin from betterendisland.mixins.json into net.minecraft.world.level.dimension.end.EndDragonFight
[17Jun2025 01:45:49.924] [main/DEBUG] [mixin/]: Renaming synthetic method lambda$betterendisland$setDragonRespawnStage$6(Lnet/minecraft/util/RandomSource;FLnet/minecraft/core/BlockPos;)V to md2eb031$lambda$betterendisland$setDragonRespawnStage$6$0 in betterendisland.mixins.json:EndDragonFightMixin
[17Jun2025 01:45:49.924] [main/DEBUG] [mixin/]: Renaming synthetic method lambda$betterendisland$setDragonRespawnStage$5(FLjava/lang/Integer;)V to md2eb031$lambda$betterendisland$setDragonRespawnStage$5$1 in betterendisland.mixins.json:EndDragonFightMixin
[17Jun2025 01:45:49.924] [main/DEBUG] [mixin/]: Renaming synthetic method lambda$betterendisland$setDragonRespawnStage$4(Lnet/minecraft/util/RandomSource;FLnet/minecraft/core/BlockPos;)V to md2eb031$lambda$betterendisland$setDragonRespawnStage$4$2 in betterendisland.mixins.json:EndDragonFightMixin
[17Jun2025 01:45:49.924] [main/DEBUG] [mixin/]: Renaming synthetic method lambda$betterendisland$setDragonRespawnStage$3(Lnet/minecraft/server/level/ServerPlayer;)V to md2eb031$lambda$betterendisland$setDragonRespawnStage$3$3 in betterendisland.mixins.json:EndDragonFightMixin
[17Jun2025 01:45:49.924] [main/DEBUG] [mixin/]: Renaming synthetic method lambda$betterendisland_setDragonKilled$2(ILnet/minecraft/world/level/levelgen/feature/SpikeFeature$EndSpike;)V to md2eb031$lambda$betterendisland_setDragonKilled$2$4 in betterendisland.mixins.json:EndDragonFightMixin
[17Jun2025 01:45:49.924] [main/DEBUG] [mixin/]: Renaming synthetic method lambda$betterendisland$reset$1(Lnet/minecraft/core/BlockPos;)V to md2eb031$lambda$betterendisland$reset$1$5 in betterendisland.mixins.json:EndDragonFightMixin
[17Jun2025 01:45:49.924] [main/DEBUG] [mixin/]: Renaming synthetic method lambda$betterendisland$reset$0(Lnet/minecraft/world/level/levelgen/feature/SpikeFeature$EndSpike;)V to md2eb031$lambda$betterendisland$reset$0$6 in betterendisland.mixins.json:EndDragonFightMixin
[17Jun2025 01:45:49.992] [main/DEBUG] [mixin/]: Mixing LootdataManagerMixin from lootintegrations.mixins.json into net.minecraft.world.level.storage.loot.LootDataManager
[17Jun2025 01:45:49.992] [main/DEBUG] [mixin/]: lootintegrations.mixins.json:LootdataManagerMixin: Class version 61 required is higher than the class version supported by the current version of Mixin (JAVA_16 supports class version 60)
[17Jun2025 01:45:49.993] [main/DEBUG] [mixin/]: Mixing MixinLootDataManager from architectury.mixins.json into net.minecraft.world.level.storage.loot.LootDataManager
[17Jun2025 01:45:50.011] [main/DEBUG] [mixin/]: Mixing CommandExceptionLoggingMixin from cupboard.mixins.json into net.minecraft.commands.Commands
[17Jun2025 01:45:50.118] [main/DEBUG] [mixin/]: Mixing LocateSmallNetherDungeonCommandMixin from betterdungeons.mixins.json into net.minecraft.server.commands.LocateCommand
[17Jun2025 01:45:50.120] [main/DEBUG] [mixin/]: Mixing LocateVanillaWitchHutCommandMixin from betterwitchhuts.mixins.json into net.minecraft.server.commands.LocateCommand
[17Jun2025 01:45:50.120] [main/DEBUG] [mixin/]: Mixing LocateCommandMixin from structureessentials.mixins.json into net.minecraft.server.commands.LocateCommand
[17Jun2025 01:45:50.121] [main/DEBUG] [mixin/]: Mixing LocateVanillaPyramidCommandMixin from betterdeserttemples.mixins.json into net.minecraft.server.commands.LocateCommand
[17Jun2025 01:45:50.121] [main/DEBUG] [mixin/]: Mixing LocateVanillaFortressCommandMixin from betterfortresses.mixins.json into net.minecraft.server.commands.LocateCommand
[17Jun2025 01:45:50.122] [main/DEBUG] [mixin/]: Mixing LocateStrongholdCommandMixin from betterstrongholds.mixins.json into net.minecraft.server.commands.LocateCommand
[17Jun2025 01:45:50.122] [main/DEBUG] [mixin/]: Mixing LocateVanillaMineshaftCommandMixin from bettermineshafts.mixins.json into net.minecraft.server.commands.LocateCommand
[17Jun2025 01:45:50.123] [main/DEBUG] [mixin/]: Mixing LocateVanillaJungleTempleCommandMixin from betterjungletemples.mixins.json into net.minecraft.server.commands.LocateCommand
[17Jun2025 01:45:50.185] [main/DEBUG] [net.minecraftforge.coremod.transformer.CoreModBaseTransformer/COREMOD]: Transforming net/minecraft/server/commands/SummonCommand
[17Jun2025 01:45:50.348] [main/DEBUG] [bookshelf/]: Built 1 Command entries. Took 2.33ms.
[17Jun2025 01:45:50.415] [main/DEBUG] [mixin/]: Mixing debug.TagLoaderMixin from mixins.artifacts.common.json into net.minecraft.tags.TagLoader
[17Jun2025 01:45:50.522] [Worker-Main-2/WARN] [artifacts.Artifacts/]: Tag entries for curios:tags/items/magic_book.json cleared by tombstone-1.20.1-8.9.6.jar
[17Jun2025 01:45:50.552] [Worker-Main-2/ERROR] [net.minecraft.tags.TagLoader/]: Couldn't load tag ctov:wares/cardboard_box as it is missing following references: wares:cardboard_box (from [forge]ctov-3.4.14.jar)
[17Jun2025 01:45:50.557] [Worker-Main-2/ERROR] [net.minecraft.tags.TagLoader/]: Couldn't load tag ctov:wares/sealed_delivery_agreement as it is missing following references: wares:sealed_delivery_agreement (from [forge]ctov-3.4.14.jar)
[17Jun2025 01:45:50.829] [Worker-Main-1/DEBUG] [net.minecraftforge.coremod.transformer.CoreModBaseTransformer/COREMOD]: Transforming net/minecraft/world/entity/raid/Raid
[17Jun2025 01:45:50.879] [Worker-Main-1/DEBUG] [mixin/]: Mixing ServerRecipeBookMixin from recipeessentials.mixins.json into net.minecraft.stats.ServerRecipeBook
[17Jun2025 01:45:50.896] [Worker-Main-1/DEBUG] [mixin/]: Mixing patches.loot.MixinLootItemKilledByPlayerCondition from bookshelf.common.mixins.json into net.minecraft.world.level.storage.loot.predicates.LootItemKilledByPlayerCondition
[17Jun2025 01:45:50.920] [Worker-Main-1/DEBUG] [mixin/]: Mixing MapDecorationTypeMixin from alexscaves.mixins.json into net.minecraft.world.level.saveddata.maps.MapDecoration$Type
[17Jun2025 01:45:50.920] [Worker-Main-1/DEBUG] [mixin/]: Renaming @Invoker method ac_invokeInit(Ljava/lang/String;IZIZ)Lnet/minecraft/world/level/saveddata/maps/MapDecoration$Type; to ac_invokeInit_$md$2eb031$0 in alexscaves.mixins.json:MapDecorationTypeMixin
[17Jun2025 01:45:51.177] [Worker-Main-1/DEBUG] [tombstone/]: Updating LootTables
[17Jun2025 01:45:51.296] [main/WARN] [net.minecraft.world.level.storage.loot.LootDataManager/]: Found loot table element validation problem in {loot_tables:born_in_chaos_v1:entities/pumpkinhead}.pools[1].entries[2].functions[1]: Parameters [<parameter minecraft:tool>] are not provided in this context
[17Jun2025 01:45:51.297] [main/WARN] [net.minecraft.world.level.storage.loot.LootDataManager/]: Found loot table element validation problem in {loot_tables:born_in_chaos_v1:entities/pumpkinhead}.pools[1].entries[1].functions[1]: Parameters [<parameter minecraft:tool>] are not provided in this context
[17Jun2025 01:45:51.297] [main/WARN] [net.minecraft.world.level.storage.loot.LootDataManager/]: Found loot table element validation problem in {loot_tables:born_in_chaos_v1:entities/pumpkinhead}.pools[1].entries[0].functions[1]: Parameters [<parameter minecraft:tool>] are not provided in this context
[17Jun2025 01:45:51.333] [main/INFO] [net.minecraft.world.item.crafting.RecipeManager/]: Skipping loading recipe supplementaries:inspirations/blackboard_clear as it's serializer returned null
[17Jun2025 01:45:51.339] [main/INFO] [net.minecraft.world.item.crafting.RecipeManager/]: Skipping loading recipe supplementaries:inspirations/flag_clear as it's serializer returned null
[17Jun2025 01:45:51.372] [main/INFO] [net.minecraft.world.item.crafting.RecipeManager/]: Skipping loading recipe supplementaries:inspirations/flag_dye as it's serializer returned null
[17Jun2025 01:45:51.395] [main/INFO] [net.minecraft.world.item.crafting.RecipeManager/]: Loaded 8 recipes
[17Jun2025 01:45:51.477] [main/ERROR] [net.minecraft.server.ServerAdvancementManager/]: Parsing error loading custom advancement supplementaries:recipes/planter_rich: Unknown item id 'farmersdelight:rich_soil'
[17Jun2025 01:45:51.536] [main/INFO] [net.minecraft.advancements.AdvancementList/]: Loaded 1957 advancements
[17Jun2025 01:45:51.542] [main/INFO] [com.cupboard.Cupboard/]: Loaded config for: lootintegrations.json
[17Jun2025 01:45:51.547] [main/DEBUG] [sophisticatedbackpacks/]: Started loading registry data from sophisticatedbackpacks:compat/woot/block_tools 
[17Jun2025 01:45:51.548] [main/DEBUG] [sophisticatedbackpacks/]: Started loading registry data from sophisticatedbackpacks:compat/fluxnetworks/block_tools 
[17Jun2025 01:45:51.548] [main/DEBUG] [sophisticatedbackpacks/]: Started loading registry data from sophisticatedbackpacks:compat/mob_grinding_utils/entity_tools 
[17Jun2025 01:45:51.548] [main/DEBUG] [sophisticatedbackpacks/]: Started loading registry data from sophisticatedbackpacks:compat/astralsorcery/block_tools 
[17Jun2025 01:45:51.548] [main/DEBUG] [sophisticatedbackpacks/]: Started loading registry data from sophisticatedbackpacks:compat/immersivepetroleum/block_tools 
[17Jun2025 01:45:51.548] [main/DEBUG] [sophisticatedbackpacks/]: Started loading registry data from sophisticatedbackpacks:compat/immersiveengineering/block_tools 
[17Jun2025 01:45:51.548] [main/DEBUG] [sophisticatedbackpacks/]: Started loading registry data from sophisticatedbackpacks:compat/pedestals/block_tools 
[17Jun2025 01:45:51.548] [main/DEBUG] [sophisticatedbackpacks/]: Started loading registry data from sophisticatedbackpacks:compat/platforms/block_tools 
[17Jun2025 01:45:51.548] [main/DEBUG] [sophisticatedbackpacks/]: Started loading registry data from sophisticatedbackpacks:compat/rftoolsutility/entity_tools 
[17Jun2025 01:45:51.548] [main/DEBUG] [sophisticatedbackpacks/]: Started loading registry data from sophisticatedbackpacks:compat/compactmachines/block_tools 
[17Jun2025 01:45:51.548] [main/DEBUG] [sophisticatedbackpacks/]: Started loading registry data from sophisticatedbackpacks:compat/mcwwindows/block_tools 
[17Jun2025 01:45:51.548] [main/DEBUG] [sophisticatedbackpacks/]: Started loading registry data from sophisticatedbackpacks:compat/integrateddynamics/block_tools 
[17Jun2025 01:45:51.548] [main/DEBUG] [sophisticatedbackpacks/]: Started loading registry data from sophisticatedbackpacks:entity_tools 
[17Jun2025 01:45:51.552] [main/DEBUG] [sophisticatedbackpacks/]: Finished loading registry data for sophisticatedbackpacks:entity_tools
[17Jun2025 01:45:51.552] [main/DEBUG] [sophisticatedbackpacks/]: Started loading registry data from sophisticatedbackpacks:compat/mekanism/block_tools 
[17Jun2025 01:45:51.552] [main/DEBUG] [sophisticatedbackpacks/]: Started loading registry data from sophisticatedbackpacks:compat/powah/block_tools 
[17Jun2025 01:45:51.552] [main/DEBUG] [sophisticatedbackpacks/]: Started loading registry data from sophisticatedbackpacks:compat/apotheosis/entity_tools 
[17Jun2025 01:45:51.552] [main/DEBUG] [sophisticatedbackpacks/]: Started loading registry data from sophisticatedbackpacks:compat/bloodmagic/block_tools 
[17Jun2025 01:45:51.552] [main/DEBUG] [sophisticatedbackpacks/]: Started loading registry data from sophisticatedbackpacks:compat/immersiveposts/block_tools 
[17Jun2025 01:45:51.552] [main/DEBUG] [sophisticatedbackpacks/]: Started loading registry data from sophisticatedbackpacks:compat/rats/entity_tools 
[17Jun2025 01:45:51.552] [main/DEBUG] [sophisticatedbackpacks/]: Started loading registry data from sophisticatedbackpacks:compat/framedcompactdrawers/block_tools 
[17Jun2025 01:45:51.552] [main/DEBUG] [sophisticatedbackpacks/]: Started loading registry data from sophisticatedbackpacks:compat/iceandfire/entity_tools 
[17Jun2025 01:45:51.552] [main/DEBUG] [sophisticatedbackpacks/]: Started loading registry data from sophisticatedbackpacks:compat/storagedrawers/block_tools 
[17Jun2025 01:45:51.552] [main/DEBUG] [sophisticatedbackpacks/]: Started loading registry data from sophisticatedbackpacks:compat/mcwroofs/block_tools 
[17Jun2025 01:45:51.552] [main/DEBUG] [sophisticatedbackpacks/]: Started loading registry data from sophisticatedbackpacks:compat/morphtool/block_tools 
[17Jun2025 01:45:51.552] [main/DEBUG] [sophisticatedbackpacks/]: Started loading registry data from sophisticatedbackpacks:compat/botania/block_tools 
[17Jun2025 01:45:51.552] [main/DEBUG] [sophisticatedbackpacks/]: Started loading registry data from sophisticatedbackpacks:compat/pneumaticraft/block_tools 
[17Jun2025 01:45:51.552] [main/DEBUG] [sophisticatedbackpacks/]: Started loading registry data from sophisticatedbackpacks:compat/shrink/entity_tools 
[17Jun2025 01:45:51.552] [main/DEBUG] [sophisticatedbackpacks/]: Started loading registry data from sophisticatedbackpacks:compat/blockcarpentry/block_tools 
[17Jun2025 01:45:51.552] [main/DEBUG] [sophisticatedbackpacks/]: Started loading registry data from sophisticatedbackpacks:compat/pipez/block_tools 
[17Jun2025 01:45:51.552] [main/DEBUG] [sophisticatedbackpacks/]: Started loading registry data from sophisticatedbackpacks:compat/transport/block_tools 
[17Jun2025 01:45:51.552] [main/DEBUG] [sophisticatedbackpacks/]: Started loading registry data from sophisticatedbackpacks:compat/thermal/block_tools 
[17Jun2025 01:45:51.552] [main/DEBUG] [sophisticatedbackpacks/]: Started loading registry data from sophisticatedbackpacks:block_tools 
[17Jun2025 01:45:51.552] [main/DEBUG] [sophisticatedbackpacks/]: Finished loading registry data for sophisticatedbackpacks:block_tools
[17Jun2025 01:45:51.552] [main/DEBUG] [sophisticatedbackpacks/]: Started loading registry data from sophisticatedbackpacks:compat/create/block_tools 
[17Jun2025 01:45:51.552] [main/DEBUG] [sophisticatedbackpacks/]: Started loading registry data from sophisticatedbackpacks:compat/farmersdelight/entity_tools 
[17Jun2025 01:45:51.552] [main/DEBUG] [sophisticatedbackpacks/]: Started loading registry data from sophisticatedbackpacks:compat/refinedstorage/block_tools 
[17Jun2025 01:45:51.552] [main/DEBUG] [sophisticatedbackpacks/]: Started loading registry data from sophisticatedbackpacks:compat/chiselsandbits/block_tools 
[17Jun2025 01:45:51.552] [main/DEBUG] [sophisticatedbackpacks/]: Started loading registry data from sophisticatedbackpacks:compat/farmersdelight/block_tools 
[17Jun2025 01:45:51.552] [main/DEBUG] [sophisticatedbackpacks/]: Started loading registry data from sophisticatedbackpacks:compat/resourcefulbees/entity_tools 
[17Jun2025 01:45:51.552] [main/DEBUG] [sophisticatedbackpacks/]: Started loading registry data from sophisticatedbackpacks:compat/tetra/swords 
[17Jun2025 01:45:51.552] [main/DEBUG] [sophisticatedbackpacks/]: Started loading registry data from sophisticatedbackpacks:swords 
[17Jun2025 01:45:51.552] [main/DEBUG] [sophisticatedbackpacks/]: Finished loading registry data for sophisticatedbackpacks:swords
[17Jun2025 01:45:51.553] [main/DEBUG] [sophisticatedbackpacks/]: Started loading registry data from sophisticatedbackpacks:compat/mythicbotany/block_tools 
[17Jun2025 01:45:51.553] [main/DEBUG] [sophisticatedbackpacks/]: Started loading registry data from sophisticatedbackpacks:compat/resourcefulbees/block_tools 
[17Jun2025 01:45:51.553] [main/DEBUG] [sophisticatedbackpacks/]: Started loading registry data from sophisticatedbackpacks:compat/syp/entity_tools 
[17Jun2025 01:45:51.553] [main/DEBUG] [sophisticatedbackpacks/]: Started loading registry data from sophisticatedbackpacks:compat/eidolon/block_tools 
[17Jun2025 01:45:51.553] [main/DEBUG] [sophisticatedbackpacks/]: Started loading registry data from sophisticatedbackpacks:compat/rftoolsbase/block_tools 
[17Jun2025 01:45:51.568] [main/INFO] [top.theillusivec4.curios.Curios/]: Loaded 13 curio slots
[17Jun2025 01:45:51.575] [main/INFO] [top.theillusivec4.curios.Curios/]: Loaded 11 curio entities
[17Jun2025 01:45:51.588] [main/INFO] [Supplementaries/]: Loaded 27 flute songs
[17Jun2025 01:45:51.631] [main/WARN] [net.minecraft.core.MappedRegistry/]: Not all defined tags for registry ResourceKey[minecraft:root / minecraft:worldgen/biome] are present in data pack: minecraft:is_plains
[17Jun2025 01:45:52.757] [main/DEBUG] [mixin/]: Mixing TreasureMapForEmeraldsMixin from supplementaries.mixins.json into net.minecraft.world.entity.npc.VillagerTrades$TreasureMapForEmeralds
[17Jun2025 01:45:52.764] [main/INFO] [Moonlight/]: Applied 7 data villager trades
[17Jun2025 01:45:52.800] [main/INFO] [Supplementaries/]: Finished additional setup in 0 ms
[17Jun2025 01:45:52.828] [main/DEBUG] [net.minecraftforge.common.ForgeHooks/WP]: Gathering id map for writing to world save world
[17Jun2025 01:45:52.864] [main/DEBUG] [net.minecraftforge.common.ForgeHooks/WP]: ID Map collection complete world
[17Jun2025 01:45:52.889] [Server thread/INFO] [net.minecraft.server.dedicated.DedicatedServer/]: Starting minecraft server version 1.20.1
[17Jun2025 01:45:52.889] [Server thread/INFO] [net.minecraft.server.dedicated.DedicatedServer/]: Loading properties
[17Jun2025 01:45:52.890] [Server thread/INFO] [net.minecraft.server.dedicated.DedicatedServer/]: Default game type: SURVIVAL
[17Jun2025 01:45:52.890] [Server thread/INFO] [net.minecraft.server.MinecraftServer/]: Generating keypair
[17Jun2025 01:45:52.977] [Server thread/INFO] [net.minecraft.server.dedicated.DedicatedServer/]: Starting Minecraft server on *:25565
[17Jun2025 01:45:52.987] [Server thread/DEBUG] [net.minecraftforge.network.DualStackUtils/]: Detected IPv6 address: "0:0:0:0:0:0:0:0"
[17Jun2025 01:45:52.995] [Server thread/DEBUG] [io.netty.util.internal.NativeLibraryLoader/]: -Dio.netty.native.workdir: /tmp (io.netty.tmpdir)
[17Jun2025 01:45:52.995] [Server thread/DEBUG] [io.netty.util.internal.NativeLibraryLoader/]: -Dio.netty.native.deleteLibAfterLoading: true
[17Jun2025 01:45:52.995] [Server thread/DEBUG] [io.netty.util.internal.NativeLibraryLoader/]: -Dio.netty.native.tryPatchShadedId: true
[17Jun2025 01:45:52.995] [Server thread/DEBUG] [io.netty.util.internal.NativeLibraryLoader/]: -Dio.netty.native.detectNativeLibraryDuplicates: true
[17Jun2025 01:45:53.002] [Server thread/DEBUG] [io.netty.util.internal.NativeLibraryLoader/]: Successfully loaded the library /tmp/libnetty_transport_native_epoll_x86_6410705285503194847296.so
[17Jun2025 01:45:53.005] [Server thread/DEBUG] [io.netty.util.NetUtil/]: -Djava.net.preferIPv4Stack: false
[17Jun2025 01:45:53.005] [Server thread/DEBUG] [io.netty.util.NetUtil/]: -Djava.net.preferIPv6Addresses: true
[17Jun2025 01:45:53.006] [Server thread/DEBUG] [io.netty.util.NetUtilInitializations/]: Loopback interface: lo (lo, 0:0:0:0:0:0:0:1%lo)
[17Jun2025 01:45:53.009] [Server thread/DEBUG] [io.netty.util.NetUtil/]: /proc/sys/net/core/somaxconn: 4096
[17Jun2025 01:45:53.012] [Server thread/INFO] [net.minecraft.server.network.ServerConnectionListener/]: Using epoll channel type
[17Jun2025 01:45:53.022] [Server thread/DEBUG] [mixin/]: Mixing NetworkSystemMixin from connectivity.mixins.json into net.minecraft.server.network.ServerConnectionListener$1
[17Jun2025 01:45:53.037] [Server thread/DEBUG] [mixin/]: Mixing AdvancedPacketErrorLogging from connectivity.mixins.json into net.minecraft.network.Connection
[17Jun2025 01:45:53.038] [Server thread/DEBUG] [mixin/]: Mixing ConnectionMixin from connectivity.mixins.json into net.minecraft.network.Connection
[17Jun2025 01:45:53.038] [Server thread/DEBUG] [mixin/]: Renaming synthetic method lambda$on$2(Ljava/lang/String;Lio/netty/channel/ChannelHandlerContext;Lio/netty/util/concurrent/Future;)V to md2eb031$lambda$on$2$0 in connectivity.mixins.json:ConnectionMixin
[17Jun2025 01:45:53.039] [Server thread/DEBUG] [mixin/]: Renaming synthetic method lambda$on$1(Ljava/lang/String;Lio/netty/channel/ChannelHandlerContext;Lio/netty/util/concurrent/Future;)V to md2eb031$lambda$on$1$1 in connectivity.mixins.json:ConnectionMixin
[17Jun2025 01:45:53.039] [Server thread/DEBUG] [mixin/]: Renaming synthetic method lambda$on$0(Ljava/lang/String;Lio/netty/channel/ChannelHandlerContext;Lio/netty/util/concurrent/Future;)V to md2eb031$lambda$on$0$2 in connectivity.mixins.json:ConnectionMixin
[17Jun2025 01:45:53.057] [Server thread/DEBUG] [io.netty.channel.MultithreadEventLoopGroup/]: -Dio.netty.eventLoopThreads: 8
[17Jun2025 01:45:53.080] [Server thread/DEBUG] [io.netty.util.internal.PlatformDependent/]: org.jctools-core.MpscChunkedArrayQueue: available
[17Jun2025 01:45:53.091] [Server thread/DEBUG] [io.netty.channel.DefaultChannelId/]: -Dio.netty.processId: 8278 (auto-detected)
[17Jun2025 01:45:53.093] [Server thread/DEBUG] [io.netty.channel.DefaultChannelId/]: -Dio.netty.machineId: 7c:1e:52:ff:fe:e4:84:19 (auto-detected)
[17Jun2025 01:45:53.123] [Server thread/DEBUG] [io.netty.buffer.PooledByteBufAllocator/]: -Dio.netty.allocator.numHeapArenas: 8
[17Jun2025 01:45:53.123] [Server thread/DEBUG] [io.netty.buffer.PooledByteBufAllocator/]: -Dio.netty.allocator.numDirectArenas: 8
[17Jun2025 01:45:53.123] [Server thread/DEBUG] [io.netty.buffer.PooledByteBufAllocator/]: -Dio.netty.allocator.pageSize: 8192
[17Jun2025 01:45:53.123] [Server thread/DEBUG] [io.netty.buffer.PooledByteBufAllocator/]: -Dio.netty.allocator.maxOrder: 9
[17Jun2025 01:45:53.123] [Server thread/DEBUG] [io.netty.buffer.PooledByteBufAllocator/]: -Dio.netty.allocator.chunkSize: 4194304
[17Jun2025 01:45:53.124] [Server thread/DEBUG] [io.netty.buffer.PooledByteBufAllocator/]: -Dio.netty.allocator.smallCacheSize: 256
[17Jun2025 01:45:53.124] [Server thread/DEBUG] [io.netty.buffer.PooledByteBufAllocator/]: -Dio.netty.allocator.normalCacheSize: 64
[17Jun2025 01:45:53.124] [Server thread/DEBUG] [io.netty.buffer.PooledByteBufAllocator/]: -Dio.netty.allocator.maxCachedBufferCapacity: 32768
[17Jun2025 01:45:53.124] [Server thread/DEBUG] [io.netty.buffer.PooledByteBufAllocator/]: -Dio.netty.allocator.cacheTrimInterval: 8192
[17Jun2025 01:45:53.124] [Server thread/DEBUG] [io.netty.buffer.PooledByteBufAllocator/]: -Dio.netty.allocator.cacheTrimIntervalMillis: 0
[17Jun2025 01:45:53.124] [Server thread/DEBUG] [io.netty.buffer.PooledByteBufAllocator/]: -Dio.netty.allocator.useCacheForAllThreads: false
[17Jun2025 01:45:53.124] [Server thread/DEBUG] [io.netty.buffer.PooledByteBufAllocator/]: -Dio.netty.allocator.maxCachedByteBuffersPerChunk: 1023
[17Jun2025 01:45:53.133] [Server thread/DEBUG] [io.netty.buffer.ByteBufUtil/]: -Dio.netty.allocator.type: pooled
[17Jun2025 01:45:53.133] [Server thread/DEBUG] [io.netty.buffer.ByteBufUtil/]: -Dio.netty.threadLocalDirectBufferSize: 0
[17Jun2025 01:45:53.133] [Server thread/DEBUG] [io.netty.buffer.ByteBufUtil/]: -Dio.netty.maxThreadLocalCharBufferSize: 16384
[17Jun2025 01:45:53.143] [Server thread/WARN] [net.minecraft.server.dedicated.DedicatedServer/]: **** SERVER IS RUNNING IN OFFLINE/INSECURE MODE!
[17Jun2025 01:45:53.143] [Server thread/WARN] [net.minecraft.server.dedicated.DedicatedServer/]: The server will make no attempt to authenticate usernames. Beware.
[17Jun2025 01:45:53.144] [Server thread/WARN] [net.minecraft.server.dedicated.DedicatedServer/]: While this makes the game possible to play without internet access, it also opens up the ability for hackers to connect with any username they choose.
[17Jun2025 01:45:53.145] [Server thread/WARN] [net.minecraft.server.dedicated.DedicatedServer/]: To change this, set "online-mode" to "true" in the server.properties file.
[17Jun2025 01:45:53.161] [Server thread/DEBUG] [net.minecraftforge.fml.config.ConfigTracker/CONFIG]: Loading configs type SERVER
[17Jun2025 01:45:53.161] [Server thread/DEBUG] [net.minecraftforge.fml.config.ConfigFileTypeHandler/CONFIG]: Built TOML config for ./world/serverconfig/journeymap-server.toml
[17Jun2025 01:45:53.161] [Server thread/DEBUG] [net.minecraftforge.fml.config.ConfigFileTypeHandler/CONFIG]: Loaded TOML config file ./world/serverconfig/journeymap-server.toml
[17Jun2025 01:45:53.162] [Server thread/DEBUG] [net.minecraftforge.fml.config.ConfigFileTypeHandler/CONFIG]: Watching TOML config file ./world/serverconfig/journeymap-server.toml for changes
[17Jun2025 01:45:53.163] [Server thread/INFO] [journeymap/]: Loading JourneyMap Forge Configs
[17Jun2025 01:45:53.164] [Server thread/DEBUG] [net.minecraftforge.fml.config.ConfigFileTypeHandler/CONFIG]: Built TOML config for ./world/serverconfig/sophisticatedbackpacks-server.toml
[17Jun2025 01:45:53.165] [Server thread/DEBUG] [net.minecraftforge.fml.config.ConfigFileTypeHandler/CONFIG]: Loaded TOML config file ./world/serverconfig/sophisticatedbackpacks-server.toml
[17Jun2025 01:45:53.165] [Server thread/DEBUG] [net.minecraftforge.fml.config.ConfigFileTypeHandler/CONFIG]: Watching TOML config file ./world/serverconfig/sophisticatedbackpacks-server.toml for changes
[17Jun2025 01:45:53.168] [Thread-2/DEBUG] [net.minecraftforge.fml.config.ConfigFileTypeHandler/CONFIG]: Config file sophisticatedbackpacks-server.toml changed, sending notifies
[17Jun2025 01:45:53.168] [Server thread/DEBUG] [net.minecraftforge.fml.config.ConfigFileTypeHandler/CONFIG]: Built TOML config for ./world/serverconfig/forge-server.toml
[17Jun2025 01:45:53.169] [Server thread/DEBUG] [net.minecraftforge.fml.config.ConfigFileTypeHandler/CONFIG]: Loaded TOML config file ./world/serverconfig/forge-server.toml
[17Jun2025 01:45:53.169] [Server thread/DEBUG] [net.minecraftforge.fml.config.ConfigFileTypeHandler/CONFIG]: Watching TOML config file ./world/serverconfig/forge-server.toml for changes
[17Jun2025 01:45:53.169] [Server thread/DEBUG] [net.minecraftforge.common.ForgeConfig/FORGEMOD]: Loaded forge config file forge-server.toml
[17Jun2025 01:45:53.170] [Server thread/DEBUG] [net.minecraftforge.fml.config.ConfigFileTypeHandler/CONFIG]: Built TOML config for ./world/serverconfig/curios-server.toml
[17Jun2025 01:45:53.170] [Server thread/DEBUG] [net.minecraftforge.fml.config.ConfigFileTypeHandler/CONFIG]: Loaded TOML config file ./world/serverconfig/curios-server.toml
[17Jun2025 01:45:53.170] [Server thread/DEBUG] [net.minecraftforge.fml.config.ConfigFileTypeHandler/CONFIG]: Watching TOML config file ./world/serverconfig/curios-server.toml for changes
[17Jun2025 01:45:53.171] [Thread-2/DEBUG] [net.minecraftforge.fml.config.ConfigFileTypeHandler/CONFIG]: Config file sophisticatedbackpacks-server.toml changed, sending notifies
[17Jun2025 01:45:53.171] [Thread-2/DEBUG] [net.minecraftforge.fml.config.ConfigFileTypeHandler/CONFIG]: Config file forge-server.toml changed, sending notifies
[17Jun2025 01:45:53.171] [Thread-2/DEBUG] [net.minecraftforge.common.ForgeConfig/FORGEMOD]: Forge config just got changed on the file system!
[17Jun2025 01:45:53.171] [Server thread/DEBUG] [net.minecraftforge.fml.config.ConfigFileTypeHandler/CONFIG]: Built TOML config for /workspaces/MyBmc/servidor_minecraft/config/tombstone-server.toml
[17Jun2025 01:45:53.172] [Server thread/DEBUG] [net.minecraftforge.fml.config.ConfigFileTypeHandler/CONFIG]: Loaded TOML config file /workspaces/MyBmc/servidor_minecraft/config/tombstone-server.toml
[17Jun2025 01:45:53.172] [Server thread/DEBUG] [net.minecraftforge.fml.config.ConfigFileTypeHandler/CONFIG]: Watching TOML config file /workspaces/MyBmc/servidor_minecraft/config/tombstone-server.toml for changes
[17Jun2025 01:45:53.173] [Server thread/DEBUG] [net.minecraftforge.fml.config.ConfigFileTypeHandler/CONFIG]: Built TOML config for ./world/serverconfig/fastleafdecay-server.toml
[17Jun2025 01:45:53.174] [Server thread/DEBUG] [net.minecraftforge.fml.config.ConfigFileTypeHandler/CONFIG]: Loaded TOML config file ./world/serverconfig/fastleafdecay-server.toml
[17Jun2025 01:45:53.174] [Server thread/DEBUG] [net.minecraftforge.fml.config.ConfigFileTypeHandler/CONFIG]: Watching TOML config file ./world/serverconfig/fastleafdecay-server.toml for changes
[17Jun2025 01:45:53.175] [Thread-2/DEBUG] [net.minecraftforge.fml.config.ConfigFileTypeHandler/CONFIG]: Config file tombstone-server.toml changed, sending notifies
[17Jun2025 01:45:53.250] [Server thread/INFO] [terrablender/]: Initialized TerraBlender biomes for level stem minecraft:the_nether
[17Jun2025 01:45:53.519] [Server thread/INFO] [terrablender/]: Initialized TerraBlender biomes for level stem minecraft:overworld
[17Jun2025 01:45:53.520] [Server thread/INFO] [net.minecraft.server.dedicated.DedicatedServer/]: Preparing level "world"
[17Jun2025 01:45:53.539] [Server thread/DEBUG] [net.minecraftforge.coremod.transformer.CoreModBaseTransformer/COREMOD]: Transforming net/minecraft/world/level/levelgen/PhantomSpawner
[17Jun2025 01:45:53.547] [Server thread/DEBUG] [net.minecraftforge.coremod.transformer.CoreModBaseTransformer/COREMOD]: Transforming net/minecraft/world/level/levelgen/PatrolSpawner
[17Jun2025 01:45:53.554] [Server thread/DEBUG] [net.minecraftforge.coremod.transformer.CoreModBaseTransformer/COREMOD]: Transforming net/minecraft/world/entity/npc/CatSpawner
[17Jun2025 01:45:53.569] [Server thread/DEBUG] [net.minecraftforge.coremod.transformer.CoreModBaseTransformer/COREMOD]: Transforming net/minecraft/world/entity/ai/village/VillageSiege
[17Jun2025 01:45:53.582] [Server thread/DEBUG] [mixin/]: Mixing RedMerchantSpawnerMixin from supplementaries-common.mixins.json into net.minecraft.world.entity.npc.WanderingTraderSpawner
[17Jun2025 01:45:53.583] [Server thread/DEBUG] [mixin/]: Renaming synthetic method lambda$spawn$1(Lnet/minecraft/core/BlockPos;)Z to md2eb031$lambda$spawn$1$0 in supplementaries-common.mixins.json:RedMerchantSpawnerMixin
[17Jun2025 01:45:53.583] [Server thread/DEBUG] [mixin/]: Renaming synthetic method lambda$spawn$0(Lnet/minecraft/core/Holder;)Z to md2eb031$lambda$spawn$0$1 in supplementaries-common.mixins.json:RedMerchantSpawnerMixin
[17Jun2025 01:45:53.597] [Server thread/DEBUG] [mixin/]: Mixing ServerChunkCacheMixin from betterchunkloading.mixins.json into net.minecraft.server.level.ServerChunkCache
[17Jun2025 01:45:53.598] [Server thread/DEBUG] [mixin/]: Renaming synthetic method lambda$prioWaiting$1(Ljava/util/concurrent/CompletableFuture;Lnet/minecraft/server/level/ChunkHolder;Ljava/lang/Object;Ljava/lang/Throwable;)V to md2eb031$lambda$prioWaiting$1$0 in betterchunkloading.mixins.json:ServerChunkCacheMixin
[17Jun2025 01:45:53.598] [Server thread/DEBUG] [mixin/]: Renaming synthetic method lambda$prioWaiting$0(Lnet/minecraft/server/level/ChunkHolder;)I to md2eb031$lambda$prioWaiting$0$1 in betterchunkloading.mixins.json:ServerChunkCacheMixin
[17Jun2025 01:45:53.600] [Server thread/DEBUG] [mixin/]: Mixing ChunkLoadDebug from cupboard.mixins.json into net.minecraft.server.level.ServerChunkCache
[17Jun2025 01:45:53.600] [Server thread/DEBUG] [mixin/]: Mixing ServerChunkCacheMixin from smoothchunk.mixins.json into net.minecraft.server.level.ServerChunkCache
[17Jun2025 01:45:53.612] [Server thread/DEBUG] [mixin/]: Mixing CustomDeathMessageMixin from takesapillage.mixins.json into net.minecraft.world.damagesource.DamageSources
[17Jun2025 01:45:53.613] [Server thread/DEBUG] [mixin/]: Mixing DamageSourcesMixin from tombstone.mixins.json into net.minecraft.world.damagesource.DamageSources
[17Jun2025 01:45:53.644] [Server thread/DEBUG] [mixin/]: Mixing RegionFileStorageMixin from betterchunkloading.mixins.json into net.minecraft.world.level.chunk.storage.RegionFileStorage
[17Jun2025 01:45:53.648] [Server thread/DEBUG] [mixin/]: Mixing PersistentEntitySectionManagerMixin from smoothchunk.mixins.json into net.minecraft.world.level.entity.PersistentEntitySectionManager
[17Jun2025 01:45:53.660] [Server thread/DEBUG] [mixin/]: Mixing DimensionDataStorageMixin from fastasyncworldsave.mixins.json into net.minecraft.world.level.storage.DimensionDataStorage
[17Jun2025 01:45:53.661] [Server thread/DEBUG] [mixin/]: Renaming synthetic method lambda$fastasyncworldsave$saveOffthread$0(Ljava/util/Map;)V to md2eb031$lambda$fastasyncworldsave$saveOffthread$0$0 in fastasyncworldsave.mixins.json:DimensionDataStorageMixin
[17Jun2025 01:45:53.675] [Server thread/DEBUG] [mixin/]: Mixing ChunkMapViewDistanceFixedTwo from betterchunkloading.mixins.json into net.minecraft.server.level.ChunkMap
[17Jun2025 01:45:53.675] [Server thread/DEBUG] [mixin/]: Mixing common.ChunkMapMixin from lithostitched.mixins.json into net.minecraft.server.level.ChunkMap
[17Jun2025 01:45:53.676] [Server thread/DEBUG] [mixin/]: Renaming synthetic method lambda$wrapNoiseRouter$0(Lnet/minecraft/server/level/ServerLevel;Ldev/worldgen/lithostitched/worldgen/modifier/Modifier;)Z to md2eb031$lambda$wrapNoiseRouter$0$0 in lithostitched.mixins.json:common.ChunkMapMixin
[17Jun2025 01:45:53.677] [Server thread/DEBUG] [mixin/]: Mixing ChunkMapMixin from smoothchunk.mixins.json into net.minecraft.server.level.ChunkMap
[17Jun2025 01:45:53.682] [Server thread/DEBUG] [mixin/]: Mixing ChunkMapSlowUnload from smoothchunk.mixins.json into net.minecraft.server.level.ChunkMap
[17Jun2025 01:45:53.704] [Server thread/DEBUG] [mixin/]: Mixing ChunkMapViewDistanceFixed from betterchunkloading.mixins.json into net.minecraft.server.level.DistanceManager
[17Jun2025 01:45:53.718] [Server thread/DEBUG] [mixin/]: Mixing common.RandomStateAccessor from lithostitched.mixins.json into net.minecraft.world.level.levelgen.RandomState
[17Jun2025 01:45:53.845] [Server thread/DEBUG] [mixin/]: Mixing accessor.ChunkGeneratorStructureStateAccessor from betterdeserttemples.mixins.json into net.minecraft.world.level.chunk.ChunkGeneratorStructureState
[17Jun2025 01:45:53.845] [Server thread/DEBUG] [mixin/]: Mixing accessor.ChunkGeneratorStructureStateAccessor from betterjungletemples.mixins.json into net.minecraft.world.level.chunk.ChunkGeneratorStructureState
[17Jun2025 01:45:53.846] [Server thread/DEBUG] [mixin/]: Unexpected: Registered method getBiomeSource()Lnet/minecraft/world/level/biome/BiomeSource; in net.minecraft.world.level.chunk.ChunkGeneratorStructureState was not merged
[17Jun2025 01:45:53.852] [Server thread/DEBUG] [mixin/]: Mixing ChunkTaskPriorityQueueSorterMixin from betterchunkloading.mixins.json into net.minecraft.server.level.ChunkTaskPriorityQueueSorter
[17Jun2025 01:45:53.855] [Server thread/DEBUG] [mixin/]: Mixing ChunkTaskPriorityQueueMixin from betterchunkloading.mixins.json into net.minecraft.server.level.ChunkTaskPriorityQueue
[17Jun2025 01:45:53.855] [Server thread/DEBUG] [mixin/]: Renaming synthetic method lambda$checkStalled$0(J)Ljava/util/List; to md2eb031$lambda$checkStalled$0$0 in betterchunkloading.mixins.json:ChunkTaskPriorityQueueMixin
[17Jun2025 01:45:53.897] [Server thread/INFO] [com.cupboard.Cupboard/]: Loaded config for: betterchunkloading.json
[17Jun2025 01:45:53.912] [Server thread/DEBUG] [mixin/]: Mixing accessor.StructureManagerAccessor from yungscavebiomes.mixins.json into net.minecraft.world.level.StructureManager
[17Jun2025 01:45:53.913] [Server thread/DEBUG] [mixin/]: Mixing accessor.StructureManagerAccessor from betterfortresses.mixins.json into net.minecraft.world.level.StructureManager
[17Jun2025 01:45:53.913] [Server thread/DEBUG] [mixin/]: Mixing accessor.StructureManagerAccessor from betterjungletemples.mixins.json into net.minecraft.world.level.StructureManager
[17Jun2025 01:45:53.913] [Server thread/DEBUG] [mixin/]: Unexpected: Registered method getLevel()Lnet/minecraft/world/level/LevelAccessor; in net.minecraft.world.level.StructureManager was not merged
[17Jun2025 01:45:53.913] [Server thread/DEBUG] [mixin/]: Unexpected: Registered method getLevel()Lnet/minecraft/world/level/LevelAccessor; in net.minecraft.world.level.StructureManager was not merged
[17Jun2025 01:45:54.479] [Server thread/DEBUG] [mixin/]: Mixing MixinPiglinAi from curios.mixins.json into net.minecraft.world.entity.monster.piglin.PiglinAi
[17Jun2025 01:45:57.356] [Server thread/WARN] [com.structureessentials.StructureEssentials/]: Non-unique structure_set salt:0 potentially creating overlapping structures detected. Structure sets: [minecraft:mineshafts, minecraft:strongholds, minecraft:buried_treasures]
[17Jun2025 01:45:57.357] [Server thread/WARN] [com.structureessentials.StructureEssentials/]: Non-unique structure_set salt:10387313 potentially creating overlapping structures detected. Structure sets: [minecraft:ocean_monuments, minecraft:end_cities]
[17Jun2025 01:45:57.358] [Server thread/WARN] [com.structureessentials.StructureEssentials/]: Non-unique structure_set salt:2 potentially creating overlapping structures detected. Structure sets: [alexscaves:ocean_trench, alexscaves:acid_pit]
[17Jun2025 01:45:57.358] [Server thread/WARN] [com.structureessentials.StructureEssentials/]: Non-unique structure_set salt:3 potentially creating overlapping structures detected. Structure sets: [alexscaves:cake_cave, alexscaves:ferrocave]
[17Jun2025 01:45:57.360] [Server thread/INFO] [net.minecraft.server.MinecraftServer/]: Preparing start region for dimension minecraft:overworld
[17Jun2025 01:45:57.370] [Server thread/DEBUG] [mixin/]: Mixing ChunkHolderMixin from chunksending.mixins.json into net.minecraft.server.level.ChunkHolder
[17Jun2025 01:45:58.043] [Server thread/DEBUG] [mixin/]: Mixing MixinChunkSerializer from architectury.mixins.json into net.minecraft.world.level.chunk.storage.ChunkSerializer
[17Jun2025 01:45:58.069] [Server thread/DEBUG] [mixin/]: Mixing ThreadingDetectorMixin from cupboard.mixins.json into net.minecraft.util.ThreadingDetector
[17Jun2025 01:45:58.141] [Server thread/DEBUG] [mixin/]: Mixing StructureStartTimingMixin from structureessentials.mixins.json into net.minecraft.world.level.levelgen.structure.StructureStart
[17Jun2025 01:45:58.147] [Server thread/DEBUG] [mixin/]: Mixing accessor.BoundingBoxAccessor from betterdungeons.mixins.json into net.minecraft.world.level.levelgen.structure.BoundingBox
[17Jun2025 01:45:58.147] [Server thread/DEBUG] [mixin/]: Mixing accessor.BoundingBoxAccessor from betterwitchhuts.mixins.json into net.minecraft.world.level.levelgen.structure.BoundingBox
[17Jun2025 01:45:58.147] [Server thread/DEBUG] [mixin/]: Mixing accessor.BoundingBoxAccessor from yungsapi.mixins.json into net.minecraft.world.level.levelgen.structure.BoundingBox
[17Jun2025 01:45:58.147] [Server thread/DEBUG] [mixin/]: Mixing accessor.BoundingBoxAccessor from betterdeserttemples.mixins.json into net.minecraft.world.level.levelgen.structure.BoundingBox
[17Jun2025 01:45:58.147] [Server thread/DEBUG] [mixin/]: Mixing BoundingBoxAccessor from bettermineshafts.mixins.json into net.minecraft.world.level.levelgen.structure.BoundingBox
[17Jun2025 01:45:58.148] [Server thread/DEBUG] [mixin/]: Unexpected: Registered method setMinZ(I)V in net.minecraft.world.level.levelgen.structure.BoundingBox was not merged
[17Jun2025 01:45:58.149] [Server thread/DEBUG] [mixin/]: Unexpected: Registered method setMaxZ(I)V in net.minecraft.world.level.levelgen.structure.BoundingBox was not merged
[17Jun2025 01:45:58.149] [Server thread/DEBUG] [mixin/]: Unexpected: Registered method setMinZ(I)V in net.minecraft.world.level.levelgen.structure.BoundingBox was not merged
[17Jun2025 01:45:58.149] [Server thread/DEBUG] [mixin/]: Unexpected: Registered method setMinY(I)V in net.minecraft.world.level.levelgen.structure.BoundingBox was not merged
[17Jun2025 01:45:58.149] [Server thread/DEBUG] [mixin/]: Unexpected: Registered method setMinX(I)V in net.minecraft.world.level.levelgen.structure.BoundingBox was not merged
[17Jun2025 01:45:58.149] [Server thread/DEBUG] [mixin/]: Unexpected: Registered method setMaxY(I)V in net.minecraft.world.level.levelgen.structure.BoundingBox was not merged
[17Jun2025 01:45:58.149] [Server thread/DEBUG] [mixin/]: Unexpected: Registered method setMaxY(I)V in net.minecraft.world.level.levelgen.structure.BoundingBox was not merged
[17Jun2025 01:45:58.149] [Server thread/DEBUG] [mixin/]: Unexpected: Registered method setMaxZ(I)V in net.minecraft.world.level.levelgen.structure.BoundingBox was not merged
[17Jun2025 01:45:58.149] [Server thread/DEBUG] [mixin/]: Unexpected: Registered method setMaxZ(I)V in net.minecraft.world.level.levelgen.structure.BoundingBox was not merged
[17Jun2025 01:45:58.149] [Server thread/DEBUG] [mixin/]: Unexpected: Registered method setMinX(I)V in net.minecraft.world.level.levelgen.structure.BoundingBox was not merged
[17Jun2025 01:45:58.149] [Server thread/DEBUG] [mixin/]: Unexpected: Registered method setMinZ(I)V in net.minecraft.world.level.levelgen.structure.BoundingBox was not merged
[17Jun2025 01:45:58.149] [Server thread/DEBUG] [mixin/]: Unexpected: Registered method setMaxX(I)V in net.minecraft.world.level.levelgen.structure.BoundingBox was not merged
[17Jun2025 01:45:58.149] [Server thread/DEBUG] [mixin/]: Unexpected: Registered method setMinX(I)V in net.minecraft.world.level.levelgen.structure.BoundingBox was not merged
[17Jun2025 01:45:58.149] [Server thread/DEBUG] [mixin/]: Unexpected: Registered method setMaxY(I)V in net.minecraft.world.level.levelgen.structure.BoundingBox was not merged
[17Jun2025 01:45:58.149] [Server thread/DEBUG] [mixin/]: Unexpected: Registered method setMaxX(I)V in net.minecraft.world.level.levelgen.structure.BoundingBox was not merged
[17Jun2025 01:45:58.149] [Server thread/DEBUG] [mixin/]: Unexpected: Registered method setMinY(I)V in net.minecraft.world.level.levelgen.structure.BoundingBox was not merged
[17Jun2025 01:45:58.149] [Server thread/DEBUG] [mixin/]: Unexpected: Registered method setMaxY(I)V in net.minecraft.world.level.levelgen.structure.BoundingBox was not merged
[17Jun2025 01:45:58.149] [Server thread/DEBUG] [mixin/]: Unexpected: Registered method setMaxX(I)V in net.minecraft.world.level.levelgen.structure.BoundingBox was not merged
[17Jun2025 01:45:58.149] [Server thread/DEBUG] [mixin/]: Unexpected: Registered method setMinZ(I)V in net.minecraft.world.level.levelgen.structure.BoundingBox was not merged
[17Jun2025 01:45:58.149] [Server thread/DEBUG] [mixin/]: Unexpected: Registered method setMinX(I)V in net.minecraft.world.level.levelgen.structure.BoundingBox was not merged
[17Jun2025 01:45:58.149] [Server thread/DEBUG] [mixin/]: Unexpected: Registered method setMaxX(I)V in net.minecraft.world.level.levelgen.structure.BoundingBox was not merged
[17Jun2025 01:45:58.149] [Server thread/DEBUG] [mixin/]: Unexpected: Registered method setMinY(I)V in net.minecraft.world.level.levelgen.structure.BoundingBox was not merged
[17Jun2025 01:45:58.149] [Server thread/DEBUG] [mixin/]: Unexpected: Registered method setMinY(I)V in net.minecraft.world.level.levelgen.structure.BoundingBox was not merged
[17Jun2025 01:45:58.149] [Server thread/DEBUG] [mixin/]: Unexpected: Registered method setMaxZ(I)V in net.minecraft.world.level.levelgen.structure.BoundingBox was not merged
[17Jun2025 01:45:58.154] [Server thread/DEBUG] [net.minecraftforge.coremod.transformer.CoreModBaseTransformer/COREMOD]: Transforming net/minecraft/world/level/levelgen/structure/templatesystem/StructureTemplate
[17Jun2025 01:45:58.188] [Server thread/DEBUG] [mixin/]: Mixing DungeonContextMixin from betterdungeons.mixins.json into net.minecraft.world.level.levelgen.structure.templatesystem.StructureTemplate
[17Jun2025 01:45:58.189] [Server thread/DEBUG] [mixin/]: Mixing StructureTemplateMixin from betterdungeons.mixins.json into net.minecraft.world.level.levelgen.structure.templatesystem.StructureTemplate
[17Jun2025 01:45:58.189] [Server thread/DEBUG] [mixin/]: Renaming synthetic method lambda$betterdungeons_preventAutoWaterlogging$0(Lnet/minecraft/world/level/levelgen/structure/templatesystem/StructureProcessor;)Z to md2eb031$lambda$betterdungeons_preventAutoWaterlogging$0$0 in betterdungeons.mixins.json:StructureTemplateMixin
[17Jun2025 01:45:58.189] [Server thread/DEBUG] [mixin/]: Mixing StructureTemplateMixin from betterwitchhuts.mixins.json into net.minecraft.world.level.levelgen.structure.templatesystem.StructureTemplate
[17Jun2025 01:45:58.190] [Server thread/DEBUG] [mixin/]: Renaming synthetic method lambda$betterwitchhuts_preventAutoWaterlogging$0(Lnet/minecraft/world/level/levelgen/structure/templatesystem/StructureProcessor;)Z to md2eb031$lambda$betterwitchhuts_preventAutoWaterlogging$0$1 in betterwitchhuts.mixins.json:StructureTemplateMixin
[17Jun2025 01:45:58.190] [Server thread/DEBUG] [mixin/]: Mixing common.StructureTemplateMixin from lithostitched.mixins.json into net.minecraft.world.level.levelgen.structure.templatesystem.StructureTemplate
[17Jun2025 01:45:58.190] [Server thread/DEBUG] [mixin/]: Mixing StructureTemplateMixin from betterdeserttemples.mixins.json into net.minecraft.world.level.levelgen.structure.templatesystem.StructureTemplate
[17Jun2025 01:45:58.190] [Server thread/DEBUG] [mixin/]: Renaming synthetic method lambda$betterdeserttemples_preventAutoWaterlogging$0(Lnet/minecraft/world/level/levelgen/structure/templatesystem/StructureProcessor;)Z to md2eb031$lambda$betterdeserttemples_preventAutoWaterlogging$0$2 in betterdeserttemples.mixins.json:StructureTemplateMixin
[17Jun2025 01:45:58.191] [Server thread/DEBUG] [mixin/]: Mixing StructureTemplateMixin from betterjungletemples.mixins.json into net.minecraft.world.level.levelgen.structure.templatesystem.StructureTemplate
[17Jun2025 01:45:58.191] [Server thread/DEBUG] [mixin/]: Renaming synthetic method lambda$betterjungletemples_preventAutoWaterlogging$0(Lnet/minecraft/world/level/levelgen/structure/templatesystem/StructureProcessor;)Z to md2eb031$lambda$betterjungletemples_preventAutoWaterlogging$0$3 in betterjungletemples.mixins.json:StructureTemplateMixin
[17Jun2025 01:45:58.861] [Server thread/DEBUG] [mixin/]: Mixing BlockInfoMixin from structureessentials.mixins.json into net.minecraft.world.level.levelgen.structure.templatesystem.StructureTemplate$StructureBlockInfo
[17Jun2025 01:46:00.692] [Worker-Main-2/INFO] [net.minecraft.server.level.progress.LoggerChunkProgressListener/]: Preparing spawn area: 0%
[17Jun2025 01:46:00.694] [Worker-Main-3/INFO] [net.minecraft.server.level.progress.LoggerChunkProgressListener/]: Preparing spawn area: 0%
[17Jun2025 01:46:00.697] [Worker-Main-2/INFO] [net.minecraft.server.level.progress.LoggerChunkProgressListener/]: Preparing spawn area: 0%
[17Jun2025 01:46:00.700] [Worker-Main-1/INFO] [net.minecraft.server.level.progress.LoggerChunkProgressListener/]: Preparing spawn area: 0%
[17Jun2025 01:46:00.706] [Worker-Main-2/INFO] [net.minecraft.server.level.progress.LoggerChunkProgressListener/]: Preparing spawn area: 0%
[17Jun2025 01:46:00.707] [Worker-Main-2/INFO] [net.minecraft.server.level.progress.LoggerChunkProgressListener/]: Preparing spawn area: 0%
[17Jun2025 01:46:00.709] [Worker-Main-1/INFO] [net.minecraft.server.level.progress.LoggerChunkProgressListener/]: Preparing spawn area: 0%
[17Jun2025 01:46:00.861] [Worker-Main-3/INFO] [net.minecraft.server.level.progress.LoggerChunkProgressListener/]: Preparing spawn area: 0%
[17Jun2025 01:46:01.135] [Worker-Main-2/DEBUG] [mixin/]: Mixing accessor.NoiseChunkAccessor from yungscavebiomes.mixins.json into net.minecraft.world.level.levelgen.NoiseChunk
[17Jun2025 01:46:01.136] [Worker-Main-2/DEBUG] [mixin/]: Mixing marble_caves.NoiseChunkMixin from yungscavebiomes.mixins.json into net.minecraft.world.level.levelgen.NoiseChunk
[17Jun2025 01:46:01.182] [Worker-Main-2/DEBUG] [mixin/]: Mixing frosted_caves.AquiferMixin from yungscavebiomes.mixins.json into net.minecraft.world.level.levelgen.Aquifer$NoiseBasedAquifer
[17Jun2025 01:46:01.183] [Worker-Main-2/DEBUG] [mixin/]: Mixing marble_caves.AquiferMixin from yungscavebiomes.mixins.json into net.minecraft.world.level.levelgen.Aquifer$NoiseBasedAquifer
[17Jun2025 01:46:01.368] [Worker-Main-3/INFO] [net.minecraft.server.level.progress.LoggerChunkProgressListener/]: Preparing spawn area: 1%
[17Jun2025 01:46:01.948] [Worker-Main-1/INFO] [net.minecraft.server.level.progress.LoggerChunkProgressListener/]: Preparing spawn area: 2%
[17Jun2025 01:46:02.386] [Worker-Main-2/INFO] [net.minecraft.server.level.progress.LoggerChunkProgressListener/]: Preparing spawn area: 11%
[17Jun2025 01:46:02.864] [Worker-Main-1/INFO] [net.minecraft.server.level.progress.LoggerChunkProgressListener/]: Preparing spawn area: 30%
[17Jun2025 01:46:03.414] [Worker-Main-1/INFO] [net.minecraft.server.level.progress.LoggerChunkProgressListener/]: Preparing spawn area: 42%
[17Jun2025 01:46:03.555] [Worker-Main-3/DEBUG] [mixin/]: Mixing accessor.WorldGenRegionAccessor from betterdungeons.mixins.json into net.minecraft.server.level.WorldGenRegion
[17Jun2025 01:46:03.555] [Worker-Main-3/DEBUG] [mixin/]: Mixing accessor.WorldGenRegionAccessor from betterfortresses.mixins.json into net.minecraft.server.level.WorldGenRegion
[17Jun2025 01:46:03.555] [Worker-Main-3/DEBUG] [mixin/]: Mixing accessor.WorldGenRegionAccessor from betterjungletemples.mixins.json into net.minecraft.server.level.WorldGenRegion
[17Jun2025 01:46:03.556] [Worker-Main-3/DEBUG] [mixin/]: Unexpected: Registered method getLastPos()Lnet/minecraft/world/level/ChunkPos; in net.minecraft.server.level.WorldGenRegion was not merged
[17Jun2025 01:46:03.556] [Worker-Main-3/DEBUG] [mixin/]: Unexpected: Registered method getSize()I in net.minecraft.server.level.WorldGenRegion was not merged
[17Jun2025 01:46:03.556] [Worker-Main-3/DEBUG] [mixin/]: Unexpected: Registered method getStructureManager()Lnet/minecraft/world/level/StructureManager; in net.minecraft.server.level.WorldGenRegion was not merged
[17Jun2025 01:46:03.556] [Worker-Main-3/DEBUG] [mixin/]: Unexpected: Registered method getStructureManager()Lnet/minecraft/world/level/StructureManager; in net.minecraft.server.level.WorldGenRegion was not merged
[17Jun2025 01:46:03.556] [Worker-Main-3/DEBUG] [mixin/]: Unexpected: Registered method getCache()Ljava/util/List; in net.minecraft.server.level.WorldGenRegion was not merged
[17Jun2025 01:46:03.556] [Worker-Main-3/DEBUG] [mixin/]: Unexpected: Registered method getFirstPos()Lnet/minecraft/world/level/ChunkPos; in net.minecraft.server.level.WorldGenRegion was not merged
[17Jun2025 01:46:03.564] [Worker-Main-3/DEBUG] [mixin/]: Mixing debug.DebugPacketsMixin from yungscavebiomes.mixins.json into net.minecraft.network.protocol.game.DebugPackets
[17Jun2025 01:46:03.564] [Worker-Main-3/DEBUG] [mixin/]: Renaming synthetic method lambda$yungscavebiomes_debugSendGoalSelector$1(Lnet/minecraft/network/FriendlyByteBuf;Lnet/minecraft/world/entity/ai/goal/WrappedGoal;)V to md2eb031$lambda$yungscavebiomes_debugSendGoalSelector$1$0 in yungscavebiomes.mixins.json:debug.DebugPacketsMixin
[17Jun2025 01:46:03.564] [Worker-Main-3/DEBUG] [mixin/]: Renaming synthetic method lambda$yungscavebiomes_debugSendGoalSelector$0(Lnet/minecraft/world/entity/ai/goal/WrappedGoal;Lnet/minecraft/world/entity/ai/goal/WrappedGoal;)I to md2eb031$lambda$yungscavebiomes_debugSendGoalSelector$0$1 in yungscavebiomes.mixins.json:debug.DebugPacketsMixin
[17Jun2025 01:46:03.683] [Worker-Main-2/DEBUG] [mixin/]: Mixing common.BeardifierMixin from lithostitched.forge.mixins.json into net.minecraft.world.level.levelgen.Beardifier
[17Jun2025 01:46:03.687] [Worker-Main-2/DEBUG] [mixin/]: Mixing BeardifierMixin from yungsapi.mixins.json into net.minecraft.world.level.levelgen.Beardifier
[17Jun2025 01:46:03.688] [Worker-Main-2/DEBUG] [mixin/]: Mixing accessor.BeardifierAccessor from yungsapi.mixins.json into net.minecraft.world.level.levelgen.Beardifier
[17Jun2025 01:46:03.861] [Worker-Main-1/INFO] [net.minecraft.server.level.progress.LoggerChunkProgressListener/]: Preparing spawn area: 62%
[17Jun2025 01:46:04.390] [Worker-Main-2/INFO] [net.minecraft.server.level.progress.LoggerChunkProgressListener/]: Preparing spawn area: 68%
[17Jun2025 01:46:04.902] [Worker-Main-3/INFO] [net.minecraft.server.level.progress.LoggerChunkProgressListener/]: Preparing spawn area: 78%
[17Jun2025 01:46:05.363] [Worker-Main-1/INFO] [net.minecraft.server.level.progress.LoggerChunkProgressListener/]: Preparing spawn area: 82%
[17Jun2025 01:46:05.869] [Worker-Main-1/INFO] [net.minecraft.server.level.progress.LoggerChunkProgressListener/]: Preparing spawn area: 89%
[17Jun2025 01:46:06.389] [Worker-Main-2/INFO] [net.minecraft.server.level.progress.LoggerChunkProgressListener/]: Preparing spawn area: 93%
[17Jun2025 01:46:06.861] [Worker-Main-1/INFO] [net.minecraft.server.level.progress.LoggerChunkProgressListener/]: Preparing spawn area: 93%
[17Jun2025 01:46:07.386] [Worker-Main-2/INFO] [net.minecraft.server.level.progress.LoggerChunkProgressListener/]: Preparing spawn area: 95%
[17Jun2025 01:46:07.879] [Worker-Main-3/INFO] [net.minecraft.server.level.progress.LoggerChunkProgressListener/]: Preparing spawn area: 96%
[17Jun2025 01:46:08.367] [Worker-Main-2/INFO] [net.minecraft.server.level.progress.LoggerChunkProgressListener/]: Preparing spawn area: 98%
[17Jun2025 01:46:08.671] [Server thread/INFO] [net.minecraft.server.level.progress.LoggerChunkProgressListener/]: Time elapsed: 11311 ms
[17Jun2025 01:46:08.672] [Server thread/INFO] [net.minecraft.server.dedicated.DedicatedServer/]: Done (15.511s)! For help, type "help"
[17Jun2025 01:46:08.687] [Server thread/DEBUG] [net.minecraftforge.network.DualStackUtils/]: Detected IPv6 address: "0:0:0:0:0:0:0:0"
[17Jun2025 01:46:08.716] [Server thread/DEBUG] [net.minecraftforge.common.ForgeI18n/CORE]: Loading I18N data entries: 7324
[17Jun2025 01:46:08.720] [Server thread/INFO] [net.minecraftforge.server.permission.PermissionAPI/]: Successfully initialized permission handler forge:default_handler
[17Jun2025 01:46:08.758] [Server thread/INFO] [com.cupboard.Cupboard/]: Loaded config for: clickadv.json
[17Jun2025 01:46:08.759] [Server thread/INFO] [com.cupboard.Cupboard/]: Loaded config for: chunksending.json
[17Jun2025 01:46:08.759] [Server thread/INFO] [com.cupboard.Cupboard/]: Loaded config for: smoothchunk.json
[17Jun2025 01:46:08.759] [Server thread/INFO] [com.cupboard.Cupboard/]: Loaded config for: logprot.json
[17Jun2025 01:46:08.823] [Server thread/DEBUG] [mixin/]: Mixing accessors.item.AccessorItemCooldowns from bookshelf.common.mixins.json into net.minecraft.world.item.ItemCooldowns
[17Jun2025 01:46:08.840] [Server thread/WARN] [net.minecraft.network.syncher.SynchedEntityData/]: defineId called for: class net.minecraft.world.entity.player.Player from class tschipp.carryon.common.carry.CarryOnDataManager
[17Jun2025 01:46:08.850] [Server thread/DEBUG] [mixin/]: Mixing FoodDataMixin from alexscaves.mixins.json into net.minecraft.world.food.FoodData
[17Jun2025 01:46:08.862] [Server thread/DEBUG] [mixin/]: Mixing accessors.inventory.AccessorTransientCraftingContainer from bookshelf.common.mixins.json into net.minecraft.world.inventory.TransientCraftingContainer
[17Jun2025 01:46:08.889] [Server thread/DEBUG] [mixin/]: Mixing PlayerAdvancementsMixin from clickadv.mixins.json into net.minecraft.server.PlayerAdvancements
[17Jun2025 01:46:08.978] [Server thread/WARN] [voicechat/]: [voicechat] Running in offline mode - Voice chat encryption is not secure!
[17Jun2025 01:46:08.988] [Server thread/DEBUG] [voicechat/]: [voicechat] Using default voicechat socket implementation
[17Jun2025 01:46:09.001] [VoiceChatServerThread/INFO] [voicechat/]: [voicechat] Voice chat server started at port 24454
[17Jun2025 01:46:09.044] [Server thread/DEBUG] [io.netty.buffer.AbstractByteBuf/]: -Dio.netty.buffer.checkAccessible: true
[17Jun2025 01:46:09.044] [Server thread/DEBUG] [io.netty.buffer.AbstractByteBuf/]: -Dio.netty.buffer.checkBounds: true
[17Jun2025 01:46:09.045] [Server thread/DEBUG] [io.netty.util.ResourceLeakDetectorFactory/]: Loaded default ResourceLeakDetector: io.netty.util.ResourceLeakDetector@7b323954
[17Jun2025 01:46:09.101] [Server thread/DEBUG] [net.minecraftforge.coremod.transformer.CoreModBaseTransformer/COREMOD]: Transforming net/minecraft/world/level/NaturalSpawner
[17Jun2025 01:46:09.164] [Server thread/DEBUG] [mixin/]: Mixing item.wearable.NaturalSpawnerMixin from mixins.artifacts.common.json into net.minecraft.world.level.NaturalSpawner
[17Jun2025 01:46:09.165] [Server thread/DEBUG] [mixin/]: Renaming synthetic method lambda$spawnCategoryForPosition$0(Lnet/minecraft/world/entity/Mob;Lnet/minecraft/world/item/ItemStack;)V to md2eb031$lambda$spawnCategoryForPosition$0$0 in mixins.artifacts.common.json:item.wearable.NaturalSpawnerMixin
[17Jun2025 01:46:09.169] [Server thread/DEBUG] [mixin/]: Mixing NaturalSpawnerMixin from alexscaves.mixins.json into net.minecraft.world.level.NaturalSpawner
[17Jun2025 01:46:09.324] [Server thread/DEBUG] [artifacts.Artifacts/]: Loaded artifacts.forge.platform.ForgePlatformHelper@3598c3b3 for service interface artifacts.platform.PlatformHelper
[17Jun2025 01:46:09.801] [Server thread/DEBUG] [mixin/]: Mixing debug.PathAccessor from yungscavebiomes.mixins.json into net.minecraft.world.level.pathfinder.Path
[17Jun2025 01:46:11.999] [Server thread/DEBUG] [mixin/]: Mixing PacketDistributorHackMixin from moonlight.mixins.json into net.minecraftforge.network.PacketDistributor
[17Jun2025 01:46:28.617] [Netty Epoll Server IO #1/DEBUG] [mixin/]: Mixing PacketDecoderMixin from connectivity.mixins.json into net.minecraft.network.PacketDecoder
[17Jun2025 01:46:28.626] [Netty Epoll Server IO #1/DEBUG] [mixin/]: Mixing PacketEncoderMixin from connectivity.mixins.json into net.minecraft.network.PacketEncoder
[17Jun2025 01:46:28.627] [Netty Epoll Server IO #1/DEBUG] [mixin/]: Mixing networkstats.NettyPacketEncoderMixin from connectivity.mixins.json into net.minecraft.network.PacketEncoder
[17Jun2025 01:46:28.637] [Netty Epoll Server IO #1/DEBUG] [mixin/]: Mixing ConnectionProtocolMixin from connectivity.mixins.json into net.minecraft.network.ConnectionProtocol$PacketSet
[17Jun2025 01:46:28.637] [Netty Epoll Server IO #1/DEBUG] [mixin/]: Renaming synthetic method lambda$onAdd$1(Ljava/lang/Class;Lnet/minecraft/network/FriendlyByteBuf;)Lnet/minecraft/network/protocol/Packet; to md2eb031$lambda$onAdd$1$0 in connectivity.mixins.json:ConnectionProtocolMixin
[17Jun2025 01:46:28.637] [Netty Epoll Server IO #1/DEBUG] [mixin/]: Renaming synthetic method lambda$onAdd$0(Ljava/lang/Class;Lnet/minecraft/network/FriendlyByteBuf;)Lnet/minecraft/network/protocol/Packet; to md2eb031$lambda$onAdd$0$1 in connectivity.mixins.json:ConnectionProtocolMixin
[17Jun2025 01:46:28.666] [Netty Epoll Server IO #1/DEBUG] [mixin/]: Mixing MapItemDataPacketMixin from moonlight-common.mixins.json into net.minecraft.network.protocol.game.ClientboundMapItemDataPacket
[17Jun2025 01:46:28.667] [Netty Epoll Server IO #1/DEBUG] [mixin/]: Renaming synthetic method lambda$moonlight$sendCustomDecorations$1(I)[Lnet/mehvahdjukaar/moonlight/api/map/CustomMapDecoration; to md2eb031$lambda$moonlight$sendCustomDecorations$1$0 in moonlight-common.mixins.json:MapItemDataPacketMixin
[17Jun2025 01:46:28.667] [Netty Epoll Server IO #1/DEBUG] [mixin/]: Renaming synthetic method lambda$moonlight$sendCustomDecorations$0(Lnet/minecraft/network/FriendlyByteBuf;Lnet/mehvahdjukaar/moonlight/api/map/CustomMapDecoration;)Lnet/mehvahdjukaar/moonlight/api/map/CustomMapDecoration; to md2eb031$lambda$moonlight$sendCustomDecorations$0$1 in moonlight-common.mixins.json:MapItemDataPacketMixin
[17Jun2025 01:46:29.029] [Netty Epoll Server IO #1/DEBUG] [io.netty.util.Recycler/]: -Dio.netty.recycler.maxCapacityPerThread: 4096
[17Jun2025 01:46:29.029] [Netty Epoll Server IO #1/DEBUG] [io.netty.util.Recycler/]: -Dio.netty.recycler.ratio: 8
[17Jun2025 01:46:29.029] [Netty Epoll Server IO #1/DEBUG] [io.netty.util.Recycler/]: -Dio.netty.recycler.chunkSize: 32
[17Jun2025 01:46:29.030] [Netty Epoll Server IO #1/DEBUG] [io.netty.util.Recycler/]: -Dio.netty.recycler.blocking: false
[17Jun2025 01:46:31.694] [Netty Epoll Server IO #3/DEBUG] [mixin/]: Mixing NetworkRegistryMixin from connectivity.mixins.json into net.minecraftforge.network.NetworkRegistry$LoginPayload
[17Jun2025 01:46:31.727] [Netty Epoll Server IO #3/DEBUG] [net.minecraftforge.network.HandshakeHandler/FMLHANDSHAKE]: Starting new modded impl connection. Found 28 messages to dispatch.
[17Jun2025 01:46:31.728] [Netty Epoll Server IO #3/DEBUG] [mixin/]: Mixing ServerLoginNetHandlerMixin from connectivity.mixins.json into net.minecraft.server.network.ServerLoginPacketListenerImpl
[17Jun2025 01:46:31.750] [Server thread/DEBUG] [net.minecraftforge.network.HandshakeHandler/FMLHANDSHAKE]: Sending ticking packet info 'net.minecraftforge.network.HandshakeMessages$S2CModData' to 'fml:handshake' sequence 0
[17Jun2025 01:46:31.799] [Server thread/DEBUG] [net.minecraftforge.network.HandshakeHandler/FMLHANDSHAKE]: Sending ticking packet info 'net.minecraftforge.network.HandshakeMessages$S2CModList' to 'fml:handshake' sequence 1
[17Jun2025 01:46:31.849] [Server thread/DEBUG] [net.minecraftforge.network.HandshakeHandler/FMLHANDSHAKE]: Sending ticking packet info 'Registry minecraft:command_argument_type' to 'fml:handshake' sequence 2
[17Jun2025 01:46:31.899] [Server thread/DEBUG] [net.minecraftforge.network.HandshakeHandler/FMLHANDSHAKE]: Sending ticking packet info 'Registry minecraft:recipe_serializer' to 'fml:handshake' sequence 3
[17Jun2025 01:46:31.949] [Server thread/DEBUG] [net.minecraftforge.network.HandshakeHandler/FMLHANDSHAKE]: Sending ticking packet info 'Registry minecraft:sound_event' to 'fml:handshake' sequence 4
[17Jun2025 01:46:31.999] [Server thread/DEBUG] [net.minecraftforge.network.HandshakeHandler/FMLHANDSHAKE]: Sending ticking packet info 'Registry minecraft:particle_type' to 'fml:handshake' sequence 5
[17Jun2025 01:46:32.028] [Netty Epoll Server IO #3/DEBUG] [net.minecraftforge.network.LoginWrapper/FMLHANDSHAKE]: Recieved login wrapper packet event for channel fml:handshake with index 1
[17Jun2025 01:46:32.031] [Netty Epoll Server IO #3/DEBUG] [net.minecraftforge.network.HandshakeHandler/FMLHANDSHAKE]: Received client indexed reply 1 of type net.minecraftforge.network.HandshakeMessages$C2SModListReply
[17Jun2025 01:46:32.031] [Netty Epoll Server IO #3/DEBUG] [net.minecraftforge.network.HandshakeHandler/FMLHANDSHAKE]: Received client connection with modlist [betterdungeons, kuma_api, betterwitchhuts, sodiumextras, geckolib, jei, connectivity, sophisticatedcore, gpumemleakfix, waystones, villagernames, journeymap, yungscavebiomes, citadel, artifacts, yungsapi, mixinextras, clientcrafting, bookshelf, sophisticatedbackpacks, betterdeserttemples, takesapillage, clickadv, balm, carryon, sodiumoptionsapi, betterfortresses, cloth_config, forge, travelerstitles, supplementaries, sodiumdynamiclights, konkrete, embeddium, rubidium, minecraft, alexscaves, voicechat, trade_cycling, enchdesc, terrablender, moonlight, fabric_api_base, mousetweaks, mixinsquared, born_in_chaos_v1, betterfpsdist, curios, collective, betterthirdperson, inventoryhud, betterstrongholds, tombstone, architectury, cupboard, biomemusic, betterendisland, justzoom, cosmeticarmorreworked, expandability, bettermineshafts, betterjungletemples]
[17Jun2025 01:46:32.032] [Netty Epoll Server IO #3/DEBUG] [net.minecraftforge.network.NetworkRegistry/NETREGISTRY]: Channel 'supplementaries:channel' : Version test of '0' from client : ACCEPTED
[17Jun2025 01:46:32.032] [Netty Epoll Server IO #3/DEBUG] [net.minecraftforge.network.NetworkRegistry/NETREGISTRY]: Channel 'alexscaves:main_channel' : Version test of '1' from client : ACCEPTED
[17Jun2025 01:46:32.032] [Netty Epoll Server IO #3/DEBUG] [net.minecraftforge.network.NetworkRegistry/NETREGISTRY]: Channel 'architectury:network' : Version test of '1' from client : ACCEPTED
[17Jun2025 01:46:32.032] [Netty Epoll Server IO #3/DEBUG] [net.minecraftforge.network.NetworkRegistry/NETREGISTRY]: Channel 'voicechat:secret' : Version test of 'ALLOWVANILLA 💓💓💓' from client : ACCEPTED
[17Jun2025 01:46:32.032] [Netty Epoll Server IO #3/DEBUG] [net.minecraftforge.network.NetworkRegistry/NETREGISTRY]: Channel 'voicechat:leave_group' : Version test of 'ALLOWVANILLA 💓💓💓' from client : ACCEPTED
[17Jun2025 01:46:32.033] [Netty Epoll Server IO #3/DEBUG] [net.minecraftforge.network.NetworkRegistry/NETREGISTRY]: Channel 'voicechat:create_group' : Version test of 'ALLOWVANILLA 💓💓💓' from client : ACCEPTED
[17Jun2025 01:46:32.033] [Netty Epoll Server IO #3/DEBUG] [net.minecraftforge.network.NetworkRegistry/NETREGISTRY]: Channel 'carryon:carryonpackets' : Version test of '1.0' from client : ACCEPTED
[17Jun2025 01:46:32.033] [Netty Epoll Server IO #3/DEBUG] [net.minecraftforge.network.NetworkRegistry/NETREGISTRY]: Channel 'minecraft:unregister' : Version test of 'FML3' from client : ACCEPTED
[17Jun2025 01:46:32.033] [Netty Epoll Server IO #3/DEBUG] [net.minecraftforge.network.NetworkRegistry/NETREGISTRY]: Channel 'sophisticatedbackpacks:channel' : Version test of '1' from client : ACCEPTED
[17Jun2025 01:46:32.033] [Netty Epoll Server IO #3/DEBUG] [net.minecraftforge.network.NetworkRegistry/NETREGISTRY]: Channel 'citadel:main_channel' : Version test of '1' from client : ACCEPTED
[17Jun2025 01:46:32.033] [Netty Epoll Server IO #3/DEBUG] [net.minecraftforge.network.NetworkRegistry/NETREGISTRY]: Channel 'born_in_chaos_v1:born_in_chaos_v1' : Version test of '1' from client : ACCEPTED
[17Jun2025 01:46:32.033] [Netty Epoll Server IO #3/DEBUG] [net.minecraftforge.network.NetworkRegistry/NETREGISTRY]: Channel 'journeymap:version' : Version test of '1' from client : ACCEPTED
[17Jun2025 01:46:32.033] [Netty Epoll Server IO #3/DEBUG] [net.minecraftforge.network.NetworkRegistry/NETREGISTRY]: Channel 'trade_cycling:cycle_trades' : Version test of 'ALLOWVANILLA 💓💓💓' from client : ACCEPTED
[17Jun2025 01:46:32.033] [Netty Epoll Server IO #3/DEBUG] [net.minecraftforge.network.NetworkRegistry/NETREGISTRY]: Channel 'voicechat:set_group' : Version test of 'ALLOWVANILLA 💓💓💓' from client : ACCEPTED
[17Jun2025 01:46:32.033] [Netty Epoll Server IO #3/DEBUG] [net.minecraftforge.network.NetworkRegistry/NETREGISTRY]: Channel 'voicechat:joined_group' : Version test of 'ALLOWVANILLA 💓💓💓' from client : ACCEPTED
[17Jun2025 01:46:32.033] [Netty Epoll Server IO #3/DEBUG] [net.minecraftforge.network.NetworkRegistry/NETREGISTRY]: Channel 'curios:main' : Version test of '1' from client : ACCEPTED
[17Jun2025 01:46:32.033] [Netty Epoll Server IO #3/DEBUG] [net.minecraftforge.network.NetworkRegistry/NETREGISTRY]: Channel 'worldinfo:world_id' : Version test of '1' from client : ACCEPTED
[17Jun2025 01:46:32.033] [Netty Epoll Server IO #3/DEBUG] [net.minecraftforge.network.NetworkRegistry/NETREGISTRY]: Channel 'voicechat:update_state' : Version test of 'ALLOWVANILLA 💓💓💓' from client : ACCEPTED
[17Jun2025 01:46:32.034] [Netty Epoll Server IO #3/DEBUG] [net.minecraftforge.network.NetworkRegistry/NETREGISTRY]: Channel 'voicechat:player_states' : Version test of 'ALLOWVANILLA 💓💓💓' from client : ACCEPTED
[17Jun2025 01:46:32.034] [Netty Epoll Server IO #3/DEBUG] [net.minecraftforge.network.NetworkRegistry/NETREGISTRY]: Channel 'balm:network' : Version test of '1.0' from client : ACCEPTED
[17Jun2025 01:46:32.034] [Netty Epoll Server IO #3/DEBUG] [net.minecraftforge.network.NetworkRegistry/NETREGISTRY]: Channel 'journeymap:admin_req' : Version test of '1' from client : ACCEPTED
[17Jun2025 01:46:32.034] [Netty Epoll Server IO #3/DEBUG] [net.minecraftforge.network.NetworkRegistry/NETREGISTRY]: Channel 'journeymap:waypoint' : Version test of '1' from client : ACCEPTED
[17Jun2025 01:46:32.034] [Netty Epoll Server IO #3/DEBUG] [net.minecraftforge.network.NetworkRegistry/NETREGISTRY]: Channel 'journeymap:mp_options_req' : Version test of '1' from client : ACCEPTED
[17Jun2025 01:46:32.034] [Netty Epoll Server IO #3/DEBUG] [net.minecraftforge.network.NetworkRegistry/NETREGISTRY]: Channel 'voicechat:add_group' : Version test of 'ALLOWVANILLA 💓💓💓' from client : ACCEPTED
[17Jun2025 01:46:32.034] [Netty Epoll Server IO #3/DEBUG] [net.minecraftforge.network.NetworkRegistry/NETREGISTRY]: Channel 'fml:loginwrapper' : Version test of 'FML3' from client : ACCEPTED
[17Jun2025 01:46:32.034] [Netty Epoll Server IO #3/DEBUG] [net.minecraftforge.network.NetworkRegistry/NETREGISTRY]: Channel 'forge:tier_sorting' : Version test of '1.0' from client : ACCEPTED
[17Jun2025 01:46:32.034] [Netty Epoll Server IO #3/DEBUG] [net.minecraftforge.network.NetworkRegistry/NETREGISTRY]: Channel 'voicechat:player_state' : Version test of 'ALLOWVANILLA 💓💓💓' from client : ACCEPTED
[17Jun2025 01:46:32.034] [Netty Epoll Server IO #3/DEBUG] [net.minecraftforge.network.NetworkRegistry/NETREGISTRY]: Channel 'tombstone:tombstone_channel' : Version test of 'tombstone-8.9.6' from client : ACCEPTED
[17Jun2025 01:46:32.034] [Netty Epoll Server IO #3/DEBUG] [net.minecraftforge.network.NetworkRegistry/NETREGISTRY]: Channel 'cosmeticarmorreworked:main' : Version test of '2' from client : ACCEPTED
[17Jun2025 01:46:32.035] [Netty Epoll Server IO #3/DEBUG] [net.minecraftforge.network.NetworkRegistry/NETREGISTRY]: Channel 'fml:play' : Version test of 'FML3' from client : ACCEPTED
[17Jun2025 01:46:32.035] [Netty Epoll Server IO #3/DEBUG] [net.minecraftforge.network.NetworkRegistry/NETREGISTRY]: Channel 'yungscavebiomes:messages' : Version test of '1.0' from client : ACCEPTED
[17Jun2025 01:46:32.035] [Netty Epoll Server IO #3/DEBUG] [net.minecraftforge.network.NetworkRegistry/NETREGISTRY]: Channel 'journeymap:admin_save' : Version test of '1' from client : ACCEPTED
[17Jun2025 01:46:32.035] [Netty Epoll Server IO #3/DEBUG] [net.minecraftforge.network.NetworkRegistry/NETREGISTRY]: Channel 'journeymap:player_loc' : Version test of '1' from client : ACCEPTED
[17Jun2025 01:46:32.035] [Netty Epoll Server IO #3/DEBUG] [net.minecraftforge.network.NetworkRegistry/NETREGISTRY]: Channel 'voicechat:request_secret' : Version test of 'ALLOWVANILLA 💓💓💓' from client : ACCEPTED
[17Jun2025 01:46:32.035] [Netty Epoll Server IO #3/DEBUG] [net.minecraftforge.network.NetworkRegistry/NETREGISTRY]: Channel 'sophisticatedcore:channel' : Version test of '1' from client : ACCEPTED
[17Jun2025 01:46:32.036] [Netty Epoll Server IO #3/DEBUG] [net.minecraftforge.network.NetworkRegistry/NETREGISTRY]: Channel 'journeymap:teleport_req' : Version test of '1' from client : ACCEPTED
[17Jun2025 01:46:32.036] [Netty Epoll Server IO #3/DEBUG] [net.minecraftforge.network.NetworkRegistry/NETREGISTRY]: Channel 'fml:handshake' : Version test of 'FML3' from client : ACCEPTED
[17Jun2025 01:46:32.036] [Netty Epoll Server IO #3/DEBUG] [net.minecraftforge.network.NetworkRegistry/NETREGISTRY]: Channel 'voicechat:remove_category' : Version test of 'ALLOWVANILLA 💓💓💓' from client : ACCEPTED
[17Jun2025 01:46:32.036] [Netty Epoll Server IO #3/DEBUG] [net.minecraftforge.network.NetworkRegistry/NETREGISTRY]: Channel 'voicechat:remove_group' : Version test of 'ALLOWVANILLA 💓💓💓' from client : ACCEPTED
[17Jun2025 01:46:32.036] [Netty Epoll Server IO #3/DEBUG] [net.minecraftforge.network.NetworkRegistry/NETREGISTRY]: Channel 'voicechat:add_category' : Version test of 'ALLOWVANILLA 💓💓💓' from client : ACCEPTED
[17Jun2025 01:46:32.036] [Netty Epoll Server IO #3/DEBUG] [net.minecraftforge.network.NetworkRegistry/NETREGISTRY]: Channel 'journeymap:common' : Version test of '1' from client : ACCEPTED
[17Jun2025 01:46:32.036] [Netty Epoll Server IO #3/DEBUG] [net.minecraftforge.network.NetworkRegistry/NETREGISTRY]: Channel 'minecraft:register' : Version test of 'FML3' from client : ACCEPTED
[17Jun2025 01:46:32.036] [Netty Epoll Server IO #3/DEBUG] [net.minecraftforge.network.NetworkRegistry/NETREGISTRY]: Channel 'forge:split' : Version test of '1.1' from client : ACCEPTED
[17Jun2025 01:46:32.036] [Netty Epoll Server IO #3/DEBUG] [net.minecraftforge.network.NetworkRegistry/NETREGISTRY]: Channel 'journeymap:perm_req' : Version test of '1' from client : ACCEPTED
[17Jun2025 01:46:32.036] [Netty Epoll Server IO #3/DEBUG] [net.minecraftforge.network.NetworkRegistry/NETREGISTRY]: Channel 'geckolib:main' : Version test of '1' from client : ACCEPTED
[17Jun2025 01:46:32.036] [Netty Epoll Server IO #3/DEBUG] [net.minecraftforge.network.NetworkRegistry/NETREGISTRY]: Channel 'waystones:network' : Version test of '1.0' from client : ACCEPTED
[17Jun2025 01:46:32.036] [Netty Epoll Server IO #3/DEBUG] [net.minecraftforge.network.NetworkRegistry/NETREGISTRY]: Channel 'moonlight:channel' : Version test of '0' from client : ACCEPTED
[17Jun2025 01:46:32.036] [Netty Epoll Server IO #3/DEBUG] [net.minecraftforge.network.NetworkRegistry/NETREGISTRY]: Accepting channel list from client
[17Jun2025 01:46:32.038] [Netty Epoll Server IO #3/DEBUG] [net.minecraftforge.network.HandshakeHandler/FMLHANDSHAKE]: Accepted client connection mod list
[17Jun2025 01:46:32.049] [Server thread/DEBUG] [net.minecraftforge.network.HandshakeHandler/FMLHANDSHAKE]: Sending ticking packet info 'Registry minecraft:villager_profession' to 'fml:handshake' sequence 6
[17Jun2025 01:46:32.057] [Netty Epoll Server IO #3/DEBUG] [net.minecraftforge.network.LoginWrapper/FMLHANDSHAKE]: Recieved login wrapper packet event for channel fml:handshake with index 2
[17Jun2025 01:46:32.057] [Netty Epoll Server IO #3/DEBUG] [net.minecraftforge.network.HandshakeHandler/FMLHANDSHAKE]: Received client indexed reply 2 of type net.minecraftforge.network.HandshakeMessages$C2SAcknowledge
[17Jun2025 01:46:32.057] [Netty Epoll Server IO #3/DEBUG] [net.minecraftforge.network.HandshakeHandler/FMLHANDSHAKE]: Received acknowledgement from client
[17Jun2025 01:46:32.099] [Server thread/DEBUG] [net.minecraftforge.network.HandshakeHandler/FMLHANDSHAKE]: Sending ticking packet info 'Registry minecraft:item' to 'fml:handshake' sequence 7
[17Jun2025 01:46:32.149] [Server thread/DEBUG] [net.minecraftforge.network.HandshakeHandler/FMLHANDSHAKE]: Sending ticking packet info 'Registry minecraft:potion' to 'fml:handshake' sequence 8
[17Jun2025 01:46:32.186] [Netty Epoll Server IO #3/DEBUG] [net.minecraftforge.network.LoginWrapper/FMLHANDSHAKE]: Recieved login wrapper packet event for channel fml:handshake with index 3
[17Jun2025 01:46:32.186] [Netty Epoll Server IO #3/DEBUG] [net.minecraftforge.network.HandshakeHandler/FMLHANDSHAKE]: Received client indexed reply 3 of type net.minecraftforge.network.HandshakeMessages$C2SAcknowledge
[17Jun2025 01:46:32.186] [Netty Epoll Server IO #3/DEBUG] [net.minecraftforge.network.HandshakeHandler/FMLHANDSHAKE]: Received acknowledgement from client
[17Jun2025 01:46:32.199] [Server thread/DEBUG] [net.minecraftforge.network.HandshakeHandler/FMLHANDSHAKE]: Sending ticking packet info 'Registry minecraft:painting_variant' to 'fml:handshake' sequence 9
[17Jun2025 01:46:32.249] [Server thread/DEBUG] [net.minecraftforge.network.HandshakeHandler/FMLHANDSHAKE]: Sending ticking packet info 'Registry forge:fluid_type' to 'fml:handshake' sequence 10
[17Jun2025 01:46:32.299] [Server thread/DEBUG] [net.minecraftforge.network.HandshakeHandler/FMLHANDSHAKE]: Sending ticking packet info 'Registry minecraft:block_entity_type' to 'fml:handshake' sequence 11
[17Jun2025 01:46:32.349] [Server thread/DEBUG] [net.minecraftforge.network.HandshakeHandler/FMLHANDSHAKE]: Sending ticking packet info 'Registry forge:display_contexts' to 'fml:handshake' sequence 12
[17Jun2025 01:46:32.399] [Server thread/DEBUG] [net.minecraftforge.network.HandshakeHandler/FMLHANDSHAKE]: Sending ticking packet info 'Registry minecraft:block' to 'fml:handshake' sequence 13
[17Jun2025 01:46:32.449] [Server thread/DEBUG] [net.minecraftforge.network.HandshakeHandler/FMLHANDSHAKE]: Sending ticking packet info 'Registry forge:entity_data_serializers' to 'fml:handshake' sequence 14
[17Jun2025 01:46:32.499] [Server thread/DEBUG] [net.minecraftforge.network.HandshakeHandler/FMLHANDSHAKE]: Sending ticking packet info 'Registry minecraft:mob_effect' to 'fml:handshake' sequence 15
[17Jun2025 01:46:32.550] [Server thread/DEBUG] [net.minecraftforge.network.HandshakeHandler/FMLHANDSHAKE]: Sending ticking packet info 'Registry minecraft:stat_type' to 'fml:handshake' sequence 16
[17Jun2025 01:46:32.599] [Server thread/DEBUG] [net.minecraftforge.network.HandshakeHandler/FMLHANDSHAKE]: Sending ticking packet info 'Registry tombstone:perks' to 'fml:handshake' sequence 17
[17Jun2025 01:46:32.649] [Server thread/DEBUG] [net.minecraftforge.network.HandshakeHandler/FMLHANDSHAKE]: Sending ticking packet info 'Registry minecraft:menu' to 'fml:handshake' sequence 18
[17Jun2025 01:46:32.699] [Server thread/DEBUG] [net.minecraftforge.network.HandshakeHandler/FMLHANDSHAKE]: Sending ticking packet info 'Registry minecraft:enchantment' to 'fml:handshake' sequence 19
[17Jun2025 01:46:32.749] [Server thread/DEBUG] [net.minecraftforge.network.HandshakeHandler/FMLHANDSHAKE]: Sending ticking packet info 'Registry minecraft:fluid' to 'fml:handshake' sequence 20
[17Jun2025 01:46:32.799] [Server thread/DEBUG] [net.minecraftforge.network.HandshakeHandler/FMLHANDSHAKE]: Sending ticking packet info 'Registry minecraft:entity_type' to 'fml:handshake' sequence 21
[17Jun2025 01:46:32.849] [Server thread/DEBUG] [net.minecraftforge.network.HandshakeHandler/FMLHANDSHAKE]: Sending ticking packet info 'Config journeymap-server.toml' to 'fml:handshake' sequence 22
[17Jun2025 01:46:32.899] [Server thread/DEBUG] [net.minecraftforge.network.HandshakeHandler/FMLHANDSHAKE]: Sending ticking packet info 'Config curios-server.toml' to 'fml:handshake' sequence 23
[17Jun2025 01:46:32.949] [Server thread/DEBUG] [net.minecraftforge.network.HandshakeHandler/FMLHANDSHAKE]: Sending ticking packet info 'Config tombstone-server.toml' to 'fml:handshake' sequence 24
[17Jun2025 01:46:32.999] [Server thread/DEBUG] [net.minecraftforge.network.HandshakeHandler/FMLHANDSHAKE]: Sending ticking packet info 'Config fastleafdecay-server.toml' to 'fml:handshake' sequence 25
[17Jun2025 01:46:33.049] [Server thread/DEBUG] [net.minecraftforge.network.HandshakeHandler/FMLHANDSHAKE]: Sending ticking packet info 'Config sophisticatedbackpacks-server.toml' to 'fml:handshake' sequence 26
[17Jun2025 01:46:33.063] [Netty Epoll Server IO #3/DEBUG] [net.minecraftforge.network.LoginWrapper/FMLHANDSHAKE]: Recieved login wrapper packet event for channel fml:handshake with index 4
[17Jun2025 01:46:33.063] [Netty Epoll Server IO #3/DEBUG] [net.minecraftforge.network.HandshakeHandler/FMLHANDSHAKE]: Received client indexed reply 4 of type net.minecraftforge.network.HandshakeMessages$C2SAcknowledge
[17Jun2025 01:46:33.063] [Netty Epoll Server IO #3/DEBUG] [net.minecraftforge.network.HandshakeHandler/FMLHANDSHAKE]: Received acknowledgement from client
[17Jun2025 01:46:33.070] [Netty Epoll Server IO #3/DEBUG] [net.minecraftforge.network.LoginWrapper/FMLHANDSHAKE]: Recieved login wrapper packet event for channel fml:handshake with index 5
[17Jun2025 01:46:33.070] [Netty Epoll Server IO #3/DEBUG] [net.minecraftforge.network.HandshakeHandler/FMLHANDSHAKE]: Received client indexed reply 5 of type net.minecraftforge.network.HandshakeMessages$C2SAcknowledge
[17Jun2025 01:46:33.070] [Netty Epoll Server IO #3/DEBUG] [net.minecraftforge.network.HandshakeHandler/FMLHANDSHAKE]: Received acknowledgement from client
[17Jun2025 01:46:33.071] [Netty Epoll Server IO #3/DEBUG] [net.minecraftforge.network.LoginWrapper/FMLHANDSHAKE]: Recieved login wrapper packet event for channel fml:handshake with index 6
[17Jun2025 01:46:33.071] [Netty Epoll Server IO #3/DEBUG] [net.minecraftforge.network.HandshakeHandler/FMLHANDSHAKE]: Received client indexed reply 6 of type net.minecraftforge.network.HandshakeMessages$C2SAcknowledge
[17Jun2025 01:46:33.071] [Netty Epoll Server IO #3/DEBUG] [net.minecraftforge.network.HandshakeHandler/FMLHANDSHAKE]: Received acknowledgement from client
[17Jun2025 01:46:33.099] [Server thread/DEBUG] [net.minecraftforge.network.HandshakeHandler/FMLHANDSHAKE]: Sending ticking packet info 'Config forge-server.toml' to 'fml:handshake' sequence 27
[17Jun2025 01:46:33.192] [Netty Epoll Server IO #4/DEBUG] [net.minecraftforge.network.HandshakeHandler/FMLHANDSHAKE]: Starting new modded impl connection. Found 28 messages to dispatch.
[17Jun2025 01:46:33.199] [Server thread/DEBUG] [net.minecraftforge.network.HandshakeHandler/FMLHANDSHAKE]: Sending ticking packet info 'net.minecraftforge.network.HandshakeMessages$S2CModData' to 'fml:handshake' sequence 0
[17Jun2025 01:46:33.249] [Server thread/DEBUG] [net.minecraftforge.network.HandshakeHandler/FMLHANDSHAKE]: Sending ticking packet info 'net.minecraftforge.network.HandshakeMessages$S2CModList' to 'fml:handshake' sequence 1
[17Jun2025 01:46:33.299] [Server thread/DEBUG] [net.minecraftforge.network.HandshakeHandler/FMLHANDSHAKE]: Sending ticking packet info 'Registry minecraft:command_argument_type' to 'fml:handshake' sequence 2
[17Jun2025 01:46:33.350] [Server thread/DEBUG] [net.minecraftforge.network.HandshakeHandler/FMLHANDSHAKE]: Sending ticking packet info 'Registry minecraft:recipe_serializer' to 'fml:handshake' sequence 3
[17Jun2025 01:46:33.399] [Server thread/DEBUG] [net.minecraftforge.network.HandshakeHandler/FMLHANDSHAKE]: Sending ticking packet info 'Registry minecraft:sound_event' to 'fml:handshake' sequence 4
[17Jun2025 01:46:33.449] [Server thread/DEBUG] [net.minecraftforge.network.HandshakeHandler/FMLHANDSHAKE]: Sending ticking packet info 'Registry minecraft:particle_type' to 'fml:handshake' sequence 5
[17Jun2025 01:46:33.499] [Server thread/DEBUG] [net.minecraftforge.network.HandshakeHandler/FMLHANDSHAKE]: Sending ticking packet info 'Registry minecraft:villager_profession' to 'fml:handshake' sequence 6
[17Jun2025 01:46:33.549] [Server thread/DEBUG] [net.minecraftforge.network.HandshakeHandler/FMLHANDSHAKE]: Sending ticking packet info 'Registry minecraft:item' to 'fml:handshake' sequence 7
[17Jun2025 01:46:33.599] [Server thread/DEBUG] [net.minecraftforge.network.HandshakeHandler/FMLHANDSHAKE]: Sending ticking packet info 'Registry minecraft:potion' to 'fml:handshake' sequence 8
[17Jun2025 01:46:33.649] [Server thread/DEBUG] [net.minecraftforge.network.HandshakeHandler/FMLHANDSHAKE]: Sending ticking packet info 'Registry minecraft:painting_variant' to 'fml:handshake' sequence 9
[17Jun2025 01:46:33.699] [Server thread/DEBUG] [net.minecraftforge.network.HandshakeHandler/FMLHANDSHAKE]: Sending ticking packet info 'Registry forge:fluid_type' to 'fml:handshake' sequence 10
[17Jun2025 01:46:33.749] [Server thread/DEBUG] [net.minecraftforge.network.HandshakeHandler/FMLHANDSHAKE]: Sending ticking packet info 'Registry minecraft:block_entity_type' to 'fml:handshake' sequence 11
[17Jun2025 01:46:33.799] [Server thread/DEBUG] [net.minecraftforge.network.HandshakeHandler/FMLHANDSHAKE]: Sending ticking packet info 'Registry forge:display_contexts' to 'fml:handshake' sequence 12
[17Jun2025 01:46:33.849] [Server thread/DEBUG] [net.minecraftforge.network.HandshakeHandler/FMLHANDSHAKE]: Sending ticking packet info 'Registry minecraft:block' to 'fml:handshake' sequence 13
[17Jun2025 01:46:33.899] [Server thread/DEBUG] [net.minecraftforge.network.HandshakeHandler/FMLHANDSHAKE]: Sending ticking packet info 'Registry forge:entity_data_serializers' to 'fml:handshake' sequence 14
[17Jun2025 01:46:33.949] [Server thread/DEBUG] [net.minecraftforge.network.HandshakeHandler/FMLHANDSHAKE]: Sending ticking packet info 'Registry minecraft:mob_effect' to 'fml:handshake' sequence 15
[17Jun2025 01:46:33.999] [Server thread/DEBUG] [net.minecraftforge.network.HandshakeHandler/FMLHANDSHAKE]: Sending ticking packet info 'Registry minecraft:stat_type' to 'fml:handshake' sequence 16
[17Jun2025 01:46:34.049] [Server thread/DEBUG] [net.minecraftforge.network.HandshakeHandler/FMLHANDSHAKE]: Sending ticking packet info 'Registry tombstone:perks' to 'fml:handshake' sequence 17
[17Jun2025 01:46:34.099] [Server thread/DEBUG] [net.minecraftforge.network.HandshakeHandler/FMLHANDSHAKE]: Sending ticking packet info 'Registry minecraft:menu' to 'fml:handshake' sequence 18
[17Jun2025 01:46:34.149] [Server thread/DEBUG] [net.minecraftforge.network.HandshakeHandler/FMLHANDSHAKE]: Sending ticking packet info 'Registry minecraft:enchantment' to 'fml:handshake' sequence 19
[17Jun2025 01:46:34.199] [Server thread/DEBUG] [net.minecraftforge.network.HandshakeHandler/FMLHANDSHAKE]: Sending ticking packet info 'Registry minecraft:fluid' to 'fml:handshake' sequence 20
[17Jun2025 01:46:34.249] [Server thread/DEBUG] [net.minecraftforge.network.HandshakeHandler/FMLHANDSHAKE]: Sending ticking packet info 'Registry minecraft:entity_type' to 'fml:handshake' sequence 21
[17Jun2025 01:46:34.299] [Server thread/DEBUG] [net.minecraftforge.network.HandshakeHandler/FMLHANDSHAKE]: Sending ticking packet info 'Config journeymap-server.toml' to 'fml:handshake' sequence 22
[17Jun2025 01:46:34.319] [Netty Epoll Server IO #3/DEBUG] [net.minecraftforge.network.LoginWrapper/FMLHANDSHAKE]: Recieved login wrapper packet event for channel fml:handshake with index 7
[17Jun2025 01:46:34.319] [Netty Epoll Server IO #3/DEBUG] [net.minecraftforge.network.HandshakeHandler/FMLHANDSHAKE]: Received client indexed reply 7 of type net.minecraftforge.network.HandshakeMessages$C2SAcknowledge
[17Jun2025 01:46:34.319] [Netty Epoll Server IO #3/DEBUG] [net.minecraftforge.network.HandshakeHandler/FMLHANDSHAKE]: Received acknowledgement from client
[17Jun2025 01:46:34.319] [Netty Epoll Server IO #3/DEBUG] [net.minecraftforge.network.LoginWrapper/FMLHANDSHAKE]: Recieved login wrapper packet event for channel fml:handshake with index 8
[17Jun2025 01:46:34.319] [Netty Epoll Server IO #3/DEBUG] [net.minecraftforge.network.HandshakeHandler/FMLHANDSHAKE]: Received client indexed reply 8 of type net.minecraftforge.network.HandshakeMessages$C2SAcknowledge
[17Jun2025 01:46:34.320] [Netty Epoll Server IO #3/DEBUG] [net.minecraftforge.network.HandshakeHandler/FMLHANDSHAKE]: Received acknowledgement from client
[17Jun2025 01:46:34.321] [Netty Epoll Server IO #3/DEBUG] [net.minecraftforge.network.LoginWrapper/FMLHANDSHAKE]: Recieved login wrapper packet event for channel fml:handshake with index 9
[17Jun2025 01:46:34.321] [Netty Epoll Server IO #3/DEBUG] [net.minecraftforge.network.HandshakeHandler/FMLHANDSHAKE]: Received client indexed reply 9 of type net.minecraftforge.network.HandshakeMessages$C2SAcknowledge
[17Jun2025 01:46:34.321] [Netty Epoll Server IO #3/DEBUG] [net.minecraftforge.network.HandshakeHandler/FMLHANDSHAKE]: Received acknowledgement from client
[17Jun2025 01:46:34.322] [Netty Epoll Server IO #3/DEBUG] [net.minecraftforge.network.LoginWrapper/FMLHANDSHAKE]: Recieved login wrapper packet event for channel fml:handshake with index 10
[17Jun2025 01:46:34.322] [Netty Epoll Server IO #3/DEBUG] [net.minecraftforge.network.HandshakeHandler/FMLHANDSHAKE]: Received client indexed reply 10 of type net.minecraftforge.network.HandshakeMessages$C2SAcknowledge
[17Jun2025 01:46:34.322] [Netty Epoll Server IO #3/DEBUG] [net.minecraftforge.network.HandshakeHandler/FMLHANDSHAKE]: Received acknowledgement from client
[17Jun2025 01:46:34.324] [Netty Epoll Server IO #3/DEBUG] [net.minecraftforge.network.LoginWrapper/FMLHANDSHAKE]: Recieved login wrapper packet event for channel fml:handshake with index 11
[17Jun2025 01:46:34.324] [Netty Epoll Server IO #3/DEBUG] [net.minecraftforge.network.HandshakeHandler/FMLHANDSHAKE]: Received client indexed reply 11 of type net.minecraftforge.network.HandshakeMessages$C2SAcknowledge
[17Jun2025 01:46:34.324] [Netty Epoll Server IO #3/DEBUG] [net.minecraftforge.network.HandshakeHandler/FMLHANDSHAKE]: Received acknowledgement from client
[17Jun2025 01:46:34.326] [Netty Epoll Server IO #3/DEBUG] [net.minecraftforge.network.LoginWrapper/FMLHANDSHAKE]: Recieved login wrapper packet event for channel fml:handshake with index 12
[17Jun2025 01:46:34.326] [Netty Epoll Server IO #3/DEBUG] [net.minecraftforge.network.HandshakeHandler/FMLHANDSHAKE]: Received client indexed reply 12 of type net.minecraftforge.network.HandshakeMessages$C2SAcknowledge
[17Jun2025 01:46:34.326] [Netty Epoll Server IO #3/DEBUG] [net.minecraftforge.network.HandshakeHandler/FMLHANDSHAKE]: Received acknowledgement from client
[17Jun2025 01:46:34.349] [Server thread/DEBUG] [net.minecraftforge.network.HandshakeHandler/FMLHANDSHAKE]: Sending ticking packet info 'Config curios-server.toml' to 'fml:handshake' sequence 23
[17Jun2025 01:46:34.399] [Server thread/DEBUG] [net.minecraftforge.network.HandshakeHandler/FMLHANDSHAKE]: Sending ticking packet info 'Config tombstone-server.toml' to 'fml:handshake' sequence 24
[17Jun2025 01:46:34.449] [Server thread/DEBUG] [net.minecraftforge.network.HandshakeHandler/FMLHANDSHAKE]: Sending ticking packet info 'Config fastleafdecay-server.toml' to 'fml:handshake' sequence 25
[17Jun2025 01:46:34.499] [Server thread/DEBUG] [net.minecraftforge.network.HandshakeHandler/FMLHANDSHAKE]: Sending ticking packet info 'Config sophisticatedbackpacks-server.toml' to 'fml:handshake' sequence 26
[17Jun2025 01:46:34.549] [Server thread/DEBUG] [net.minecraftforge.network.HandshakeHandler/FMLHANDSHAKE]: Sending ticking packet info 'Config forge-server.toml' to 'fml:handshake' sequence 27
[17Jun2025 01:46:35.125] [Netty Epoll Server IO #3/DEBUG] [net.minecraftforge.network.LoginWrapper/FMLHANDSHAKE]: Recieved login wrapper packet event for channel fml:handshake with index 13
[17Jun2025 01:46:35.125] [Netty Epoll Server IO #3/DEBUG] [net.minecraftforge.network.HandshakeHandler/FMLHANDSHAKE]: Received client indexed reply 13 of type net.minecraftforge.network.HandshakeMessages$C2SAcknowledge
[17Jun2025 01:46:35.125] [Netty Epoll Server IO #3/DEBUG] [net.minecraftforge.network.HandshakeHandler/FMLHANDSHAKE]: Received acknowledgement from client
[17Jun2025 01:46:35.126] [Netty Epoll Server IO #3/DEBUG] [net.minecraftforge.network.LoginWrapper/FMLHANDSHAKE]: Recieved login wrapper packet event for channel fml:handshake with index 14
[17Jun2025 01:46:35.126] [Netty Epoll Server IO #3/DEBUG] [net.minecraftforge.network.HandshakeHandler/FMLHANDSHAKE]: Received client indexed reply 14 of type net.minecraftforge.network.HandshakeMessages$C2SAcknowledge
[17Jun2025 01:46:35.126] [Netty Epoll Server IO #3/DEBUG] [net.minecraftforge.network.HandshakeHandler/FMLHANDSHAKE]: Received acknowledgement from client
[17Jun2025 01:46:35.126] [Netty Epoll Server IO #3/DEBUG] [net.minecraftforge.network.LoginWrapper/FMLHANDSHAKE]: Recieved login wrapper packet event for channel fml:handshake with index 15
[17Jun2025 01:46:35.126] [Netty Epoll Server IO #3/DEBUG] [net.minecraftforge.network.HandshakeHandler/FMLHANDSHAKE]: Received client indexed reply 15 of type net.minecraftforge.network.HandshakeMessages$C2SAcknowledge
[17Jun2025 01:46:35.126] [Netty Epoll Server IO #3/DEBUG] [net.minecraftforge.network.HandshakeHandler/FMLHANDSHAKE]: Received acknowledgement from client
[17Jun2025 01:46:35.127] [Netty Epoll Server IO #3/DEBUG] [net.minecraftforge.network.LoginWrapper/FMLHANDSHAKE]: Recieved login wrapper packet event for channel fml:handshake with index 16
[17Jun2025 01:46:35.127] [Netty Epoll Server IO #3/DEBUG] [net.minecraftforge.network.HandshakeHandler/FMLHANDSHAKE]: Received client indexed reply 16 of type net.minecraftforge.network.HandshakeMessages$C2SAcknowledge
[17Jun2025 01:46:35.127] [Netty Epoll Server IO #3/DEBUG] [net.minecraftforge.network.HandshakeHandler/FMLHANDSHAKE]: Received acknowledgement from client
[17Jun2025 01:46:35.127] [Netty Epoll Server IO #3/DEBUG] [net.minecraftforge.network.LoginWrapper/FMLHANDSHAKE]: Recieved login wrapper packet event for channel fml:handshake with index 17
[17Jun2025 01:46:35.127] [Netty Epoll Server IO #3/DEBUG] [net.minecraftforge.network.HandshakeHandler/FMLHANDSHAKE]: Received client indexed reply 17 of type net.minecraftforge.network.HandshakeMessages$C2SAcknowledge
[17Jun2025 01:46:35.128] [Netty Epoll Server IO #3/DEBUG] [net.minecraftforge.network.HandshakeHandler/FMLHANDSHAKE]: Received acknowledgement from client
[17Jun2025 01:46:35.128] [Netty Epoll Server IO #3/DEBUG] [net.minecraftforge.network.LoginWrapper/FMLHANDSHAKE]: Recieved login wrapper packet event for channel fml:handshake with index 18
[17Jun2025 01:46:35.128] [Netty Epoll Server IO #3/DEBUG] [net.minecraftforge.network.HandshakeHandler/FMLHANDSHAKE]: Received client indexed reply 18 of type net.minecraftforge.network.HandshakeMessages$C2SAcknowledge
[17Jun2025 01:46:35.128] [Netty Epoll Server IO #3/DEBUG] [net.minecraftforge.network.HandshakeHandler/FMLHANDSHAKE]: Received acknowledgement from client
[17Jun2025 01:46:35.272] [Netty Epoll Server IO #3/DEBUG] [net.minecraftforge.network.LoginWrapper/FMLHANDSHAKE]: Recieved login wrapper packet event for channel fml:handshake with index 19
[17Jun2025 01:46:35.272] [Netty Epoll Server IO #3/DEBUG] [net.minecraftforge.network.HandshakeHandler/FMLHANDSHAKE]: Received client indexed reply 19 of type net.minecraftforge.network.HandshakeMessages$C2SAcknowledge
[17Jun2025 01:46:35.272] [Netty Epoll Server IO #3/DEBUG] [net.minecraftforge.network.HandshakeHandler/FMLHANDSHAKE]: Received acknowledgement from client
[17Jun2025 01:46:35.272] [Netty Epoll Server IO #3/DEBUG] [net.minecraftforge.network.LoginWrapper/FMLHANDSHAKE]: Recieved login wrapper packet event for channel fml:handshake with index 20
[17Jun2025 01:46:35.272] [Netty Epoll Server IO #3/DEBUG] [net.minecraftforge.network.HandshakeHandler/FMLHANDSHAKE]: Received client indexed reply 20 of type net.minecraftforge.network.HandshakeMessages$C2SAcknowledge
[17Jun2025 01:46:35.272] [Netty Epoll Server IO #3/DEBUG] [net.minecraftforge.network.HandshakeHandler/FMLHANDSHAKE]: Received acknowledgement from client
[17Jun2025 01:46:36.966] [Netty Epoll Server IO #4/DEBUG] [net.minecraftforge.network.LoginWrapper/FMLHANDSHAKE]: Recieved login wrapper packet event for channel fml:handshake with index 1
[17Jun2025 01:46:36.967] [Netty Epoll Server IO #4/DEBUG] [net.minecraftforge.network.HandshakeHandler/FMLHANDSHAKE]: Received client indexed reply 1 of type net.minecraftforge.network.HandshakeMessages$C2SModListReply
[17Jun2025 01:46:36.967] [Netty Epoll Server IO #4/DEBUG] [net.minecraftforge.network.HandshakeHandler/FMLHANDSHAKE]: Received client connection with modlist [betterdungeons, kuma_api, betterwitchhuts, sodiumextras, geckolib, jei, connectivity, sophisticatedcore, gpumemleakfix, waystones, villagernames, journeymap, yungscavebiomes, citadel, artifacts, yungsapi, mixinextras, clientcrafting, bookshelf, sophisticatedbackpacks, betterdeserttemples, takesapillage, clickadv, balm, carryon, sodiumoptionsapi, betterfortresses, cloth_config, forge, travelerstitles, supplementaries, sodiumdynamiclights, konkrete, embeddium, rubidium, minecraft, alexscaves, voicechat, trade_cycling, enchdesc, terrablender, moonlight, fabric_api_base, mousetweaks, mixinsquared, born_in_chaos_v1, betterfpsdist, curios, collective, inventoryhud, betterstrongholds, tombstone, architectury, cupboard, biomemusic, betterendisland, justzoom, cosmeticarmorreworked, expandability, bettermineshafts, betterjungletemples]
[17Jun2025 01:46:36.967] [Netty Epoll Server IO #4/DEBUG] [net.minecraftforge.network.NetworkRegistry/NETREGISTRY]: Channel 'supplementaries:channel' : Version test of '0' from client : ACCEPTED
[17Jun2025 01:46:36.967] [Netty Epoll Server IO #4/DEBUG] [net.minecraftforge.network.NetworkRegistry/NETREGISTRY]: Channel 'alexscaves:main_channel' : Version test of '1' from client : ACCEPTED
[17Jun2025 01:46:36.967] [Netty Epoll Server IO #4/DEBUG] [net.minecraftforge.network.NetworkRegistry/NETREGISTRY]: Channel 'architectury:network' : Version test of '1' from client : ACCEPTED
[17Jun2025 01:46:36.967] [Netty Epoll Server IO #4/DEBUG] [net.minecraftforge.network.NetworkRegistry/NETREGISTRY]: Channel 'voicechat:secret' : Version test of 'ALLOWVANILLA 💓💓💓' from client : ACCEPTED
[17Jun2025 01:46:36.967] [Netty Epoll Server IO #4/DEBUG] [net.minecraftforge.network.NetworkRegistry/NETREGISTRY]: Channel 'voicechat:leave_group' : Version test of 'ALLOWVANILLA 💓💓💓' from client : ACCEPTED
[17Jun2025 01:46:36.967] [Netty Epoll Server IO #4/DEBUG] [net.minecraftforge.network.NetworkRegistry/NETREGISTRY]: Channel 'voicechat:create_group' : Version test of 'ALLOWVANILLA 💓💓💓' from client : ACCEPTED
[17Jun2025 01:46:36.967] [Netty Epoll Server IO #4/DEBUG] [net.minecraftforge.network.NetworkRegistry/NETREGISTRY]: Channel 'carryon:carryonpackets' : Version test of '1.0' from client : ACCEPTED
[17Jun2025 01:46:36.967] [Netty Epoll Server IO #4/DEBUG] [net.minecraftforge.network.NetworkRegistry/NETREGISTRY]: Channel 'minecraft:unregister' : Version test of 'FML3' from client : ACCEPTED
[17Jun2025 01:46:36.967] [Netty Epoll Server IO #4/DEBUG] [net.minecraftforge.network.NetworkRegistry/NETREGISTRY]: Channel 'sophisticatedbackpacks:channel' : Version test of '1' from client : ACCEPTED
[17Jun2025 01:46:36.967] [Netty Epoll Server IO #4/DEBUG] [net.minecraftforge.network.NetworkRegistry/NETREGISTRY]: Channel 'citadel:main_channel' : Version test of '1' from client : ACCEPTED
[17Jun2025 01:46:36.967] [Netty Epoll Server IO #4/DEBUG] [net.minecraftforge.network.NetworkRegistry/NETREGISTRY]: Channel 'born_in_chaos_v1:born_in_chaos_v1' : Version test of '1' from client : ACCEPTED
[17Jun2025 01:46:36.968] [Netty Epoll Server IO #4/DEBUG] [net.minecraftforge.network.NetworkRegistry/NETREGISTRY]: Channel 'journeymap:version' : Version test of '1' from client : ACCEPTED
[17Jun2025 01:46:36.968] [Netty Epoll Server IO #4/DEBUG] [net.minecraftforge.network.NetworkRegistry/NETREGISTRY]: Channel 'trade_cycling:cycle_trades' : Version test of 'ALLOWVANILLA 💓💓💓' from client : ACCEPTED
[17Jun2025 01:46:36.968] [Netty Epoll Server IO #4/DEBUG] [net.minecraftforge.network.NetworkRegistry/NETREGISTRY]: Channel 'voicechat:set_group' : Version test of 'ALLOWVANILLA 💓💓💓' from client : ACCEPTED
[17Jun2025 01:46:36.968] [Netty Epoll Server IO #4/DEBUG] [net.minecraftforge.network.NetworkRegistry/NETREGISTRY]: Channel 'voicechat:joined_group' : Version test of 'ALLOWVANILLA 💓💓💓' from client : ACCEPTED
[17Jun2025 01:46:36.968] [Netty Epoll Server IO #4/DEBUG] [net.minecraftforge.network.NetworkRegistry/NETREGISTRY]: Channel 'curios:main' : Version test of '1' from client : ACCEPTED
[17Jun2025 01:46:36.968] [Netty Epoll Server IO #4/DEBUG] [net.minecraftforge.network.NetworkRegistry/NETREGISTRY]: Channel 'worldinfo:world_id' : Version test of '1' from client : ACCEPTED
[17Jun2025 01:46:36.968] [Netty Epoll Server IO #4/DEBUG] [net.minecraftforge.network.NetworkRegistry/NETREGISTRY]: Channel 'voicechat:update_state' : Version test of 'ALLOWVANILLA 💓💓💓' from client : ACCEPTED
[17Jun2025 01:46:36.968] [Netty Epoll Server IO #4/DEBUG] [net.minecraftforge.network.NetworkRegistry/NETREGISTRY]: Channel 'voicechat:player_states' : Version test of 'ALLOWVANILLA 💓💓💓' from client : ACCEPTED
[17Jun2025 01:46:36.968] [Netty Epoll Server IO #4/DEBUG] [net.minecraftforge.network.NetworkRegistry/NETREGISTRY]: Channel 'balm:network' : Version test of '1.0' from client : ACCEPTED
[17Jun2025 01:46:36.968] [Netty Epoll Server IO #4/DEBUG] [net.minecraftforge.network.NetworkRegistry/NETREGISTRY]: Channel 'journeymap:admin_req' : Version test of '1' from client : ACCEPTED
[17Jun2025 01:46:36.968] [Netty Epoll Server IO #4/DEBUG] [net.minecraftforge.network.NetworkRegistry/NETREGISTRY]: Channel 'journeymap:waypoint' : Version test of '1' from client : ACCEPTED
[17Jun2025 01:46:36.968] [Netty Epoll Server IO #4/DEBUG] [net.minecraftforge.network.NetworkRegistry/NETREGISTRY]: Channel 'journeymap:mp_options_req' : Version test of '1' from client : ACCEPTED
[17Jun2025 01:46:36.968] [Netty Epoll Server IO #4/DEBUG] [net.minecraftforge.network.NetworkRegistry/NETREGISTRY]: Channel 'voicechat:add_group' : Version test of 'ALLOWVANILLA 💓💓💓' from client : ACCEPTED
[17Jun2025 01:46:36.968] [Netty Epoll Server IO #4/DEBUG] [net.minecraftforge.network.NetworkRegistry/NETREGISTRY]: Channel 'fml:loginwrapper' : Version test of 'FML3' from client : ACCEPTED
[17Jun2025 01:46:36.968] [Netty Epoll Server IO #4/DEBUG] [net.minecraftforge.network.NetworkRegistry/NETREGISTRY]: Channel 'forge:tier_sorting' : Version test of '1.0' from client : ACCEPTED
[17Jun2025 01:46:36.968] [Netty Epoll Server IO #4/DEBUG] [net.minecraftforge.network.NetworkRegistry/NETREGISTRY]: Channel 'voicechat:player_state' : Version test of 'ALLOWVANILLA 💓💓💓' from client : ACCEPTED
[17Jun2025 01:46:36.968] [Netty Epoll Server IO #4/DEBUG] [net.minecraftforge.network.NetworkRegistry/NETREGISTRY]: Channel 'tombstone:tombstone_channel' : Version test of 'tombstone-8.9.6' from client : ACCEPTED
[17Jun2025 01:46:36.968] [Netty Epoll Server IO #4/DEBUG] [net.minecraftforge.network.NetworkRegistry/NETREGISTRY]: Channel 'cosmeticarmorreworked:main' : Version test of '2' from client : ACCEPTED
[17Jun2025 01:46:36.969] [Netty Epoll Server IO #4/DEBUG] [net.minecraftforge.network.NetworkRegistry/NETREGISTRY]: Channel 'fml:play' : Version test of 'FML3' from client : ACCEPTED
[17Jun2025 01:46:36.969] [Netty Epoll Server IO #4/DEBUG] [net.minecraftforge.network.NetworkRegistry/NETREGISTRY]: Channel 'yungscavebiomes:messages' : Version test of '1.0' from client : ACCEPTED
[17Jun2025 01:46:36.969] [Netty Epoll Server IO #4/DEBUG] [net.minecraftforge.network.NetworkRegistry/NETREGISTRY]: Channel 'journeymap:admin_save' : Version test of '1' from client : ACCEPTED
[17Jun2025 01:46:36.969] [Netty Epoll Server IO #4/DEBUG] [net.minecraftforge.network.NetworkRegistry/NETREGISTRY]: Channel 'journeymap:player_loc' : Version test of '1' from client : ACCEPTED
[17Jun2025 01:46:36.969] [Netty Epoll Server IO #4/DEBUG] [net.minecraftforge.network.NetworkRegistry/NETREGISTRY]: Channel 'voicechat:request_secret' : Version test of 'ALLOWVANILLA 💓💓💓' from client : ACCEPTED
[17Jun2025 01:46:36.969] [Netty Epoll Server IO #4/DEBUG] [net.minecraftforge.network.NetworkRegistry/NETREGISTRY]: Channel 'sophisticatedcore:channel' : Version test of '1' from client : ACCEPTED
[17Jun2025 01:46:36.969] [Netty Epoll Server IO #4/DEBUG] [net.minecraftforge.network.NetworkRegistry/NETREGISTRY]: Channel 'journeymap:teleport_req' : Version test of '1' from client : ACCEPTED
[17Jun2025 01:46:36.969] [Netty Epoll Server IO #4/DEBUG] [net.minecraftforge.network.NetworkRegistry/NETREGISTRY]: Channel 'fml:handshake' : Version test of 'FML3' from client : ACCEPTED
[17Jun2025 01:46:36.969] [Netty Epoll Server IO #4/DEBUG] [net.minecraftforge.network.NetworkRegistry/NETREGISTRY]: Channel 'voicechat:remove_category' : Version test of 'ALLOWVANILLA 💓💓💓' from client : ACCEPTED
[17Jun2025 01:46:36.969] [Netty Epoll Server IO #4/DEBUG] [net.minecraftforge.network.NetworkRegistry/NETREGISTRY]: Channel 'voicechat:remove_group' : Version test of 'ALLOWVANILLA 💓💓💓' from client : ACCEPTED
[17Jun2025 01:46:36.969] [Netty Epoll Server IO #4/DEBUG] [net.minecraftforge.network.NetworkRegistry/NETREGISTRY]: Channel 'voicechat:add_category' : Version test of 'ALLOWVANILLA 💓💓💓' from client : ACCEPTED
[17Jun2025 01:46:36.969] [Netty Epoll Server IO #4/DEBUG] [net.minecraftforge.network.NetworkRegistry/NETREGISTRY]: Channel 'journeymap:common' : Version test of '1' from client : ACCEPTED
[17Jun2025 01:46:36.969] [Netty Epoll Server IO #4/DEBUG] [net.minecraftforge.network.NetworkRegistry/NETREGISTRY]: Channel 'minecraft:register' : Version test of 'FML3' from client : ACCEPTED
[17Jun2025 01:46:36.970] [Netty Epoll Server IO #4/DEBUG] [net.minecraftforge.network.NetworkRegistry/NETREGISTRY]: Channel 'forge:split' : Version test of '1.1' from client : ACCEPTED
[17Jun2025 01:46:36.970] [Netty Epoll Server IO #4/DEBUG] [net.minecraftforge.network.NetworkRegistry/NETREGISTRY]: Channel 'journeymap:perm_req' : Version test of '1' from client : ACCEPTED
[17Jun2025 01:46:36.970] [Netty Epoll Server IO #4/DEBUG] [net.minecraftforge.network.NetworkRegistry/NETREGISTRY]: Channel 'geckolib:main' : Version test of '1' from client : ACCEPTED
[17Jun2025 01:46:36.970] [Netty Epoll Server IO #4/DEBUG] [net.minecraftforge.network.NetworkRegistry/NETREGISTRY]: Channel 'waystones:network' : Version test of '1.0' from client : ACCEPTED
[17Jun2025 01:46:36.970] [Netty Epoll Server IO #4/DEBUG] [net.minecraftforge.network.NetworkRegistry/NETREGISTRY]: Channel 'moonlight:channel' : Version test of '0' from client : ACCEPTED
[17Jun2025 01:46:36.970] [Netty Epoll Server IO #4/DEBUG] [net.minecraftforge.network.NetworkRegistry/NETREGISTRY]: Accepting channel list from client
[17Jun2025 01:46:36.970] [Netty Epoll Server IO #4/DEBUG] [net.minecraftforge.network.HandshakeHandler/FMLHANDSHAKE]: Accepted client connection mod list
[17Jun2025 01:46:36.970] [Netty Epoll Server IO #4/DEBUG] [net.minecraftforge.network.LoginWrapper/FMLHANDSHAKE]: Recieved login wrapper packet event for channel fml:handshake with index 2
[17Jun2025 01:46:36.970] [Netty Epoll Server IO #4/DEBUG] [net.minecraftforge.network.HandshakeHandler/FMLHANDSHAKE]: Received client indexed reply 2 of type net.minecraftforge.network.HandshakeMessages$C2SAcknowledge
[17Jun2025 01:46:36.970] [Netty Epoll Server IO #4/DEBUG] [net.minecraftforge.network.HandshakeHandler/FMLHANDSHAKE]: Received acknowledgement from client
[17Jun2025 01:46:37.161] [Netty Epoll Server IO #4/DEBUG] [net.minecraftforge.network.LoginWrapper/FMLHANDSHAKE]: Recieved login wrapper packet event for channel fml:handshake with index 3
[17Jun2025 01:46:37.161] [Netty Epoll Server IO #4/DEBUG] [net.minecraftforge.network.HandshakeHandler/FMLHANDSHAKE]: Received client indexed reply 3 of type net.minecraftforge.network.HandshakeMessages$C2SAcknowledge
[17Jun2025 01:46:37.161] [Netty Epoll Server IO #4/DEBUG] [net.minecraftforge.network.HandshakeHandler/FMLHANDSHAKE]: Received acknowledgement from client
[17Jun2025 01:46:38.343] [Netty Epoll Server IO #3/DEBUG] [net.minecraftforge.network.LoginWrapper/FMLHANDSHAKE]: Recieved login wrapper packet event for channel fml:handshake with index 21
[17Jun2025 01:46:38.343] [Netty Epoll Server IO #3/DEBUG] [net.minecraftforge.network.HandshakeHandler/FMLHANDSHAKE]: Received client indexed reply 21 of type net.minecraftforge.network.HandshakeMessages$C2SAcknowledge
[17Jun2025 01:46:38.343] [Netty Epoll Server IO #3/DEBUG] [net.minecraftforge.network.HandshakeHandler/FMLHANDSHAKE]: Received acknowledgement from client
[17Jun2025 01:46:38.343] [Netty Epoll Server IO #3/DEBUG] [net.minecraftforge.network.LoginWrapper/FMLHANDSHAKE]: Recieved login wrapper packet event for channel fml:handshake with index 22
[17Jun2025 01:46:38.343] [Netty Epoll Server IO #3/DEBUG] [net.minecraftforge.network.HandshakeHandler/FMLHANDSHAKE]: Received client indexed reply 22 of type net.minecraftforge.network.HandshakeMessages$C2SAcknowledge
[17Jun2025 01:46:38.344] [Netty Epoll Server IO #3/DEBUG] [net.minecraftforge.network.HandshakeHandler/FMLHANDSHAKE]: Received acknowledgement from client
[17Jun2025 01:46:38.344] [Netty Epoll Server IO #3/DEBUG] [net.minecraftforge.network.LoginWrapper/FMLHANDSHAKE]: Recieved login wrapper packet event for channel fml:handshake with index 23
[17Jun2025 01:46:38.344] [Netty Epoll Server IO #3/DEBUG] [net.minecraftforge.network.HandshakeHandler/FMLHANDSHAKE]: Received client indexed reply 23 of type net.minecraftforge.network.HandshakeMessages$C2SAcknowledge
[17Jun2025 01:46:38.344] [Netty Epoll Server IO #3/DEBUG] [net.minecraftforge.network.HandshakeHandler/FMLHANDSHAKE]: Received acknowledgement from client
[17Jun2025 01:46:38.352] [Netty Epoll Server IO #3/DEBUG] [net.minecraftforge.network.LoginWrapper/FMLHANDSHAKE]: Recieved login wrapper packet event for channel fml:handshake with index 24
[17Jun2025 01:46:38.352] [Netty Epoll Server IO #3/DEBUG] [net.minecraftforge.network.HandshakeHandler/FMLHANDSHAKE]: Received client indexed reply 24 of type net.minecraftforge.network.HandshakeMessages$C2SAcknowledge
[17Jun2025 01:46:38.352] [Netty Epoll Server IO #3/DEBUG] [net.minecraftforge.network.HandshakeHandler/FMLHANDSHAKE]: Received acknowledgement from client
[17Jun2025 01:46:38.352] [Netty Epoll Server IO #3/DEBUG] [net.minecraftforge.network.LoginWrapper/FMLHANDSHAKE]: Recieved login wrapper packet event for channel fml:handshake with index 25
[17Jun2025 01:46:38.352] [Netty Epoll Server IO #3/DEBUG] [net.minecraftforge.network.HandshakeHandler/FMLHANDSHAKE]: Received client indexed reply 25 of type net.minecraftforge.network.HandshakeMessages$C2SAcknowledge
[17Jun2025 01:46:38.352] [Netty Epoll Server IO #3/DEBUG] [net.minecraftforge.network.HandshakeHandler/FMLHANDSHAKE]: Received acknowledgement from client
[17Jun2025 01:46:38.363] [Netty Epoll Server IO #3/DEBUG] [net.minecraftforge.network.LoginWrapper/FMLHANDSHAKE]: Recieved login wrapper packet event for channel fml:handshake with index 26
[17Jun2025 01:46:38.363] [Netty Epoll Server IO #3/DEBUG] [net.minecraftforge.network.HandshakeHandler/FMLHANDSHAKE]: Received client indexed reply 26 of type net.minecraftforge.network.HandshakeMessages$C2SAcknowledge
[17Jun2025 01:46:38.364] [Netty Epoll Server IO #3/DEBUG] [net.minecraftforge.network.HandshakeHandler/FMLHANDSHAKE]: Received acknowledgement from client
[17Jun2025 01:46:38.375] [Netty Epoll Server IO #3/DEBUG] [net.minecraftforge.network.LoginWrapper/FMLHANDSHAKE]: Recieved login wrapper packet event for channel fml:handshake with index 27
[17Jun2025 01:46:38.375] [Netty Epoll Server IO #3/DEBUG] [net.minecraftforge.network.HandshakeHandler/FMLHANDSHAKE]: Received client indexed reply 27 of type net.minecraftforge.network.HandshakeMessages$C2SAcknowledge
[17Jun2025 01:46:38.376] [Netty Epoll Server IO #3/DEBUG] [net.minecraftforge.network.HandshakeHandler/FMLHANDSHAKE]: Received acknowledgement from client
[17Jun2025 01:46:38.399] [Server thread/DEBUG] [net.minecraftforge.network.HandshakeHandler/FMLHANDSHAKE]: Handshake complete!
[17Jun2025 01:46:38.452] [Netty Epoll Server IO #3/DEBUG] [mixin/]: Mixing CompressionDecoderMixin from connectivity.mixins.json into net.minecraft.network.CompressionDecoder
[17Jun2025 01:46:38.455] [Netty Epoll Server IO #3/DEBUG] [mixin/]: Mixing CompressionEncoderMixin from connectivity.mixins.json into net.minecraft.network.CompressionEncoder
[17Jun2025 01:46:38.541] [Server thread/INFO] [net.minecraft.server.players.PlayerList/]: Benja_By[/100.101.28.28:46966] logged in with entity id 458 at (-742.1388586132813, 62.073264324665075, -1175.901109746094)
[17Jun2025 01:46:38.548] [Server thread/DEBUG] [net.minecraftforge.network.filters.NetworkFilters/]: Injected net.minecraftforge.network.filters.ForgeConnectionNetworkFilter@66f67cb7 into net.minecraft.network.Connection@405cd5e9
[17Jun2025 01:46:38.672] [Server thread/INFO] [net.minecraft.server.MinecraftServer/]: Benja_By joined the game
[17Jun2025 01:46:39.672] [Netty Epoll Server IO #4/DEBUG] [net.minecraftforge.network.LoginWrapper/FMLHANDSHAKE]: Recieved login wrapper packet event for channel fml:handshake with index 4
[17Jun2025 01:46:39.672] [Netty Epoll Server IO #4/DEBUG] [net.minecraftforge.network.HandshakeHandler/FMLHANDSHAKE]: Received client indexed reply 4 of type net.minecraftforge.network.HandshakeMessages$C2SAcknowledge
[17Jun2025 01:46:39.672] [Netty Epoll Server IO #4/DEBUG] [net.minecraftforge.network.HandshakeHandler/FMLHANDSHAKE]: Received acknowledgement from client
[17Jun2025 01:46:39.676] [Netty Epoll Server IO #4/DEBUG] [net.minecraftforge.network.LoginWrapper/FMLHANDSHAKE]: Recieved login wrapper packet event for channel fml:handshake with index 5
[17Jun2025 01:46:39.676] [Netty Epoll Server IO #4/DEBUG] [net.minecraftforge.network.HandshakeHandler/FMLHANDSHAKE]: Received client indexed reply 5 of type net.minecraftforge.network.HandshakeMessages$C2SAcknowledge
[17Jun2025 01:46:39.676] [Netty Epoll Server IO #4/DEBUG] [net.minecraftforge.network.HandshakeHandler/FMLHANDSHAKE]: Received acknowledgement from client
[17Jun2025 01:46:39.676] [Netty Epoll Server IO #4/DEBUG] [net.minecraftforge.network.LoginWrapper/FMLHANDSHAKE]: Recieved login wrapper packet event for channel fml:handshake with index 6
[17Jun2025 01:46:39.676] [Netty Epoll Server IO #4/DEBUG] [net.minecraftforge.network.HandshakeHandler/FMLHANDSHAKE]: Received client indexed reply 6 of type net.minecraftforge.network.HandshakeMessages$C2SAcknowledge
[17Jun2025 01:46:39.676] [Netty Epoll Server IO #4/DEBUG] [net.minecraftforge.network.HandshakeHandler/FMLHANDSHAKE]: Received acknowledgement from client
[17Jun2025 01:46:39.786] [Server thread/DEBUG] [voicechat/]: [voicechat] Setting default state of Benja_By: {disabled=false, disconnected=true, uuid=e72369cd-9bb9-39b7-803d-5fb0b0b53a20, name=Benja_By, group=null}
[17Jun2025 01:46:40.662] [Server thread/INFO] [voicechat/]: [voicechat] Received secret request of Benja_By (18)
[17Jun2025 01:46:40.663] [Server thread/DEBUG] [voicechat/]: [voicechat] Sending initial states to Benja_By
[17Jun2025 01:46:40.663] [Server thread/DEBUG] [voicechat/]: [voicechat] Synchronizing 0 groups with Benja_By
[17Jun2025 01:46:40.663] [Server thread/DEBUG] [voicechat/]: [voicechat] Synchronizing 0 volume categories with Benja_By
[17Jun2025 01:46:40.664] [Server thread/INFO] [voicechat/]: [voicechat] Sent secret to Benja_By
[17Jun2025 01:46:43.655] [Netty Epoll Server IO #4/DEBUG] [net.minecraftforge.network.LoginWrapper/FMLHANDSHAKE]: Recieved login wrapper packet event for channel fml:handshake with index 7
[17Jun2025 01:46:43.655] [Netty Epoll Server IO #4/DEBUG] [net.minecraftforge.network.HandshakeHandler/FMLHANDSHAKE]: Received client indexed reply 7 of type net.minecraftforge.network.HandshakeMessages$C2SAcknowledge
[17Jun2025 01:46:43.655] [Netty Epoll Server IO #4/DEBUG] [net.minecraftforge.network.HandshakeHandler/FMLHANDSHAKE]: Received acknowledgement from client
[17Jun2025 01:46:43.655] [Netty Epoll Server IO #4/DEBUG] [net.minecraftforge.network.LoginWrapper/FMLHANDSHAKE]: Recieved login wrapper packet event for channel fml:handshake with index 8
[17Jun2025 01:46:43.655] [Netty Epoll Server IO #4/DEBUG] [net.minecraftforge.network.HandshakeHandler/FMLHANDSHAKE]: Received client indexed reply 8 of type net.minecraftforge.network.HandshakeMessages$C2SAcknowledge
[17Jun2025 01:46:43.655] [Netty Epoll Server IO #4/DEBUG] [net.minecraftforge.network.HandshakeHandler/FMLHANDSHAKE]: Received acknowledgement from client
[17Jun2025 01:46:43.656] [Netty Epoll Server IO #4/DEBUG] [net.minecraftforge.network.LoginWrapper/FMLHANDSHAKE]: Recieved login wrapper packet event for channel fml:handshake with index 9
[17Jun2025 01:46:43.656] [Netty Epoll Server IO #4/DEBUG] [net.minecraftforge.network.HandshakeHandler/FMLHANDSHAKE]: Received client indexed reply 9 of type net.minecraftforge.network.HandshakeMessages$C2SAcknowledge
[17Jun2025 01:46:43.656] [Netty Epoll Server IO #4/DEBUG] [net.minecraftforge.network.HandshakeHandler/FMLHANDSHAKE]: Received acknowledgement from client
[17Jun2025 01:46:43.697] [Netty Epoll Server IO #4/DEBUG] [net.minecraftforge.network.LoginWrapper/FMLHANDSHAKE]: Recieved login wrapper packet event for channel fml:handshake with index 10
[17Jun2025 01:46:43.701] [Netty Epoll Server IO #4/DEBUG] [net.minecraftforge.network.HandshakeHandler/FMLHANDSHAKE]: Received client indexed reply 10 of type net.minecraftforge.network.HandshakeMessages$C2SAcknowledge
[17Jun2025 01:46:43.701] [Netty Epoll Server IO #4/DEBUG] [net.minecraftforge.network.HandshakeHandler/FMLHANDSHAKE]: Received acknowledgement from client
[17Jun2025 01:46:43.921] [Netty Epoll Server IO #4/DEBUG] [net.minecraftforge.network.LoginWrapper/FMLHANDSHAKE]: Recieved login wrapper packet event for channel fml:handshake with index 11
[17Jun2025 01:46:43.922] [Netty Epoll Server IO #4/DEBUG] [net.minecraftforge.network.HandshakeHandler/FMLHANDSHAKE]: Received client indexed reply 11 of type net.minecraftforge.network.HandshakeMessages$C2SAcknowledge
[17Jun2025 01:46:43.923] [Netty Epoll Server IO #4/DEBUG] [net.minecraftforge.network.HandshakeHandler/FMLHANDSHAKE]: Received acknowledgement from client
[17Jun2025 01:46:43.924] [Netty Epoll Server IO #4/DEBUG] [net.minecraftforge.network.LoginWrapper/FMLHANDSHAKE]: Recieved login wrapper packet event for channel fml:handshake with index 12
[17Jun2025 01:46:43.924] [Netty Epoll Server IO #4/DEBUG] [net.minecraftforge.network.HandshakeHandler/FMLHANDSHAKE]: Received client indexed reply 12 of type net.minecraftforge.network.HandshakeMessages$C2SAcknowledge
[17Jun2025 01:46:43.924] [Netty Epoll Server IO #4/DEBUG] [net.minecraftforge.network.HandshakeHandler/FMLHANDSHAKE]: Received acknowledgement from client
[17Jun2025 01:46:44.194] [Netty Epoll Server IO #3/DEBUG] [mixin/]: Mixing ChunkHolderMixin from supplementaries.mixins.json into net.minecraft.network.protocol.game.ClientboundLevelChunkPacketData$BlockEntityInfo
[17Jun2025 01:46:44.196] [Netty Epoll Server IO #3/DEBUG] [mixin/]: Renaming synthetic method lambda$sendBlockEntityCaps$2(Lnet/minecraft/world/level/block/entity/BlockEntity;Lnet/minecraft/server/level/ServerLevel;Lnet/minecraft/core/BlockPos;)V to md2eb031$lambda$sendBlockEntityCaps$2$0 in supplementaries.mixins.json:ChunkHolderMixin
[17Jun2025 01:46:44.196] [Netty Epoll Server IO #3/DEBUG] [mixin/]: Renaming synthetic method lambda$sendBlockEntityCaps$1(Lnet/minecraft/server/level/ServerLevel;Lnet/minecraft/core/BlockPos;Lnet/mehvahdjukaar/supplementaries/api/IAntiqueTextProvider;)V to md2eb031$lambda$sendBlockEntityCaps$1$1 in supplementaries.mixins.json:ChunkHolderMixin
[17Jun2025 01:46:44.197] [Netty Epoll Server IO #3/DEBUG] [mixin/]: Renaming synthetic method lambda$sendBlockEntityCaps$0(Lnet/minecraft/core/BlockPos;Lnet/mehvahdjukaar/supplementaries/api/IAntiqueTextProvider;Lnet/minecraft/server/level/ServerPlayer;)V to md2eb031$lambda$sendBlockEntityCaps$0$2 in supplementaries.mixins.json:ChunkHolderMixin
[17Jun2025 01:46:48.490] [Server thread/DEBUG] [mixin/]: Mixing swimming.FallLocationMixin from expandability-common.mixins.json into net.minecraft.world.damagesource.FallLocation
[17Jun2025 01:46:49.789] [VoiceChatPacketProcessingThread/INFO] [voicechat/]: [voicechat] Successfully authenticated player e72369cd-9bb9-39b7-803d-5fb0b0b53a20
[17Jun2025 01:46:51.840] [VoiceChatPacketProcessingThread/INFO] [voicechat/]: [voicechat] Successfully validated connection of player e72369cd-9bb9-39b7-803d-5fb0b0b53a20
[17Jun2025 01:46:51.841] [VoiceChatPacketProcessingThread/DEBUG] [voicechat/]: [voicechat] Set state of Benja_By to connected: {disabled=false, disconnected=false, uuid=e72369cd-9bb9-39b7-803d-5fb0b0b53a20, name=Benja_By, group=null}
[17Jun2025 01:46:51.850] [VoiceChatPacketProcessingThread/INFO] [voicechat/]: [voicechat] Player Benja_By (e72369cd-9bb9-39b7-803d-5fb0b0b53a20) successfully connected to voice chat
[17Jun2025 01:46:52.142] [Server thread/DEBUG] [voicechat/]: [voicechat] Got state of Benja_By: {disabled=false, disconnected=false, uuid=e72369cd-9bb9-39b7-803d-5fb0b0b53a20, name=Benja_By, group=null}
[17Jun2025 01:46:52.990] [Netty Epoll Server IO #4/DEBUG] [net.minecraftforge.network.LoginWrapper/FMLHANDSHAKE]: Recieved login wrapper packet event for channel fml:handshake with index 13
[17Jun2025 01:46:52.990] [Netty Epoll Server IO #4/DEBUG] [net.minecraftforge.network.HandshakeHandler/FMLHANDSHAKE]: Received client indexed reply 13 of type net.minecraftforge.network.HandshakeMessages$C2SAcknowledge
[17Jun2025 01:46:52.990] [Netty Epoll Server IO #4/DEBUG] [net.minecraftforge.network.HandshakeHandler/FMLHANDSHAKE]: Received acknowledgement from client
[17Jun2025 01:46:52.992] [Netty Epoll Server IO #4/DEBUG] [net.minecraftforge.network.LoginWrapper/FMLHANDSHAKE]: Recieved login wrapper packet event for channel fml:handshake with index 14
[17Jun2025 01:46:52.992] [Netty Epoll Server IO #4/DEBUG] [net.minecraftforge.network.HandshakeHandler/FMLHANDSHAKE]: Received client indexed reply 14 of type net.minecraftforge.network.HandshakeMessages$C2SAcknowledge
[17Jun2025 01:46:52.992] [Netty Epoll Server IO #4/DEBUG] [net.minecraftforge.network.HandshakeHandler/FMLHANDSHAKE]: Received acknowledgement from client
[17Jun2025 01:46:53.187] [Netty Epoll Server IO #4/DEBUG] [net.minecraftforge.network.LoginWrapper/FMLHANDSHAKE]: Recieved login wrapper packet event for channel fml:handshake with index 15
[17Jun2025 01:46:53.187] [Netty Epoll Server IO #4/DEBUG] [net.minecraftforge.network.HandshakeHandler/FMLHANDSHAKE]: Received client indexed reply 15 of type net.minecraftforge.network.HandshakeMessages$C2SAcknowledge
[17Jun2025 01:46:53.187] [Netty Epoll Server IO #4/DEBUG] [net.minecraftforge.network.HandshakeHandler/FMLHANDSHAKE]: Received acknowledgement from client
[17Jun2025 01:46:53.187] [Netty Epoll Server IO #4/DEBUG] [net.minecraftforge.network.LoginWrapper/FMLHANDSHAKE]: Recieved login wrapper packet event for channel fml:handshake with index 16
[17Jun2025 01:46:53.187] [Netty Epoll Server IO #4/DEBUG] [net.minecraftforge.network.HandshakeHandler/FMLHANDSHAKE]: Received client indexed reply 16 of type net.minecraftforge.network.HandshakeMessages$C2SAcknowledge
[17Jun2025 01:46:53.187] [Netty Epoll Server IO #4/DEBUG] [net.minecraftforge.network.HandshakeHandler/FMLHANDSHAKE]: Received acknowledgement from client
[17Jun2025 01:46:53.187] [Netty Epoll Server IO #4/DEBUG] [net.minecraftforge.network.LoginWrapper/FMLHANDSHAKE]: Recieved login wrapper packet event for channel fml:handshake with index 17
[17Jun2025 01:46:53.188] [Netty Epoll Server IO #4/DEBUG] [net.minecraftforge.network.HandshakeHandler/FMLHANDSHAKE]: Received client indexed reply 17 of type net.minecraftforge.network.HandshakeMessages$C2SAcknowledge
[17Jun2025 01:46:53.188] [Netty Epoll Server IO #4/DEBUG] [net.minecraftforge.network.HandshakeHandler/FMLHANDSHAKE]: Received acknowledgement from client
[17Jun2025 01:46:53.189] [Netty Epoll Server IO #4/DEBUG] [net.minecraftforge.network.LoginWrapper/FMLHANDSHAKE]: Recieved login wrapper packet event for channel fml:handshake with index 18
[17Jun2025 01:46:53.190] [Netty Epoll Server IO #4/DEBUG] [net.minecraftforge.network.HandshakeHandler/FMLHANDSHAKE]: Received client indexed reply 18 of type net.minecraftforge.network.HandshakeMessages$C2SAcknowledge
[17Jun2025 01:46:53.191] [Netty Epoll Server IO #4/DEBUG] [net.minecraftforge.network.HandshakeHandler/FMLHANDSHAKE]: Received acknowledgement from client
[17Jun2025 01:46:53.373] [Netty Epoll Server IO #4/DEBUG] [net.minecraftforge.network.LoginWrapper/FMLHANDSHAKE]: Recieved login wrapper packet event for channel fml:handshake with index 19
[17Jun2025 01:46:53.373] [Netty Epoll Server IO #4/DEBUG] [net.minecraftforge.network.HandshakeHandler/FMLHANDSHAKE]: Received client indexed reply 19 of type net.minecraftforge.network.HandshakeMessages$C2SAcknowledge
[17Jun2025 01:46:53.373] [Netty Epoll Server IO #4/DEBUG] [net.minecraftforge.network.HandshakeHandler/FMLHANDSHAKE]: Received acknowledgement from client
[17Jun2025 01:46:53.380] [Netty Epoll Server IO #4/DEBUG] [net.minecraftforge.network.LoginWrapper/FMLHANDSHAKE]: Recieved login wrapper packet event for channel fml:handshake with index 20
[17Jun2025 01:46:53.380] [Netty Epoll Server IO #4/DEBUG] [net.minecraftforge.network.HandshakeHandler/FMLHANDSHAKE]: Received client indexed reply 20 of type net.minecraftforge.network.HandshakeMessages$C2SAcknowledge
[17Jun2025 01:46:53.381] [Netty Epoll Server IO #4/DEBUG] [net.minecraftforge.network.HandshakeHandler/FMLHANDSHAKE]: Received acknowledgement from client
[17Jun2025 01:46:56.737] [Netty Epoll Server IO #4/DEBUG] [net.minecraftforge.network.LoginWrapper/FMLHANDSHAKE]: Recieved login wrapper packet event for channel fml:handshake with index 21
[17Jun2025 01:46:56.737] [Netty Epoll Server IO #4/DEBUG] [net.minecraftforge.network.HandshakeHandler/FMLHANDSHAKE]: Received client indexed reply 21 of type net.minecraftforge.network.HandshakeMessages$C2SAcknowledge
[17Jun2025 01:46:56.738] [Netty Epoll Server IO #4/DEBUG] [net.minecraftforge.network.HandshakeHandler/FMLHANDSHAKE]: Received acknowledgement from client
[17Jun2025 01:46:56.738] [Netty Epoll Server IO #4/DEBUG] [net.minecraftforge.network.LoginWrapper/FMLHANDSHAKE]: Recieved login wrapper packet event for channel fml:handshake with index 22
[17Jun2025 01:46:56.738] [Netty Epoll Server IO #4/DEBUG] [net.minecraftforge.network.HandshakeHandler/FMLHANDSHAKE]: Received client indexed reply 22 of type net.minecraftforge.network.HandshakeMessages$C2SAcknowledge
[17Jun2025 01:46:56.738] [Netty Epoll Server IO #4/DEBUG] [net.minecraftforge.network.HandshakeHandler/FMLHANDSHAKE]: Received acknowledgement from client
[17Jun2025 01:46:56.738] [Netty Epoll Server IO #4/DEBUG] [net.minecraftforge.network.LoginWrapper/FMLHANDSHAKE]: Recieved login wrapper packet event for channel fml:handshake with index 23
[17Jun2025 01:46:56.738] [Netty Epoll Server IO #4/DEBUG] [net.minecraftforge.network.HandshakeHandler/FMLHANDSHAKE]: Received client indexed reply 23 of type net.minecraftforge.network.HandshakeMessages$C2SAcknowledge
[17Jun2025 01:46:56.738] [Netty Epoll Server IO #4/DEBUG] [net.minecraftforge.network.HandshakeHandler/FMLHANDSHAKE]: Received acknowledgement from client
[17Jun2025 01:46:56.738] [Netty Epoll Server IO #4/DEBUG] [net.minecraftforge.network.LoginWrapper/FMLHANDSHAKE]: Recieved login wrapper packet event for channel fml:handshake with index 24
[17Jun2025 01:46:56.738] [Netty Epoll Server IO #4/DEBUG] [net.minecraftforge.network.HandshakeHandler/FMLHANDSHAKE]: Received client indexed reply 24 of type net.minecraftforge.network.HandshakeMessages$C2SAcknowledge
[17Jun2025 01:46:56.738] [Netty Epoll Server IO #4/DEBUG] [net.minecraftforge.network.HandshakeHandler/FMLHANDSHAKE]: Received acknowledgement from client
[17Jun2025 01:46:56.738] [Netty Epoll Server IO #4/DEBUG] [net.minecraftforge.network.LoginWrapper/FMLHANDSHAKE]: Recieved login wrapper packet event for channel fml:handshake with index 25
[17Jun2025 01:46:56.738] [Netty Epoll Server IO #4/DEBUG] [net.minecraftforge.network.HandshakeHandler/FMLHANDSHAKE]: Received client indexed reply 25 of type net.minecraftforge.network.HandshakeMessages$C2SAcknowledge
[17Jun2025 01:46:56.738] [Netty Epoll Server IO #4/DEBUG] [net.minecraftforge.network.HandshakeHandler/FMLHANDSHAKE]: Received acknowledgement from client
[17Jun2025 01:46:56.739] [Netty Epoll Server IO #4/DEBUG] [net.minecraftforge.network.LoginWrapper/FMLHANDSHAKE]: Recieved login wrapper packet event for channel fml:handshake with index 26
[17Jun2025 01:46:56.739] [Netty Epoll Server IO #4/DEBUG] [net.minecraftforge.network.HandshakeHandler/FMLHANDSHAKE]: Received client indexed reply 26 of type net.minecraftforge.network.HandshakeMessages$C2SAcknowledge
[17Jun2025 01:46:56.739] [Netty Epoll Server IO #4/DEBUG] [net.minecraftforge.network.HandshakeHandler/FMLHANDSHAKE]: Received acknowledgement from client
[17Jun2025 01:46:56.769] [Netty Epoll Server IO #4/DEBUG] [net.minecraftforge.network.LoginWrapper/FMLHANDSHAKE]: Recieved login wrapper packet event for channel fml:handshake with index 27
[17Jun2025 01:46:56.769] [Netty Epoll Server IO #4/DEBUG] [net.minecraftforge.network.HandshakeHandler/FMLHANDSHAKE]: Received client indexed reply 27 of type net.minecraftforge.network.HandshakeMessages$C2SAcknowledge
[17Jun2025 01:46:56.769] [Netty Epoll Server IO #4/DEBUG] [net.minecraftforge.network.HandshakeHandler/FMLHANDSHAKE]: Received acknowledgement from client
[17Jun2025 01:46:56.821] [Server thread/DEBUG] [net.minecraftforge.network.HandshakeHandler/FMLHANDSHAKE]: Handshake complete!
[17Jun2025 01:46:56.888] [Server thread/INFO] [net.minecraft.server.players.PlayerList/]: Meu_By[/100.86.66.124:64907] logged in with entity id 893 at (-740.2986595897282, 63.085764312744146, -1178.3966106283924)
[17Jun2025 01:46:56.889] [Server thread/DEBUG] [net.minecraftforge.network.filters.NetworkFilters/]: Injected net.minecraftforge.network.filters.ForgeConnectionNetworkFilter@5c187962 into net.minecraft.network.Connection@14f6e720
[17Jun2025 01:46:56.940] [Server thread/INFO] [net.minecraft.server.MinecraftServer/]: Meu_By joined the game
[17Jun2025 01:46:57.032] [Server thread/DEBUG] [voicechat/]: [voicechat] Setting default state of Meu_By: {disabled=false, disconnected=true, uuid=24dbc027-5eb5-387c-bce8-3d4102d97b9d, name=Meu_By, group=null}
[17Jun2025 01:46:59.484] [Server thread/INFO] [voicechat/]: [voicechat] Received secret request of Meu_By (18)
[17Jun2025 01:46:59.485] [Server thread/DEBUG] [voicechat/]: [voicechat] Sending initial states to Meu_By
[17Jun2025 01:46:59.485] [Server thread/DEBUG] [voicechat/]: [voicechat] Synchronizing 0 groups with Meu_By
[17Jun2025 01:46:59.485] [Server thread/DEBUG] [voicechat/]: [voicechat] Synchronizing 0 volume categories with Meu_By
[17Jun2025 01:46:59.485] [Server thread/INFO] [voicechat/]: [voicechat] Sent secret to Meu_By
[17Jun2025 01:47:11.109] [Server thread/DEBUG] [yungscavebiomes/]: Starting sandstorm in minecraft:the_end
[17Jun2025 01:47:36.680] [Server thread/INFO] [net.minecraft.server.network.ServerGamePacketListenerImpl/]: Benja_By lost connection: Disconnected
[17Jun2025 01:47:36.682] [Server thread/INFO] [net.minecraft.server.MinecraftServer/]: Benja_By left the game
[17Jun2025 01:47:36.690] [Server thread/DEBUG] [voicechat/]: [voicechat] Removing state of Benja_By
[17Jun2025 01:47:36.692] [Server thread/INFO] [voicechat/]: [voicechat] Disconnecting client Benja_By
[17Jun2025 01:47:36.738] [Server thread/WARN] [net.minecraft.network.Connection/]: handleDisconnection() called twice
[17Jun2025 01:47:36.874] [VoiceChatPacketProcessingThread/DEBUG] [voicechat/]: [voicechat] Player e72369cd-9bb9-39b7-803d-5fb0b0b53a20 does not have a secret
[17Jun2025 01:47:45.725] [Netty Epoll Server IO #6/DEBUG] [net.minecraftforge.network.HandshakeHandler/FMLHANDSHAKE]: Starting new modded impl connection. Found 28 messages to dispatch.
[17Jun2025 01:47:45.758] [Server thread/DEBUG] [net.minecraftforge.network.HandshakeHandler/FMLHANDSHAKE]: Sending ticking packet info 'net.minecraftforge.network.HandshakeMessages$S2CModData' to 'fml:handshake' sequence 0
[17Jun2025 01:47:45.809] [Server thread/DEBUG] [net.minecraftforge.network.HandshakeHandler/FMLHANDSHAKE]: Sending ticking packet info 'net.minecraftforge.network.HandshakeMessages$S2CModList' to 'fml:handshake' sequence 1
[17Jun2025 01:47:45.858] [Server thread/DEBUG] [net.minecraftforge.network.HandshakeHandler/FMLHANDSHAKE]: Sending ticking packet info 'Registry minecraft:command_argument_type' to 'fml:handshake' sequence 2
[17Jun2025 01:47:45.910] [Server thread/DEBUG] [net.minecraftforge.network.HandshakeHandler/FMLHANDSHAKE]: Sending ticking packet info 'Registry minecraft:recipe_serializer' to 'fml:handshake' sequence 3
[17Jun2025 01:47:45.962] [Server thread/DEBUG] [net.minecraftforge.network.HandshakeHandler/FMLHANDSHAKE]: Sending ticking packet info 'Registry minecraft:sound_event' to 'fml:handshake' sequence 4
[17Jun2025 01:47:46.009] [Server thread/DEBUG] [net.minecraftforge.network.HandshakeHandler/FMLHANDSHAKE]: Sending ticking packet info 'Registry minecraft:particle_type' to 'fml:handshake' sequence 5
[17Jun2025 01:47:46.060] [Server thread/DEBUG] [net.minecraftforge.network.HandshakeHandler/FMLHANDSHAKE]: Sending ticking packet info 'Registry minecraft:villager_profession' to 'fml:handshake' sequence 6
[17Jun2025 01:47:46.109] [Server thread/DEBUG] [net.minecraftforge.network.HandshakeHandler/FMLHANDSHAKE]: Sending ticking packet info 'Registry minecraft:item' to 'fml:handshake' sequence 7
[17Jun2025 01:47:46.160] [Server thread/DEBUG] [net.minecraftforge.network.HandshakeHandler/FMLHANDSHAKE]: Sending ticking packet info 'Registry minecraft:potion' to 'fml:handshake' sequence 8
[17Jun2025 01:47:46.208] [Server thread/DEBUG] [net.minecraftforge.network.HandshakeHandler/FMLHANDSHAKE]: Sending ticking packet info 'Registry minecraft:painting_variant' to 'fml:handshake' sequence 9
[17Jun2025 01:47:46.260] [Server thread/DEBUG] [net.minecraftforge.network.HandshakeHandler/FMLHANDSHAKE]: Sending ticking packet info 'Registry forge:fluid_type' to 'fml:handshake' sequence 10
[17Jun2025 01:47:46.308] [Server thread/DEBUG] [net.minecraftforge.network.HandshakeHandler/FMLHANDSHAKE]: Sending ticking packet info 'Registry minecraft:block_entity_type' to 'fml:handshake' sequence 11
[17Jun2025 01:47:46.361] [Server thread/DEBUG] [net.minecraftforge.network.HandshakeHandler/FMLHANDSHAKE]: Sending ticking packet info 'Registry forge:display_contexts' to 'fml:handshake' sequence 12
[17Jun2025 01:47:46.408] [Server thread/DEBUG] [net.minecraftforge.network.HandshakeHandler/FMLHANDSHAKE]: Sending ticking packet info 'Registry minecraft:block' to 'fml:handshake' sequence 13
[17Jun2025 01:47:46.458] [Server thread/DEBUG] [net.minecraftforge.network.HandshakeHandler/FMLHANDSHAKE]: Sending ticking packet info 'Registry forge:entity_data_serializers' to 'fml:handshake' sequence 14
[17Jun2025 01:47:46.463] [Netty Epoll Server IO #6/DEBUG] [net.minecraftforge.network.LoginWrapper/FMLHANDSHAKE]: Recieved login wrapper packet event for channel fml:handshake with index 1
[17Jun2025 01:47:46.463] [Netty Epoll Server IO #6/DEBUG] [net.minecraftforge.network.HandshakeHandler/FMLHANDSHAKE]: Received client indexed reply 1 of type net.minecraftforge.network.HandshakeMessages$C2SModListReply
[17Jun2025 01:47:46.464] [Netty Epoll Server IO #6/DEBUG] [net.minecraftforge.network.HandshakeHandler/FMLHANDSHAKE]: Received client connection with modlist [betterdungeons, kuma_api, betterwitchhuts, sodiumextras, geckolib, jei, connectivity, sophisticatedcore, gpumemleakfix, waystones, villagernames, journeymap, yungscavebiomes, citadel, artifacts, yungsapi, mixinextras, clientcrafting, bookshelf, sophisticatedbackpacks, betterdeserttemples, takesapillage, clickadv, balm, carryon, sodiumoptionsapi, betterfortresses, cloth_config, forge, travelerstitles, supplementaries, sodiumdynamiclights, konkrete, embeddium, rubidium, minecraft, alexscaves, voicechat, trade_cycling, enchdesc, terrablender, moonlight, fabric_api_base, mousetweaks, mixinsquared, born_in_chaos_v1, betterfpsdist, curios, collective, betterthirdperson, inventoryhud, betterstrongholds, tombstone, architectury, cupboard, biomemusic, betterendisland, justzoom, cosmeticarmorreworked, expandability, bettermineshafts, betterjungletemples]
[17Jun2025 01:47:46.464] [Netty Epoll Server IO #6/DEBUG] [net.minecraftforge.network.NetworkRegistry/NETREGISTRY]: Channel 'supplementaries:channel' : Version test of '0' from client : ACCEPTED
[17Jun2025 01:47:46.464] [Netty Epoll Server IO #6/DEBUG] [net.minecraftforge.network.NetworkRegistry/NETREGISTRY]: Channel 'alexscaves:main_channel' : Version test of '1' from client : ACCEPTED
[17Jun2025 01:47:46.464] [Netty Epoll Server IO #6/DEBUG] [net.minecraftforge.network.NetworkRegistry/NETREGISTRY]: Channel 'architectury:network' : Version test of '1' from client : ACCEPTED
[17Jun2025 01:47:46.464] [Netty Epoll Server IO #6/DEBUG] [net.minecraftforge.network.NetworkRegistry/NETREGISTRY]: Channel 'voicechat:secret' : Version test of 'ALLOWVANILLA 💓💓💓' from client : ACCEPTED
[17Jun2025 01:47:46.464] [Netty Epoll Server IO #6/DEBUG] [net.minecraftforge.network.NetworkRegistry/NETREGISTRY]: Channel 'voicechat:leave_group' : Version test of 'ALLOWVANILLA 💓💓💓' from client : ACCEPTED
[17Jun2025 01:47:46.464] [Netty Epoll Server IO #6/DEBUG] [net.minecraftforge.network.NetworkRegistry/NETREGISTRY]: Channel 'voicechat:create_group' : Version test of 'ALLOWVANILLA 💓💓💓' from client : ACCEPTED
[17Jun2025 01:47:46.464] [Netty Epoll Server IO #6/DEBUG] [net.minecraftforge.network.NetworkRegistry/NETREGISTRY]: Channel 'carryon:carryonpackets' : Version test of '1.0' from client : ACCEPTED
[17Jun2025 01:47:46.464] [Netty Epoll Server IO #6/DEBUG] [net.minecraftforge.network.NetworkRegistry/NETREGISTRY]: Channel 'minecraft:unregister' : Version test of 'FML3' from client : ACCEPTED
[17Jun2025 01:47:46.464] [Netty Epoll Server IO #6/DEBUG] [net.minecraftforge.network.NetworkRegistry/NETREGISTRY]: Channel 'sophisticatedbackpacks:channel' : Version test of '1' from client : ACCEPTED
[17Jun2025 01:47:46.464] [Netty Epoll Server IO #6/DEBUG] [net.minecraftforge.network.NetworkRegistry/NETREGISTRY]: Channel 'citadel:main_channel' : Version test of '1' from client : ACCEPTED
[17Jun2025 01:47:46.464] [Netty Epoll Server IO #6/DEBUG] [net.minecraftforge.network.NetworkRegistry/NETREGISTRY]: Channel 'born_in_chaos_v1:born_in_chaos_v1' : Version test of '1' from client : ACCEPTED
[17Jun2025 01:47:46.464] [Netty Epoll Server IO #6/DEBUG] [net.minecraftforge.network.NetworkRegistry/NETREGISTRY]: Channel 'journeymap:version' : Version test of '1' from client : ACCEPTED
[17Jun2025 01:47:46.465] [Netty Epoll Server IO #6/DEBUG] [net.minecraftforge.network.NetworkRegistry/NETREGISTRY]: Channel 'trade_cycling:cycle_trades' : Version test of 'ALLOWVANILLA 💓💓💓' from client : ACCEPTED
[17Jun2025 01:47:46.465] [Netty Epoll Server IO #6/DEBUG] [net.minecraftforge.network.NetworkRegistry/NETREGISTRY]: Channel 'voicechat:set_group' : Version test of 'ALLOWVANILLA 💓💓💓' from client : ACCEPTED
[17Jun2025 01:47:46.465] [Netty Epoll Server IO #6/DEBUG] [net.minecraftforge.network.NetworkRegistry/NETREGISTRY]: Channel 'voicechat:joined_group' : Version test of 'ALLOWVANILLA 💓💓💓' from client : ACCEPTED
[17Jun2025 01:47:46.465] [Netty Epoll Server IO #6/DEBUG] [net.minecraftforge.network.NetworkRegistry/NETREGISTRY]: Channel 'curios:main' : Version test of '1' from client : ACCEPTED
[17Jun2025 01:47:46.465] [Netty Epoll Server IO #6/DEBUG] [net.minecraftforge.network.NetworkRegistry/NETREGISTRY]: Channel 'worldinfo:world_id' : Version test of '1' from client : ACCEPTED
[17Jun2025 01:47:46.465] [Netty Epoll Server IO #6/DEBUG] [net.minecraftforge.network.NetworkRegistry/NETREGISTRY]: Channel 'voicechat:update_state' : Version test of 'ALLOWVANILLA 💓💓💓' from client : ACCEPTED
[17Jun2025 01:47:46.465] [Netty Epoll Server IO #6/DEBUG] [net.minecraftforge.network.NetworkRegistry/NETREGISTRY]: Channel 'voicechat:player_states' : Version test of 'ALLOWVANILLA 💓💓💓' from client : ACCEPTED
[17Jun2025 01:47:46.465] [Netty Epoll Server IO #6/DEBUG] [net.minecraftforge.network.NetworkRegistry/NETREGISTRY]: Channel 'balm:network' : Version test of '1.0' from client : ACCEPTED
[17Jun2025 01:47:46.465] [Netty Epoll Server IO #6/DEBUG] [net.minecraftforge.network.NetworkRegistry/NETREGISTRY]: Channel 'journeymap:admin_req' : Version test of '1' from client : ACCEPTED
[17Jun2025 01:47:46.465] [Netty Epoll Server IO #6/DEBUG] [net.minecraftforge.network.NetworkRegistry/NETREGISTRY]: Channel 'journeymap:waypoint' : Version test of '1' from client : ACCEPTED
[17Jun2025 01:47:46.465] [Netty Epoll Server IO #6/DEBUG] [net.minecraftforge.network.NetworkRegistry/NETREGISTRY]: Channel 'journeymap:mp_options_req' : Version test of '1' from client : ACCEPTED
[17Jun2025 01:47:46.465] [Netty Epoll Server IO #6/DEBUG] [net.minecraftforge.network.NetworkRegistry/NETREGISTRY]: Channel 'voicechat:add_group' : Version test of 'ALLOWVANILLA 💓💓💓' from client : ACCEPTED
[17Jun2025 01:47:46.465] [Netty Epoll Server IO #6/DEBUG] [net.minecraftforge.network.NetworkRegistry/NETREGISTRY]: Channel 'fml:loginwrapper' : Version test of 'FML3' from client : ACCEPTED
[17Jun2025 01:47:46.465] [Netty Epoll Server IO #6/DEBUG] [net.minecraftforge.network.NetworkRegistry/NETREGISTRY]: Channel 'forge:tier_sorting' : Version test of '1.0' from client : ACCEPTED
[17Jun2025 01:47:46.465] [Netty Epoll Server IO #6/DEBUG] [net.minecraftforge.network.NetworkRegistry/NETREGISTRY]: Channel 'voicechat:player_state' : Version test of 'ALLOWVANILLA 💓💓💓' from client : ACCEPTED
[17Jun2025 01:47:46.466] [Netty Epoll Server IO #6/DEBUG] [net.minecraftforge.network.NetworkRegistry/NETREGISTRY]: Channel 'tombstone:tombstone_channel' : Version test of 'tombstone-8.9.6' from client : ACCEPTED
[17Jun2025 01:47:46.466] [Netty Epoll Server IO #6/DEBUG] [net.minecraftforge.network.NetworkRegistry/NETREGISTRY]: Channel 'cosmeticarmorreworked:main' : Version test of '2' from client : ACCEPTED
[17Jun2025 01:47:46.466] [Netty Epoll Server IO #6/DEBUG] [net.minecraftforge.network.NetworkRegistry/NETREGISTRY]: Channel 'fml:play' : Version test of 'FML3' from client : ACCEPTED
[17Jun2025 01:47:46.466] [Netty Epoll Server IO #6/DEBUG] [net.minecraftforge.network.NetworkRegistry/NETREGISTRY]: Channel 'yungscavebiomes:messages' : Version test of '1.0' from client : ACCEPTED
[17Jun2025 01:47:46.466] [Netty Epoll Server IO #6/DEBUG] [net.minecraftforge.network.NetworkRegistry/NETREGISTRY]: Channel 'journeymap:admin_save' : Version test of '1' from client : ACCEPTED
[17Jun2025 01:47:46.466] [Netty Epoll Server IO #6/DEBUG] [net.minecraftforge.network.NetworkRegistry/NETREGISTRY]: Channel 'journeymap:player_loc' : Version test of '1' from client : ACCEPTED
[17Jun2025 01:47:46.466] [Netty Epoll Server IO #6/DEBUG] [net.minecraftforge.network.NetworkRegistry/NETREGISTRY]: Channel 'voicechat:request_secret' : Version test of 'ALLOWVANILLA 💓💓💓' from client : ACCEPTED
[17Jun2025 01:47:46.466] [Netty Epoll Server IO #6/DEBUG] [net.minecraftforge.network.NetworkRegistry/NETREGISTRY]: Channel 'sophisticatedcore:channel' : Version test of '1' from client : ACCEPTED
[17Jun2025 01:47:46.466] [Netty Epoll Server IO #6/DEBUG] [net.minecraftforge.network.NetworkRegistry/NETREGISTRY]: Channel 'journeymap:teleport_req' : Version test of '1' from client : ACCEPTED
[17Jun2025 01:47:46.466] [Netty Epoll Server IO #6/DEBUG] [net.minecraftforge.network.NetworkRegistry/NETREGISTRY]: Channel 'fml:handshake' : Version test of 'FML3' from client : ACCEPTED
[17Jun2025 01:47:46.466] [Netty Epoll Server IO #6/DEBUG] [net.minecraftforge.network.NetworkRegistry/NETREGISTRY]: Channel 'voicechat:remove_category' : Version test of 'ALLOWVANILLA 💓💓💓' from client : ACCEPTED
[17Jun2025 01:47:46.466] [Netty Epoll Server IO #6/DEBUG] [net.minecraftforge.network.NetworkRegistry/NETREGISTRY]: Channel 'voicechat:remove_group' : Version test of 'ALLOWVANILLA 💓💓💓' from client : ACCEPTED
[17Jun2025 01:47:46.466] [Netty Epoll Server IO #6/DEBUG] [net.minecraftforge.network.NetworkRegistry/NETREGISTRY]: Channel 'voicechat:add_category' : Version test of 'ALLOWVANILLA 💓💓💓' from client : ACCEPTED
[17Jun2025 01:47:46.466] [Netty Epoll Server IO #6/DEBUG] [net.minecraftforge.network.NetworkRegistry/NETREGISTRY]: Channel 'journeymap:common' : Version test of '1' from client : ACCEPTED
[17Jun2025 01:47:46.466] [Netty Epoll Server IO #6/DEBUG] [net.minecraftforge.network.NetworkRegistry/NETREGISTRY]: Channel 'minecraft:register' : Version test of 'FML3' from client : ACCEPTED
[17Jun2025 01:47:46.466] [Netty Epoll Server IO #6/DEBUG] [net.minecraftforge.network.NetworkRegistry/NETREGISTRY]: Channel 'forge:split' : Version test of '1.1' from client : ACCEPTED
[17Jun2025 01:47:46.466] [Netty Epoll Server IO #6/DEBUG] [net.minecraftforge.network.NetworkRegistry/NETREGISTRY]: Channel 'journeymap:perm_req' : Version test of '1' from client : ACCEPTED
[17Jun2025 01:47:46.467] [Netty Epoll Server IO #6/DEBUG] [net.minecraftforge.network.NetworkRegistry/NETREGISTRY]: Channel 'geckolib:main' : Version test of '1' from client : ACCEPTED
[17Jun2025 01:47:46.467] [Netty Epoll Server IO #6/DEBUG] [net.minecraftforge.network.NetworkRegistry/NETREGISTRY]: Channel 'waystones:network' : Version test of '1.0' from client : ACCEPTED
[17Jun2025 01:47:46.467] [Netty Epoll Server IO #6/DEBUG] [net.minecraftforge.network.NetworkRegistry/NETREGISTRY]: Channel 'moonlight:channel' : Version test of '0' from client : ACCEPTED
[17Jun2025 01:47:46.467] [Netty Epoll Server IO #6/DEBUG] [net.minecraftforge.network.NetworkRegistry/NETREGISTRY]: Accepting channel list from client
[17Jun2025 01:47:46.467] [Netty Epoll Server IO #6/DEBUG] [net.minecraftforge.network.HandshakeHandler/FMLHANDSHAKE]: Accepted client connection mod list
[17Jun2025 01:47:46.467] [Netty Epoll Server IO #6/DEBUG] [net.minecraftforge.network.LoginWrapper/FMLHANDSHAKE]: Recieved login wrapper packet event for channel fml:handshake with index 2
[17Jun2025 01:47:46.467] [Netty Epoll Server IO #6/DEBUG] [net.minecraftforge.network.HandshakeHandler/FMLHANDSHAKE]: Received client indexed reply 2 of type net.minecraftforge.network.HandshakeMessages$C2SAcknowledge
[17Jun2025 01:47:46.467] [Netty Epoll Server IO #6/DEBUG] [net.minecraftforge.network.HandshakeHandler/FMLHANDSHAKE]: Received acknowledgement from client
[17Jun2025 01:47:46.467] [Netty Epoll Server IO #6/DEBUG] [net.minecraftforge.network.LoginWrapper/FMLHANDSHAKE]: Recieved login wrapper packet event for channel fml:handshake with index 3
[17Jun2025 01:47:46.467] [Netty Epoll Server IO #6/DEBUG] [net.minecraftforge.network.HandshakeHandler/FMLHANDSHAKE]: Received client indexed reply 3 of type net.minecraftforge.network.HandshakeMessages$C2SAcknowledge
[17Jun2025 01:47:46.467] [Netty Epoll Server IO #6/DEBUG] [net.minecraftforge.network.HandshakeHandler/FMLHANDSHAKE]: Received acknowledgement from client
[17Jun2025 01:47:46.512] [Server thread/DEBUG] [net.minecraftforge.network.HandshakeHandler/FMLHANDSHAKE]: Sending ticking packet info 'Registry minecraft:mob_effect' to 'fml:handshake' sequence 15
[17Jun2025 01:47:46.602] [Server thread/DEBUG] [net.minecraftforge.network.HandshakeHandler/FMLHANDSHAKE]: Sending ticking packet info 'Registry minecraft:stat_type' to 'fml:handshake' sequence 16
[17Jun2025 01:47:46.614] [Server thread/DEBUG] [net.minecraftforge.network.HandshakeHandler/FMLHANDSHAKE]: Sending ticking packet info 'Registry tombstone:perks' to 'fml:handshake' sequence 17
[17Jun2025 01:47:46.665] [Server thread/DEBUG] [net.minecraftforge.network.HandshakeHandler/FMLHANDSHAKE]: Sending ticking packet info 'Registry minecraft:menu' to 'fml:handshake' sequence 18
[17Jun2025 01:47:46.714] [Server thread/DEBUG] [net.minecraftforge.network.HandshakeHandler/FMLHANDSHAKE]: Sending ticking packet info 'Registry minecraft:enchantment' to 'fml:handshake' sequence 19
[17Jun2025 01:47:46.761] [Server thread/DEBUG] [net.minecraftforge.network.HandshakeHandler/FMLHANDSHAKE]: Sending ticking packet info 'Registry minecraft:fluid' to 'fml:handshake' sequence 20
[17Jun2025 01:47:46.810] [Server thread/DEBUG] [net.minecraftforge.network.HandshakeHandler/FMLHANDSHAKE]: Sending ticking packet info 'Registry minecraft:entity_type' to 'fml:handshake' sequence 21
[17Jun2025 01:47:46.858] [Server thread/DEBUG] [net.minecraftforge.network.HandshakeHandler/FMLHANDSHAKE]: Sending ticking packet info 'Config journeymap-server.toml' to 'fml:handshake' sequence 22
[17Jun2025 01:47:46.909] [Server thread/DEBUG] [net.minecraftforge.network.HandshakeHandler/FMLHANDSHAKE]: Sending ticking packet info 'Config curios-server.toml' to 'fml:handshake' sequence 23
[17Jun2025 01:47:46.961] [Server thread/DEBUG] [net.minecraftforge.network.HandshakeHandler/FMLHANDSHAKE]: Sending ticking packet info 'Config tombstone-server.toml' to 'fml:handshake' sequence 24
[17Jun2025 01:47:47.008] [Server thread/DEBUG] [net.minecraftforge.network.HandshakeHandler/FMLHANDSHAKE]: Sending ticking packet info 'Config fastleafdecay-server.toml' to 'fml:handshake' sequence 25
[17Jun2025 01:47:47.057] [Server thread/DEBUG] [net.minecraftforge.network.HandshakeHandler/FMLHANDSHAKE]: Sending ticking packet info 'Config sophisticatedbackpacks-server.toml' to 'fml:handshake' sequence 26
[17Jun2025 01:47:47.107] [Server thread/DEBUG] [net.minecraftforge.network.HandshakeHandler/FMLHANDSHAKE]: Sending ticking packet info 'Config forge-server.toml' to 'fml:handshake' sequence 27
[17Jun2025 01:47:50.769] [Netty Epoll Server IO #6/DEBUG] [net.minecraftforge.network.LoginWrapper/FMLHANDSHAKE]: Recieved login wrapper packet event for channel fml:handshake with index 4
[17Jun2025 01:47:50.769] [Netty Epoll Server IO #6/DEBUG] [net.minecraftforge.network.HandshakeHandler/FMLHANDSHAKE]: Received client indexed reply 4 of type net.minecraftforge.network.HandshakeMessages$C2SAcknowledge
[17Jun2025 01:47:50.769] [Netty Epoll Server IO #6/DEBUG] [net.minecraftforge.network.HandshakeHandler/FMLHANDSHAKE]: Received acknowledgement from client
[17Jun2025 01:47:50.912] [Netty Epoll Server IO #6/DEBUG] [net.minecraftforge.network.LoginWrapper/FMLHANDSHAKE]: Recieved login wrapper packet event for channel fml:handshake with index 5
[17Jun2025 01:47:50.912] [Netty Epoll Server IO #6/DEBUG] [net.minecraftforge.network.HandshakeHandler/FMLHANDSHAKE]: Received client indexed reply 5 of type net.minecraftforge.network.HandshakeMessages$C2SAcknowledge
[17Jun2025 01:47:50.912] [Netty Epoll Server IO #6/DEBUG] [net.minecraftforge.network.HandshakeHandler/FMLHANDSHAKE]: Received acknowledgement from client
[17Jun2025 01:47:50.914] [Netty Epoll Server IO #6/DEBUG] [net.minecraftforge.network.LoginWrapper/FMLHANDSHAKE]: Recieved login wrapper packet event for channel fml:handshake with index 6
[17Jun2025 01:47:50.914] [Netty Epoll Server IO #6/DEBUG] [net.minecraftforge.network.HandshakeHandler/FMLHANDSHAKE]: Received client indexed reply 6 of type net.minecraftforge.network.HandshakeMessages$C2SAcknowledge
[17Jun2025 01:47:50.914] [Netty Epoll Server IO #6/DEBUG] [net.minecraftforge.network.HandshakeHandler/FMLHANDSHAKE]: Received acknowledgement from client
[17Jun2025 01:47:54.509] [Netty Epoll Server IO #6/DEBUG] [net.minecraftforge.network.LoginWrapper/FMLHANDSHAKE]: Recieved login wrapper packet event for channel fml:handshake with index 7
[17Jun2025 01:47:54.509] [Netty Epoll Server IO #6/DEBUG] [net.minecraftforge.network.HandshakeHandler/FMLHANDSHAKE]: Received client indexed reply 7 of type net.minecraftforge.network.HandshakeMessages$C2SAcknowledge
[17Jun2025 01:47:54.509] [Netty Epoll Server IO #6/DEBUG] [net.minecraftforge.network.HandshakeHandler/FMLHANDSHAKE]: Received acknowledgement from client
[17Jun2025 01:47:54.510] [Netty Epoll Server IO #6/DEBUG] [net.minecraftforge.network.LoginWrapper/FMLHANDSHAKE]: Recieved login wrapper packet event for channel fml:handshake with index 8
[17Jun2025 01:47:54.510] [Netty Epoll Server IO #6/DEBUG] [net.minecraftforge.network.HandshakeHandler/FMLHANDSHAKE]: Received client indexed reply 8 of type net.minecraftforge.network.HandshakeMessages$C2SAcknowledge
[17Jun2025 01:47:54.510] [Netty Epoll Server IO #6/DEBUG] [net.minecraftforge.network.HandshakeHandler/FMLHANDSHAKE]: Received acknowledgement from client
[17Jun2025 01:47:54.510] [Netty Epoll Server IO #6/DEBUG] [net.minecraftforge.network.LoginWrapper/FMLHANDSHAKE]: Recieved login wrapper packet event for channel fml:handshake with index 9
[17Jun2025 01:47:54.510] [Netty Epoll Server IO #6/DEBUG] [net.minecraftforge.network.HandshakeHandler/FMLHANDSHAKE]: Received client indexed reply 9 of type net.minecraftforge.network.HandshakeMessages$C2SAcknowledge
[17Jun2025 01:47:54.510] [Netty Epoll Server IO #6/DEBUG] [net.minecraftforge.network.HandshakeHandler/FMLHANDSHAKE]: Received acknowledgement from client
[17Jun2025 01:47:54.511] [Netty Epoll Server IO #6/DEBUG] [net.minecraftforge.network.LoginWrapper/FMLHANDSHAKE]: Recieved login wrapper packet event for channel fml:handshake with index 10
[17Jun2025 01:47:54.511] [Netty Epoll Server IO #6/DEBUG] [net.minecraftforge.network.HandshakeHandler/FMLHANDSHAKE]: Received client indexed reply 10 of type net.minecraftforge.network.HandshakeMessages$C2SAcknowledge
[17Jun2025 01:47:54.511] [Netty Epoll Server IO #6/DEBUG] [net.minecraftforge.network.HandshakeHandler/FMLHANDSHAKE]: Received acknowledgement from client
[17Jun2025 01:47:54.691] [Netty Epoll Server IO #6/DEBUG] [net.minecraftforge.network.LoginWrapper/FMLHANDSHAKE]: Recieved login wrapper packet event for channel fml:handshake with index 11
[17Jun2025 01:47:54.692] [Netty Epoll Server IO #6/DEBUG] [net.minecraftforge.network.HandshakeHandler/FMLHANDSHAKE]: Received client indexed reply 11 of type net.minecraftforge.network.HandshakeMessages$C2SAcknowledge
[17Jun2025 01:47:54.692] [Netty Epoll Server IO #6/DEBUG] [net.minecraftforge.network.HandshakeHandler/FMLHANDSHAKE]: Received acknowledgement from client
[17Jun2025 01:47:54.692] [Netty Epoll Server IO #6/DEBUG] [net.minecraftforge.network.LoginWrapper/FMLHANDSHAKE]: Recieved login wrapper packet event for channel fml:handshake with index 12
[17Jun2025 01:47:54.692] [Netty Epoll Server IO #6/DEBUG] [net.minecraftforge.network.HandshakeHandler/FMLHANDSHAKE]: Received client indexed reply 12 of type net.minecraftforge.network.HandshakeMessages$C2SAcknowledge
[17Jun2025 01:47:54.692] [Netty Epoll Server IO #6/DEBUG] [net.minecraftforge.network.HandshakeHandler/FMLHANDSHAKE]: Received acknowledgement from client
[17Jun2025 01:47:54.940] [Server thread/INFO] [net.minecraft.server.network.ServerGamePacketListenerImpl/]: Meu_By lost connection: Timed out
[17Jun2025 01:47:54.941] [Server thread/INFO] [net.minecraft.server.MinecraftServer/]: Meu_By left the game
[17Jun2025 01:47:54.942] [Server thread/DEBUG] [voicechat/]: [voicechat] Removing state of Meu_By
[17Jun2025 01:47:54.942] [Server thread/INFO] [voicechat/]: [voicechat] Disconnecting client Meu_By
[17Jun2025 01:47:54.968] [Server thread/WARN] [net.minecraft.network.Connection/]: handleDisconnection() called twice
[17Jun2025 01:47:57.149] [Netty Epoll Server IO #6/DEBUG] [net.minecraftforge.network.LoginWrapper/FMLHANDSHAKE]: Recieved login wrapper packet event for channel fml:handshake with index 13
[17Jun2025 01:47:57.150] [Netty Epoll Server IO #6/DEBUG] [net.minecraftforge.network.HandshakeHandler/FMLHANDSHAKE]: Received client indexed reply 13 of type net.minecraftforge.network.HandshakeMessages$C2SAcknowledge
[17Jun2025 01:47:57.150] [Netty Epoll Server IO #6/DEBUG] [net.minecraftforge.network.HandshakeHandler/FMLHANDSHAKE]: Received acknowledgement from client
[17Jun2025 01:47:57.150] [Netty Epoll Server IO #6/DEBUG] [net.minecraftforge.network.LoginWrapper/FMLHANDSHAKE]: Recieved login wrapper packet event for channel fml:handshake with index 14
[17Jun2025 01:47:57.150] [Netty Epoll Server IO #6/DEBUG] [net.minecraftforge.network.HandshakeHandler/FMLHANDSHAKE]: Received client indexed reply 14 of type net.minecraftforge.network.HandshakeMessages$C2SAcknowledge
[17Jun2025 01:47:57.150] [Netty Epoll Server IO #6/DEBUG] [net.minecraftforge.network.HandshakeHandler/FMLHANDSHAKE]: Received acknowledgement from client
[17Jun2025 01:47:57.336] [Netty Epoll Server IO #6/DEBUG] [net.minecraftforge.network.LoginWrapper/FMLHANDSHAKE]: Recieved login wrapper packet event for channel fml:handshake with index 15
[17Jun2025 01:47:57.337] [Netty Epoll Server IO #6/DEBUG] [net.minecraftforge.network.HandshakeHandler/FMLHANDSHAKE]: Received client indexed reply 15 of type net.minecraftforge.network.HandshakeMessages$C2SAcknowledge
[17Jun2025 01:47:57.337] [Netty Epoll Server IO #6/DEBUG] [net.minecraftforge.network.HandshakeHandler/FMLHANDSHAKE]: Received acknowledgement from client
[17Jun2025 01:47:57.337] [Netty Epoll Server IO #6/DEBUG] [net.minecraftforge.network.LoginWrapper/FMLHANDSHAKE]: Recieved login wrapper packet event for channel fml:handshake with index 16
[17Jun2025 01:47:57.337] [Netty Epoll Server IO #6/DEBUG] [net.minecraftforge.network.HandshakeHandler/FMLHANDSHAKE]: Received client indexed reply 16 of type net.minecraftforge.network.HandshakeMessages$C2SAcknowledge
[17Jun2025 01:47:57.337] [Netty Epoll Server IO #6/DEBUG] [net.minecraftforge.network.HandshakeHandler/FMLHANDSHAKE]: Received acknowledgement from client
[17Jun2025 01:47:57.337] [Netty Epoll Server IO #6/DEBUG] [net.minecraftforge.network.LoginWrapper/FMLHANDSHAKE]: Recieved login wrapper packet event for channel fml:handshake with index 17
[17Jun2025 01:47:57.337] [Netty Epoll Server IO #6/DEBUG] [net.minecraftforge.network.HandshakeHandler/FMLHANDSHAKE]: Received client indexed reply 17 of type net.minecraftforge.network.HandshakeMessages$C2SAcknowledge
[17Jun2025 01:47:57.337] [Netty Epoll Server IO #6/DEBUG] [net.minecraftforge.network.HandshakeHandler/FMLHANDSHAKE]: Received acknowledgement from client
[17Jun2025 01:47:57.337] [Netty Epoll Server IO #6/DEBUG] [net.minecraftforge.network.LoginWrapper/FMLHANDSHAKE]: Recieved login wrapper packet event for channel fml:handshake with index 18
[17Jun2025 01:47:57.337] [Netty Epoll Server IO #6/DEBUG] [net.minecraftforge.network.HandshakeHandler/FMLHANDSHAKE]: Received client indexed reply 18 of type net.minecraftforge.network.HandshakeMessages$C2SAcknowledge
[17Jun2025 01:47:57.337] [Netty Epoll Server IO #6/DEBUG] [net.minecraftforge.network.HandshakeHandler/FMLHANDSHAKE]: Received acknowledgement from client
[17Jun2025 01:47:57.371] [Netty Epoll Server IO #6/DEBUG] [net.minecraftforge.network.LoginWrapper/FMLHANDSHAKE]: Recieved login wrapper packet event for channel fml:handshake with index 19
[17Jun2025 01:47:57.371] [Netty Epoll Server IO #6/DEBUG] [net.minecraftforge.network.HandshakeHandler/FMLHANDSHAKE]: Received client indexed reply 19 of type net.minecraftforge.network.HandshakeMessages$C2SAcknowledge
[17Jun2025 01:47:57.371] [Netty Epoll Server IO #6/DEBUG] [net.minecraftforge.network.HandshakeHandler/FMLHANDSHAKE]: Received acknowledgement from client
[17Jun2025 01:47:57.379] [Netty Epoll Server IO #6/DEBUG] [net.minecraftforge.network.LoginWrapper/FMLHANDSHAKE]: Recieved login wrapper packet event for channel fml:handshake with index 20
[17Jun2025 01:47:57.379] [Netty Epoll Server IO #6/DEBUG] [net.minecraftforge.network.HandshakeHandler/FMLHANDSHAKE]: Received client indexed reply 20 of type net.minecraftforge.network.HandshakeMessages$C2SAcknowledge
[17Jun2025 01:47:57.379] [Netty Epoll Server IO #6/DEBUG] [net.minecraftforge.network.HandshakeHandler/FMLHANDSHAKE]: Received acknowledgement from client
[17Jun2025 01:48:01.051] [Netty Epoll Server IO #6/DEBUG] [net.minecraftforge.network.LoginWrapper/FMLHANDSHAKE]: Recieved login wrapper packet event for channel fml:handshake with index 21
[17Jun2025 01:48:01.051] [Netty Epoll Server IO #6/DEBUG] [net.minecraftforge.network.HandshakeHandler/FMLHANDSHAKE]: Received client indexed reply 21 of type net.minecraftforge.network.HandshakeMessages$C2SAcknowledge
[17Jun2025 01:48:01.051] [Netty Epoll Server IO #6/DEBUG] [net.minecraftforge.network.HandshakeHandler/FMLHANDSHAKE]: Received acknowledgement from client
[17Jun2025 01:48:01.053] [Netty Epoll Server IO #6/DEBUG] [net.minecraftforge.network.LoginWrapper/FMLHANDSHAKE]: Recieved login wrapper packet event for channel fml:handshake with index 22
[17Jun2025 01:48:01.053] [Netty Epoll Server IO #6/DEBUG] [net.minecraftforge.network.HandshakeHandler/FMLHANDSHAKE]: Received client indexed reply 22 of type net.minecraftforge.network.HandshakeMessages$C2SAcknowledge
[17Jun2025 01:48:01.053] [Netty Epoll Server IO #6/DEBUG] [net.minecraftforge.network.HandshakeHandler/FMLHANDSHAKE]: Received acknowledgement from client
[17Jun2025 01:48:01.053] [Netty Epoll Server IO #6/DEBUG] [net.minecraftforge.network.LoginWrapper/FMLHANDSHAKE]: Recieved login wrapper packet event for channel fml:handshake with index 23
[17Jun2025 01:48:01.053] [Netty Epoll Server IO #6/DEBUG] [net.minecraftforge.network.HandshakeHandler/FMLHANDSHAKE]: Received client indexed reply 23 of type net.minecraftforge.network.HandshakeMessages$C2SAcknowledge
[17Jun2025 01:48:01.053] [Netty Epoll Server IO #6/DEBUG] [net.minecraftforge.network.HandshakeHandler/FMLHANDSHAKE]: Received acknowledgement from client
[17Jun2025 01:48:01.056] [Netty Epoll Server IO #6/DEBUG] [net.minecraftforge.network.LoginWrapper/FMLHANDSHAKE]: Recieved login wrapper packet event for channel fml:handshake with index 24
[17Jun2025 01:48:01.056] [Netty Epoll Server IO #6/DEBUG] [net.minecraftforge.network.HandshakeHandler/FMLHANDSHAKE]: Received client indexed reply 24 of type net.minecraftforge.network.HandshakeMessages$C2SAcknowledge
[17Jun2025 01:48:01.056] [Netty Epoll Server IO #6/DEBUG] [net.minecraftforge.network.HandshakeHandler/FMLHANDSHAKE]: Received acknowledgement from client
[17Jun2025 01:48:01.057] [Netty Epoll Server IO #6/DEBUG] [net.minecraftforge.network.LoginWrapper/FMLHANDSHAKE]: Recieved login wrapper packet event for channel fml:handshake with index 25
[17Jun2025 01:48:01.057] [Netty Epoll Server IO #6/DEBUG] [net.minecraftforge.network.HandshakeHandler/FMLHANDSHAKE]: Received client indexed reply 25 of type net.minecraftforge.network.HandshakeMessages$C2SAcknowledge
[17Jun2025 01:48:01.057] [Netty Epoll Server IO #6/DEBUG] [net.minecraftforge.network.HandshakeHandler/FMLHANDSHAKE]: Received acknowledgement from client
[17Jun2025 01:48:01.066] [Netty Epoll Server IO #6/DEBUG] [net.minecraftforge.network.LoginWrapper/FMLHANDSHAKE]: Recieved login wrapper packet event for channel fml:handshake with index 26
[17Jun2025 01:48:01.066] [Netty Epoll Server IO #6/DEBUG] [net.minecraftforge.network.HandshakeHandler/FMLHANDSHAKE]: Received client indexed reply 26 of type net.minecraftforge.network.HandshakeMessages$C2SAcknowledge
[17Jun2025 01:48:01.066] [Netty Epoll Server IO #6/DEBUG] [net.minecraftforge.network.HandshakeHandler/FMLHANDSHAKE]: Received acknowledgement from client
[17Jun2025 01:48:01.066] [Netty Epoll Server IO #6/DEBUG] [net.minecraftforge.network.LoginWrapper/FMLHANDSHAKE]: Recieved login wrapper packet event for channel fml:handshake with index 27
[17Jun2025 01:48:01.067] [Netty Epoll Server IO #6/DEBUG] [net.minecraftforge.network.HandshakeHandler/FMLHANDSHAKE]: Received client indexed reply 27 of type net.minecraftforge.network.HandshakeMessages$C2SAcknowledge
[17Jun2025 01:48:01.067] [Netty Epoll Server IO #6/DEBUG] [net.minecraftforge.network.HandshakeHandler/FMLHANDSHAKE]: Received acknowledgement from client
[17Jun2025 01:48:01.100] [Server thread/DEBUG] [net.minecraftforge.network.HandshakeHandler/FMLHANDSHAKE]: Handshake complete!
[17Jun2025 01:48:01.167] [Server thread/INFO] [net.minecraft.server.players.PlayerList/]: Benja_By[/100.101.28.28:33076] logged in with entity id 1047 at (-721.6875, 63.085764312744146, -1195.3125)
[17Jun2025 01:48:01.168] [Server thread/DEBUG] [net.minecraftforge.network.filters.NetworkFilters/]: Injected net.minecraftforge.network.filters.ForgeConnectionNetworkFilter@6b8a19c7 into net.minecraft.network.Connection@45579727
[17Jun2025 01:48:01.192] [Server thread/INFO] [net.minecraft.server.MinecraftServer/]: Benja_By joined the game
[17Jun2025 01:48:01.207] [Server thread/DEBUG] [voicechat/]: [voicechat] Setting default state of Benja_By: {disabled=false, disconnected=true, uuid=e72369cd-9bb9-39b7-803d-5fb0b0b53a20, name=Benja_By, group=null}
[17Jun2025 01:48:01.982] [Server thread/INFO] [voicechat/]: [voicechat] Received secret request of Benja_By (18)
[17Jun2025 01:48:01.983] [Server thread/DEBUG] [voicechat/]: [voicechat] Sending initial states to Benja_By
[17Jun2025 01:48:01.984] [Server thread/DEBUG] [voicechat/]: [voicechat] Synchronizing 0 groups with Benja_By
[17Jun2025 01:48:01.984] [Server thread/DEBUG] [voicechat/]: [voicechat] Synchronizing 0 volume categories with Benja_By
[17Jun2025 01:48:01.985] [Server thread/INFO] [voicechat/]: [voicechat] Sent secret to Benja_By
[17Jun2025 01:48:04.902] [Netty Epoll Server IO #0/DEBUG] [net.minecraftforge.network.HandshakeHandler/FMLHANDSHAKE]: Starting new modded impl connection. Found 28 messages to dispatch.
[17Jun2025 01:48:04.933] [Server thread/DEBUG] [net.minecraftforge.network.HandshakeHandler/FMLHANDSHAKE]: Sending ticking packet info 'net.minecraftforge.network.HandshakeMessages$S2CModData' to 'fml:handshake' sequence 0
[17Jun2025 01:48:04.966] [Server thread/DEBUG] [net.minecraftforge.network.HandshakeHandler/FMLHANDSHAKE]: Sending ticking packet info 'net.minecraftforge.network.HandshakeMessages$S2CModList' to 'fml:handshake' sequence 1
[17Jun2025 01:48:05.011] [Server thread/DEBUG] [net.minecraftforge.network.HandshakeHandler/FMLHANDSHAKE]: Sending ticking packet info 'Registry minecraft:command_argument_type' to 'fml:handshake' sequence 2
[17Jun2025 01:48:05.060] [Server thread/DEBUG] [net.minecraftforge.network.HandshakeHandler/FMLHANDSHAKE]: Sending ticking packet info 'Registry minecraft:recipe_serializer' to 'fml:handshake' sequence 3
[17Jun2025 01:48:05.118] [Server thread/DEBUG] [net.minecraftforge.network.HandshakeHandler/FMLHANDSHAKE]: Sending ticking packet info 'Registry minecraft:sound_event' to 'fml:handshake' sequence 4
[17Jun2025 01:48:05.163] [Server thread/DEBUG] [net.minecraftforge.network.HandshakeHandler/FMLHANDSHAKE]: Sending ticking packet info 'Registry minecraft:particle_type' to 'fml:handshake' sequence 5
[17Jun2025 01:48:05.227] [Server thread/DEBUG] [net.minecraftforge.network.HandshakeHandler/FMLHANDSHAKE]: Sending ticking packet info 'Registry minecraft:villager_profession' to 'fml:handshake' sequence 6
[17Jun2025 01:48:05.270] [Server thread/DEBUG] [net.minecraftforge.network.HandshakeHandler/FMLHANDSHAKE]: Sending ticking packet info 'Registry minecraft:item' to 'fml:handshake' sequence 7
[17Jun2025 01:48:05.313] [Server thread/DEBUG] [net.minecraftforge.network.HandshakeHandler/FMLHANDSHAKE]: Sending ticking packet info 'Registry minecraft:potion' to 'fml:handshake' sequence 8
[17Jun2025 01:48:05.361] [Server thread/DEBUG] [net.minecraftforge.network.HandshakeHandler/FMLHANDSHAKE]: Sending ticking packet info 'Registry minecraft:painting_variant' to 'fml:handshake' sequence 9
[17Jun2025 01:48:05.417] [Server thread/DEBUG] [net.minecraftforge.network.HandshakeHandler/FMLHANDSHAKE]: Sending ticking packet info 'Registry forge:fluid_type' to 'fml:handshake' sequence 10
[17Jun2025 01:48:05.462] [Server thread/DEBUG] [net.minecraftforge.network.HandshakeHandler/FMLHANDSHAKE]: Sending ticking packet info 'Registry minecraft:block_entity_type' to 'fml:handshake' sequence 11
[17Jun2025 01:48:05.524] [Server thread/DEBUG] [net.minecraftforge.network.HandshakeHandler/FMLHANDSHAKE]: Sending ticking packet info 'Registry forge:display_contexts' to 'fml:handshake' sequence 12
[17Jun2025 01:48:05.561] [Server thread/DEBUG] [net.minecraftforge.network.HandshakeHandler/FMLHANDSHAKE]: Sending ticking packet info 'Registry minecraft:block' to 'fml:handshake' sequence 13
[17Jun2025 01:48:05.578] [Netty Epoll Server IO #0/DEBUG] [net.minecraftforge.network.LoginWrapper/FMLHANDSHAKE]: Recieved login wrapper packet event for channel fml:handshake with index 1
[17Jun2025 01:48:05.578] [Netty Epoll Server IO #0/DEBUG] [net.minecraftforge.network.HandshakeHandler/FMLHANDSHAKE]: Received client indexed reply 1 of type net.minecraftforge.network.HandshakeMessages$C2SModListReply
[17Jun2025 01:48:05.578] [Netty Epoll Server IO #0/DEBUG] [net.minecraftforge.network.HandshakeHandler/FMLHANDSHAKE]: Received client connection with modlist [betterdungeons, kuma_api, betterwitchhuts, sodiumextras, geckolib, jei, connectivity, sophisticatedcore, gpumemleakfix, waystones, villagernames, journeymap, yungscavebiomes, citadel, artifacts, yungsapi, mixinextras, clientcrafting, bookshelf, sophisticatedbackpacks, betterdeserttemples, takesapillage, clickadv, balm, carryon, sodiumoptionsapi, betterfortresses, cloth_config, forge, travelerstitles, supplementaries, sodiumdynamiclights, konkrete, embeddium, rubidium, minecraft, alexscaves, voicechat, trade_cycling, enchdesc, terrablender, moonlight, fabric_api_base, mousetweaks, mixinsquared, born_in_chaos_v1, betterfpsdist, curios, collective, inventoryhud, betterstrongholds, tombstone, architectury, cupboard, biomemusic, betterendisland, justzoom, cosmeticarmorreworked, expandability, bettermineshafts, betterjungletemples]
[17Jun2025 01:48:05.578] [Netty Epoll Server IO #0/DEBUG] [net.minecraftforge.network.NetworkRegistry/NETREGISTRY]: Channel 'supplementaries:channel' : Version test of '0' from client : ACCEPTED
[17Jun2025 01:48:05.578] [Netty Epoll Server IO #0/DEBUG] [net.minecraftforge.network.NetworkRegistry/NETREGISTRY]: Channel 'alexscaves:main_channel' : Version test of '1' from client : ACCEPTED
[17Jun2025 01:48:05.579] [Netty Epoll Server IO #0/DEBUG] [net.minecraftforge.network.NetworkRegistry/NETREGISTRY]: Channel 'architectury:network' : Version test of '1' from client : ACCEPTED
[17Jun2025 01:48:05.579] [Netty Epoll Server IO #0/DEBUG] [net.minecraftforge.network.NetworkRegistry/NETREGISTRY]: Channel 'voicechat:secret' : Version test of 'ALLOWVANILLA 💓💓💓' from client : ACCEPTED
[17Jun2025 01:48:05.579] [Netty Epoll Server IO #0/DEBUG] [net.minecraftforge.network.NetworkRegistry/NETREGISTRY]: Channel 'voicechat:leave_group' : Version test of 'ALLOWVANILLA 💓💓💓' from client : ACCEPTED
[17Jun2025 01:48:05.579] [Netty Epoll Server IO #0/DEBUG] [net.minecraftforge.network.NetworkRegistry/NETREGISTRY]: Channel 'voicechat:create_group' : Version test of 'ALLOWVANILLA 💓💓💓' from client : ACCEPTED
[17Jun2025 01:48:05.579] [Netty Epoll Server IO #0/DEBUG] [net.minecraftforge.network.NetworkRegistry/NETREGISTRY]: Channel 'carryon:carryonpackets' : Version test of '1.0' from client : ACCEPTED
[17Jun2025 01:48:05.579] [Netty Epoll Server IO #0/DEBUG] [net.minecraftforge.network.NetworkRegistry/NETREGISTRY]: Channel 'minecraft:unregister' : Version test of 'FML3' from client : ACCEPTED
[17Jun2025 01:48:05.579] [Netty Epoll Server IO #0/DEBUG] [net.minecraftforge.network.NetworkRegistry/NETREGISTRY]: Channel 'sophisticatedbackpacks:channel' : Version test of '1' from client : ACCEPTED
[17Jun2025 01:48:05.579] [Netty Epoll Server IO #0/DEBUG] [net.minecraftforge.network.NetworkRegistry/NETREGISTRY]: Channel 'citadel:main_channel' : Version test of '1' from client : ACCEPTED
[17Jun2025 01:48:05.579] [Netty Epoll Server IO #0/DEBUG] [net.minecraftforge.network.NetworkRegistry/NETREGISTRY]: Channel 'born_in_chaos_v1:born_in_chaos_v1' : Version test of '1' from client : ACCEPTED
[17Jun2025 01:48:05.579] [Netty Epoll Server IO #0/DEBUG] [net.minecraftforge.network.NetworkRegistry/NETREGISTRY]: Channel 'journeymap:version' : Version test of '1' from client : ACCEPTED
[17Jun2025 01:48:05.579] [Netty Epoll Server IO #0/DEBUG] [net.minecraftforge.network.NetworkRegistry/NETREGISTRY]: Channel 'trade_cycling:cycle_trades' : Version test of 'ALLOWVANILLA 💓💓💓' from client : ACCEPTED
[17Jun2025 01:48:05.579] [Netty Epoll Server IO #0/DEBUG] [net.minecraftforge.network.NetworkRegistry/NETREGISTRY]: Channel 'voicechat:set_group' : Version test of 'ALLOWVANILLA 💓💓💓' from client : ACCEPTED
[17Jun2025 01:48:05.579] [Netty Epoll Server IO #0/DEBUG] [net.minecraftforge.network.NetworkRegistry/NETREGISTRY]: Channel 'voicechat:joined_group' : Version test of 'ALLOWVANILLA 💓💓💓' from client : ACCEPTED
[17Jun2025 01:48:05.579] [Netty Epoll Server IO #0/DEBUG] [net.minecraftforge.network.NetworkRegistry/NETREGISTRY]: Channel 'curios:main' : Version test of '1' from client : ACCEPTED
[17Jun2025 01:48:05.579] [Netty Epoll Server IO #0/DEBUG] [net.minecraftforge.network.NetworkRegistry/NETREGISTRY]: Channel 'worldinfo:world_id' : Version test of '1' from client : ACCEPTED
[17Jun2025 01:48:05.579] [Netty Epoll Server IO #0/DEBUG] [net.minecraftforge.network.NetworkRegistry/NETREGISTRY]: Channel 'voicechat:update_state' : Version test of 'ALLOWVANILLA 💓💓💓' from client : ACCEPTED
[17Jun2025 01:48:05.579] [Netty Epoll Server IO #0/DEBUG] [net.minecraftforge.network.NetworkRegistry/NETREGISTRY]: Channel 'voicechat:player_states' : Version test of 'ALLOWVANILLA 💓💓💓' from client : ACCEPTED
[17Jun2025 01:48:05.579] [Netty Epoll Server IO #0/DEBUG] [net.minecraftforge.network.NetworkRegistry/NETREGISTRY]: Channel 'balm:network' : Version test of '1.0' from client : ACCEPTED
[17Jun2025 01:48:05.579] [Netty Epoll Server IO #0/DEBUG] [net.minecraftforge.network.NetworkRegistry/NETREGISTRY]: Channel 'journeymap:admin_req' : Version test of '1' from client : ACCEPTED
[17Jun2025 01:48:05.579] [Netty Epoll Server IO #0/DEBUG] [net.minecraftforge.network.NetworkRegistry/NETREGISTRY]: Channel 'journeymap:waypoint' : Version test of '1' from client : ACCEPTED
[17Jun2025 01:48:05.579] [Netty Epoll Server IO #0/DEBUG] [net.minecraftforge.network.NetworkRegistry/NETREGISTRY]: Channel 'journeymap:mp_options_req' : Version test of '1' from client : ACCEPTED
[17Jun2025 01:48:05.579] [Netty Epoll Server IO #0/DEBUG] [net.minecraftforge.network.NetworkRegistry/NETREGISTRY]: Channel 'voicechat:add_group' : Version test of 'ALLOWVANILLA 💓💓💓' from client : ACCEPTED
[17Jun2025 01:48:05.579] [Netty Epoll Server IO #0/DEBUG] [net.minecraftforge.network.NetworkRegistry/NETREGISTRY]: Channel 'fml:loginwrapper' : Version test of 'FML3' from client : ACCEPTED
[17Jun2025 01:48:05.579] [Netty Epoll Server IO #0/DEBUG] [net.minecraftforge.network.NetworkRegistry/NETREGISTRY]: Channel 'forge:tier_sorting' : Version test of '1.0' from client : ACCEPTED
[17Jun2025 01:48:05.579] [Netty Epoll Server IO #0/DEBUG] [net.minecraftforge.network.NetworkRegistry/NETREGISTRY]: Channel 'voicechat:player_state' : Version test of 'ALLOWVANILLA 💓💓💓' from client : ACCEPTED
[17Jun2025 01:48:05.579] [Netty Epoll Server IO #0/DEBUG] [net.minecraftforge.network.NetworkRegistry/NETREGISTRY]: Channel 'tombstone:tombstone_channel' : Version test of 'tombstone-8.9.6' from client : ACCEPTED
[17Jun2025 01:48:05.579] [Netty Epoll Server IO #0/DEBUG] [net.minecraftforge.network.NetworkRegistry/NETREGISTRY]: Channel 'cosmeticarmorreworked:main' : Version test of '2' from client : ACCEPTED
[17Jun2025 01:48:05.579] [Netty Epoll Server IO #0/DEBUG] [net.minecraftforge.network.NetworkRegistry/NETREGISTRY]: Channel 'fml:play' : Version test of 'FML3' from client : ACCEPTED
[17Jun2025 01:48:05.579] [Netty Epoll Server IO #0/DEBUG] [net.minecraftforge.network.NetworkRegistry/NETREGISTRY]: Channel 'yungscavebiomes:messages' : Version test of '1.0' from client : ACCEPTED
[17Jun2025 01:48:05.579] [Netty Epoll Server IO #0/DEBUG] [net.minecraftforge.network.NetworkRegistry/NETREGISTRY]: Channel 'journeymap:admin_save' : Version test of '1' from client : ACCEPTED
[17Jun2025 01:48:05.579] [Netty Epoll Server IO #0/DEBUG] [net.minecraftforge.network.NetworkRegistry/NETREGISTRY]: Channel 'journeymap:player_loc' : Version test of '1' from client : ACCEPTED
[17Jun2025 01:48:05.579] [Netty Epoll Server IO #0/DEBUG] [net.minecraftforge.network.NetworkRegistry/NETREGISTRY]: Channel 'voicechat:request_secret' : Version test of 'ALLOWVANILLA 💓💓💓' from client : ACCEPTED
[17Jun2025 01:48:05.580] [Netty Epoll Server IO #0/DEBUG] [net.minecraftforge.network.NetworkRegistry/NETREGISTRY]: Channel 'sophisticatedcore:channel' : Version test of '1' from client : ACCEPTED
[17Jun2025 01:48:05.580] [Netty Epoll Server IO #0/DEBUG] [net.minecraftforge.network.NetworkRegistry/NETREGISTRY]: Channel 'journeymap:teleport_req' : Version test of '1' from client : ACCEPTED
[17Jun2025 01:48:05.580] [Netty Epoll Server IO #0/DEBUG] [net.minecraftforge.network.NetworkRegistry/NETREGISTRY]: Channel 'fml:handshake' : Version test of 'FML3' from client : ACCEPTED
[17Jun2025 01:48:05.580] [Netty Epoll Server IO #0/DEBUG] [net.minecraftforge.network.NetworkRegistry/NETREGISTRY]: Channel 'voicechat:remove_category' : Version test of 'ALLOWVANILLA 💓💓💓' from client : ACCEPTED
[17Jun2025 01:48:05.580] [Netty Epoll Server IO #0/DEBUG] [net.minecraftforge.network.NetworkRegistry/NETREGISTRY]: Channel 'voicechat:remove_group' : Version test of 'ALLOWVANILLA 💓💓💓' from client : ACCEPTED
[17Jun2025 01:48:05.580] [Netty Epoll Server IO #0/DEBUG] [net.minecraftforge.network.NetworkRegistry/NETREGISTRY]: Channel 'voicechat:add_category' : Version test of 'ALLOWVANILLA 💓💓💓' from client : ACCEPTED
[17Jun2025 01:48:05.580] [Netty Epoll Server IO #0/DEBUG] [net.minecraftforge.network.NetworkRegistry/NETREGISTRY]: Channel 'journeymap:common' : Version test of '1' from client : ACCEPTED
[17Jun2025 01:48:05.580] [Netty Epoll Server IO #0/DEBUG] [net.minecraftforge.network.NetworkRegistry/NETREGISTRY]: Channel 'minecraft:register' : Version test of 'FML3' from client : ACCEPTED
[17Jun2025 01:48:05.580] [Netty Epoll Server IO #0/DEBUG] [net.minecraftforge.network.NetworkRegistry/NETREGISTRY]: Channel 'forge:split' : Version test of '1.1' from client : ACCEPTED
[17Jun2025 01:48:05.580] [Netty Epoll Server IO #0/DEBUG] [net.minecraftforge.network.NetworkRegistry/NETREGISTRY]: Channel 'journeymap:perm_req' : Version test of '1' from client : ACCEPTED
[17Jun2025 01:48:05.580] [Netty Epoll Server IO #0/DEBUG] [net.minecraftforge.network.NetworkRegistry/NETREGISTRY]: Channel 'geckolib:main' : Version test of '1' from client : ACCEPTED
[17Jun2025 01:48:05.580] [Netty Epoll Server IO #0/DEBUG] [net.minecraftforge.network.NetworkRegistry/NETREGISTRY]: Channel 'waystones:network' : Version test of '1.0' from client : ACCEPTED
[17Jun2025 01:48:05.580] [Netty Epoll Server IO #0/DEBUG] [net.minecraftforge.network.NetworkRegistry/NETREGISTRY]: Channel 'moonlight:channel' : Version test of '0' from client : ACCEPTED
[17Jun2025 01:48:05.580] [Netty Epoll Server IO #0/DEBUG] [net.minecraftforge.network.NetworkRegistry/NETREGISTRY]: Accepting channel list from client
[17Jun2025 01:48:05.580] [Netty Epoll Server IO #0/DEBUG] [net.minecraftforge.network.HandshakeHandler/FMLHANDSHAKE]: Accepted client connection mod list
[17Jun2025 01:48:05.580] [Netty Epoll Server IO #0/DEBUG] [net.minecraftforge.network.LoginWrapper/FMLHANDSHAKE]: Recieved login wrapper packet event for channel fml:handshake with index 2
[17Jun2025 01:48:05.580] [Netty Epoll Server IO #0/DEBUG] [net.minecraftforge.network.HandshakeHandler/FMLHANDSHAKE]: Received client indexed reply 2 of type net.minecraftforge.network.HandshakeMessages$C2SAcknowledge
[17Jun2025 01:48:05.580] [Netty Epoll Server IO #0/DEBUG] [net.minecraftforge.network.HandshakeHandler/FMLHANDSHAKE]: Received acknowledgement from client
[17Jun2025 01:48:05.580] [Netty Epoll Server IO #0/DEBUG] [net.minecraftforge.network.LoginWrapper/FMLHANDSHAKE]: Recieved login wrapper packet event for channel fml:handshake with index 3
[17Jun2025 01:48:05.580] [Netty Epoll Server IO #0/DEBUG] [net.minecraftforge.network.HandshakeHandler/FMLHANDSHAKE]: Received client indexed reply 3 of type net.minecraftforge.network.HandshakeMessages$C2SAcknowledge
[17Jun2025 01:48:05.580] [Netty Epoll Server IO #0/DEBUG] [net.minecraftforge.network.HandshakeHandler/FMLHANDSHAKE]: Received acknowledgement from client
[17Jun2025 01:48:05.613] [Server thread/DEBUG] [net.minecraftforge.network.HandshakeHandler/FMLHANDSHAKE]: Sending ticking packet info 'Registry forge:entity_data_serializers' to 'fml:handshake' sequence 14
[17Jun2025 01:48:05.664] [Server thread/DEBUG] [net.minecraftforge.network.HandshakeHandler/FMLHANDSHAKE]: Sending ticking packet info 'Registry minecraft:mob_effect' to 'fml:handshake' sequence 15
[17Jun2025 01:48:05.713] [Server thread/DEBUG] [net.minecraftforge.network.HandshakeHandler/FMLHANDSHAKE]: Sending ticking packet info 'Registry minecraft:stat_type' to 'fml:handshake' sequence 16
[17Jun2025 01:48:05.763] [Server thread/DEBUG] [net.minecraftforge.network.HandshakeHandler/FMLHANDSHAKE]: Sending ticking packet info 'Registry tombstone:perks' to 'fml:handshake' sequence 17
[17Jun2025 01:48:05.823] [Server thread/DEBUG] [net.minecraftforge.network.HandshakeHandler/FMLHANDSHAKE]: Sending ticking packet info 'Registry minecraft:menu' to 'fml:handshake' sequence 18
[17Jun2025 01:48:05.861] [Server thread/DEBUG] [net.minecraftforge.network.HandshakeHandler/FMLHANDSHAKE]: Sending ticking packet info 'Registry minecraft:enchantment' to 'fml:handshake' sequence 19
[17Jun2025 01:48:05.911] [Server thread/DEBUG] [net.minecraftforge.network.HandshakeHandler/FMLHANDSHAKE]: Sending ticking packet info 'Registry minecraft:fluid' to 'fml:handshake' sequence 20
[17Jun2025 01:48:06.002] [Server thread/DEBUG] [net.minecraftforge.network.HandshakeHandler/FMLHANDSHAKE]: Sending ticking packet info 'Registry minecraft:entity_type' to 'fml:handshake' sequence 21
[17Jun2025 01:48:06.013] [Server thread/DEBUG] [net.minecraftforge.network.HandshakeHandler/FMLHANDSHAKE]: Sending ticking packet info 'Config journeymap-server.toml' to 'fml:handshake' sequence 22
[17Jun2025 01:48:06.066] [Server thread/DEBUG] [net.minecraftforge.network.HandshakeHandler/FMLHANDSHAKE]: Sending ticking packet info 'Config curios-server.toml' to 'fml:handshake' sequence 23
[17Jun2025 01:48:06.114] [Server thread/DEBUG] [net.minecraftforge.network.HandshakeHandler/FMLHANDSHAKE]: Sending ticking packet info 'Config tombstone-server.toml' to 'fml:handshake' sequence 24
[17Jun2025 01:48:06.195] [Server thread/DEBUG] [net.minecraftforge.network.HandshakeHandler/FMLHANDSHAKE]: Sending ticking packet info 'Config fastleafdecay-server.toml' to 'fml:handshake' sequence 25
[17Jun2025 01:48:06.222] [Server thread/DEBUG] [net.minecraftforge.network.HandshakeHandler/FMLHANDSHAKE]: Sending ticking packet info 'Config sophisticatedbackpacks-server.toml' to 'fml:handshake' sequence 26
[17Jun2025 01:48:06.268] [Server thread/DEBUG] [net.minecraftforge.network.HandshakeHandler/FMLHANDSHAKE]: Sending ticking packet info 'Config forge-server.toml' to 'fml:handshake' sequence 27
[17Jun2025 01:48:06.857] [Netty Epoll Server IO #0/DEBUG] [net.minecraftforge.network.LoginWrapper/FMLHANDSHAKE]: Recieved login wrapper packet event for channel fml:handshake with index 4
[17Jun2025 01:48:06.858] [Netty Epoll Server IO #0/DEBUG] [net.minecraftforge.network.HandshakeHandler/FMLHANDSHAKE]: Received client indexed reply 4 of type net.minecraftforge.network.HandshakeMessages$C2SAcknowledge
[17Jun2025 01:48:06.858] [Netty Epoll Server IO #0/DEBUG] [net.minecraftforge.network.HandshakeHandler/FMLHANDSHAKE]: Received acknowledgement from client
[17Jun2025 01:48:06.910] [Netty Epoll Server IO #0/DEBUG] [net.minecraftforge.network.LoginWrapper/FMLHANDSHAKE]: Recieved login wrapper packet event for channel fml:handshake with index 5
[17Jun2025 01:48:06.911] [Netty Epoll Server IO #0/DEBUG] [net.minecraftforge.network.HandshakeHandler/FMLHANDSHAKE]: Received client indexed reply 5 of type net.minecraftforge.network.HandshakeMessages$C2SAcknowledge
[17Jun2025 01:48:06.912] [Netty Epoll Server IO #0/DEBUG] [net.minecraftforge.network.HandshakeHandler/FMLHANDSHAKE]: Received acknowledgement from client
[17Jun2025 01:48:06.912] [Netty Epoll Server IO #0/DEBUG] [net.minecraftforge.network.LoginWrapper/FMLHANDSHAKE]: Recieved login wrapper packet event for channel fml:handshake with index 6
[17Jun2025 01:48:06.912] [Netty Epoll Server IO #0/DEBUG] [net.minecraftforge.network.HandshakeHandler/FMLHANDSHAKE]: Received client indexed reply 6 of type net.minecraftforge.network.HandshakeMessages$C2SAcknowledge
[17Jun2025 01:48:06.916] [Netty Epoll Server IO #0/DEBUG] [net.minecraftforge.network.HandshakeHandler/FMLHANDSHAKE]: Received acknowledgement from client
[17Jun2025 01:48:09.849] [Netty Epoll Server IO #0/DEBUG] [net.minecraftforge.network.LoginWrapper/FMLHANDSHAKE]: Recieved login wrapper packet event for channel fml:handshake with index 7
[17Jun2025 01:48:09.850] [Netty Epoll Server IO #0/DEBUG] [net.minecraftforge.network.HandshakeHandler/FMLHANDSHAKE]: Received client indexed reply 7 of type net.minecraftforge.network.HandshakeMessages$C2SAcknowledge
[17Jun2025 01:48:09.850] [Netty Epoll Server IO #0/DEBUG] [net.minecraftforge.network.HandshakeHandler/FMLHANDSHAKE]: Received acknowledgement from client
[17Jun2025 01:48:09.850] [Netty Epoll Server IO #0/DEBUG] [net.minecraftforge.network.LoginWrapper/FMLHANDSHAKE]: Recieved login wrapper packet event for channel fml:handshake with index 8
[17Jun2025 01:48:09.850] [Netty Epoll Server IO #0/DEBUG] [net.minecraftforge.network.HandshakeHandler/FMLHANDSHAKE]: Received client indexed reply 8 of type net.minecraftforge.network.HandshakeMessages$C2SAcknowledge
[17Jun2025 01:48:09.850] [Netty Epoll Server IO #0/DEBUG] [net.minecraftforge.network.HandshakeHandler/FMLHANDSHAKE]: Received acknowledgement from client
[17Jun2025 01:48:09.850] [Netty Epoll Server IO #0/DEBUG] [net.minecraftforge.network.LoginWrapper/FMLHANDSHAKE]: Recieved login wrapper packet event for channel fml:handshake with index 9
[17Jun2025 01:48:09.850] [Netty Epoll Server IO #0/DEBUG] [net.minecraftforge.network.HandshakeHandler/FMLHANDSHAKE]: Received client indexed reply 9 of type net.minecraftforge.network.HandshakeMessages$C2SAcknowledge
[17Jun2025 01:48:09.850] [Netty Epoll Server IO #0/DEBUG] [net.minecraftforge.network.HandshakeHandler/FMLHANDSHAKE]: Received acknowledgement from client
[17Jun2025 01:48:09.850] [Netty Epoll Server IO #0/DEBUG] [net.minecraftforge.network.LoginWrapper/FMLHANDSHAKE]: Recieved login wrapper packet event for channel fml:handshake with index 10
[17Jun2025 01:48:09.850] [Netty Epoll Server IO #0/DEBUG] [net.minecraftforge.network.HandshakeHandler/FMLHANDSHAKE]: Received client indexed reply 10 of type net.minecraftforge.network.HandshakeMessages$C2SAcknowledge
[17Jun2025 01:48:09.850] [Netty Epoll Server IO #0/DEBUG] [net.minecraftforge.network.HandshakeHandler/FMLHANDSHAKE]: Received acknowledgement from client
[17Jun2025 01:48:09.850] [Netty Epoll Server IO #0/DEBUG] [net.minecraftforge.network.LoginWrapper/FMLHANDSHAKE]: Recieved login wrapper packet event for channel fml:handshake with index 11
[17Jun2025 01:48:09.850] [Netty Epoll Server IO #0/DEBUG] [net.minecraftforge.network.HandshakeHandler/FMLHANDSHAKE]: Received client indexed reply 11 of type net.minecraftforge.network.HandshakeMessages$C2SAcknowledge
[17Jun2025 01:48:09.850] [Netty Epoll Server IO #0/DEBUG] [net.minecraftforge.network.HandshakeHandler/FMLHANDSHAKE]: Received acknowledgement from client
[17Jun2025 01:48:09.850] [Netty Epoll Server IO #0/DEBUG] [net.minecraftforge.network.LoginWrapper/FMLHANDSHAKE]: Recieved login wrapper packet event for channel fml:handshake with index 12
[17Jun2025 01:48:09.851] [Netty Epoll Server IO #0/DEBUG] [net.minecraftforge.network.HandshakeHandler/FMLHANDSHAKE]: Received client indexed reply 12 of type net.minecraftforge.network.HandshakeMessages$C2SAcknowledge
[17Jun2025 01:48:09.851] [Netty Epoll Server IO #0/DEBUG] [net.minecraftforge.network.HandshakeHandler/FMLHANDSHAKE]: Received acknowledgement from client
[17Jun2025 01:48:11.068] [Server thread/ERROR] [net.minecraft.Util/]: POI data mismatch: already registered at BlockPos{x=-842, y=-19, z=-1377}
[17Jun2025 01:48:11.068] [Server thread/ERROR] [net.minecraft.Util/]: POI data mismatch: already registered at BlockPos{x=-842, y=-19, z=-1375}
[17Jun2025 01:48:11.779] [Netty Epoll Server IO #0/DEBUG] [net.minecraftforge.network.LoginWrapper/FMLHANDSHAKE]: Recieved login wrapper packet event for channel fml:handshake with index 13
[17Jun2025 01:48:11.780] [Netty Epoll Server IO #0/DEBUG] [net.minecraftforge.network.HandshakeHandler/FMLHANDSHAKE]: Received client indexed reply 13 of type net.minecraftforge.network.HandshakeMessages$C2SAcknowledge
[17Jun2025 01:48:11.780] [Netty Epoll Server IO #0/DEBUG] [net.minecraftforge.network.HandshakeHandler/FMLHANDSHAKE]: Received acknowledgement from client
[17Jun2025 01:48:11.780] [Netty Epoll Server IO #0/DEBUG] [net.minecraftforge.network.LoginWrapper/FMLHANDSHAKE]: Recieved login wrapper packet event for channel fml:handshake with index 14
[17Jun2025 01:48:11.780] [Netty Epoll Server IO #0/DEBUG] [net.minecraftforge.network.HandshakeHandler/FMLHANDSHAKE]: Received client indexed reply 14 of type net.minecraftforge.network.HandshakeMessages$C2SAcknowledge
[17Jun2025 01:48:11.780] [Netty Epoll Server IO #0/DEBUG] [net.minecraftforge.network.HandshakeHandler/FMLHANDSHAKE]: Received acknowledgement from client
[17Jun2025 01:48:11.938] [Netty Epoll Server IO #0/DEBUG] [net.minecraftforge.network.LoginWrapper/FMLHANDSHAKE]: Recieved login wrapper packet event for channel fml:handshake with index 15
[17Jun2025 01:48:11.939] [Netty Epoll Server IO #0/DEBUG] [net.minecraftforge.network.HandshakeHandler/FMLHANDSHAKE]: Received client indexed reply 15 of type net.minecraftforge.network.HandshakeMessages$C2SAcknowledge
[17Jun2025 01:48:11.939] [Netty Epoll Server IO #0/DEBUG] [net.minecraftforge.network.HandshakeHandler/FMLHANDSHAKE]: Received acknowledgement from client
[17Jun2025 01:48:11.973] [Netty Epoll Server IO #0/DEBUG] [net.minecraftforge.network.LoginWrapper/FMLHANDSHAKE]: Recieved login wrapper packet event for channel fml:handshake with index 16
[17Jun2025 01:48:11.974] [Netty Epoll Server IO #0/DEBUG] [net.minecraftforge.network.HandshakeHandler/FMLHANDSHAKE]: Received client indexed reply 16 of type net.minecraftforge.network.HandshakeMessages$C2SAcknowledge
[17Jun2025 01:48:11.974] [Netty Epoll Server IO #0/DEBUG] [net.minecraftforge.network.HandshakeHandler/FMLHANDSHAKE]: Received acknowledgement from client
[17Jun2025 01:48:12.002] [Netty Epoll Server IO #0/DEBUG] [net.minecraftforge.network.LoginWrapper/FMLHANDSHAKE]: Recieved login wrapper packet event for channel fml:handshake with index 17
[17Jun2025 01:48:12.002] [Netty Epoll Server IO #0/DEBUG] [net.minecraftforge.network.HandshakeHandler/FMLHANDSHAKE]: Received client indexed reply 17 of type net.minecraftforge.network.HandshakeMessages$C2SAcknowledge
[17Jun2025 01:48:12.003] [Netty Epoll Server IO #0/DEBUG] [net.minecraftforge.network.HandshakeHandler/FMLHANDSHAKE]: Received acknowledgement from client
[17Jun2025 01:48:12.005] [Netty Epoll Server IO #0/DEBUG] [net.minecraftforge.network.LoginWrapper/FMLHANDSHAKE]: Recieved login wrapper packet event for channel fml:handshake with index 18
[17Jun2025 01:48:12.006] [Netty Epoll Server IO #0/DEBUG] [net.minecraftforge.network.HandshakeHandler/FMLHANDSHAKE]: Received client indexed reply 18 of type net.minecraftforge.network.HandshakeMessages$C2SAcknowledge
[17Jun2025 01:48:12.006] [Netty Epoll Server IO #0/DEBUG] [net.minecraftforge.network.HandshakeHandler/FMLHANDSHAKE]: Received acknowledgement from client
[17Jun2025 01:48:12.006] [Netty Epoll Server IO #0/DEBUG] [net.minecraftforge.network.LoginWrapper/FMLHANDSHAKE]: Recieved login wrapper packet event for channel fml:handshake with index 19
[17Jun2025 01:48:12.006] [Netty Epoll Server IO #0/DEBUG] [net.minecraftforge.network.HandshakeHandler/FMLHANDSHAKE]: Received client indexed reply 19 of type net.minecraftforge.network.HandshakeMessages$C2SAcknowledge
[17Jun2025 01:48:12.007] [Netty Epoll Server IO #0/DEBUG] [net.minecraftforge.network.HandshakeHandler/FMLHANDSHAKE]: Received acknowledgement from client
[17Jun2025 01:48:12.007] [Netty Epoll Server IO #0/DEBUG] [net.minecraftforge.network.LoginWrapper/FMLHANDSHAKE]: Recieved login wrapper packet event for channel fml:handshake with index 20
[17Jun2025 01:48:12.007] [Netty Epoll Server IO #0/DEBUG] [net.minecraftforge.network.HandshakeHandler/FMLHANDSHAKE]: Received client indexed reply 20 of type net.minecraftforge.network.HandshakeMessages$C2SAcknowledge
[17Jun2025 01:48:12.007] [Netty Epoll Server IO #0/DEBUG] [net.minecraftforge.network.HandshakeHandler/FMLHANDSHAKE]: Received acknowledgement from client
[17Jun2025 01:48:13.093] [VoiceChatPacketProcessingThread/INFO] [voicechat/]: [voicechat] Successfully authenticated player e72369cd-9bb9-39b7-803d-5fb0b0b53a20
[17Jun2025 01:48:14.070] [VoiceChatPacketProcessingThread/INFO] [voicechat/]: [voicechat] Successfully validated connection of player e72369cd-9bb9-39b7-803d-5fb0b0b53a20
[17Jun2025 01:48:14.071] [VoiceChatPacketProcessingThread/DEBUG] [voicechat/]: [voicechat] Set state of Benja_By to connected: {disabled=false, disconnected=false, uuid=e72369cd-9bb9-39b7-803d-5fb0b0b53a20, name=Benja_By, group=null}
[17Jun2025 01:48:14.071] [VoiceChatPacketProcessingThread/INFO] [voicechat/]: [voicechat] Player Benja_By (e72369cd-9bb9-39b7-803d-5fb0b0b53a20) successfully connected to voice chat
[17Jun2025 01:48:14.319] [Server thread/DEBUG] [voicechat/]: [voicechat] Got state of Benja_By: {disabled=false, disconnected=false, uuid=e72369cd-9bb9-39b7-803d-5fb0b0b53a20, name=Benja_By, group=null}
[17Jun2025 01:48:15.492] [Netty Epoll Server IO #0/DEBUG] [net.minecraftforge.network.LoginWrapper/FMLHANDSHAKE]: Recieved login wrapper packet event for channel fml:handshake with index 21
[17Jun2025 01:48:15.493] [Netty Epoll Server IO #0/DEBUG] [net.minecraftforge.network.HandshakeHandler/FMLHANDSHAKE]: Received client indexed reply 21 of type net.minecraftforge.network.HandshakeMessages$C2SAcknowledge
[17Jun2025 01:48:15.493] [Netty Epoll Server IO #0/DEBUG] [net.minecraftforge.network.HandshakeHandler/FMLHANDSHAKE]: Received acknowledgement from client
[17Jun2025 01:48:15.493] [Netty Epoll Server IO #0/DEBUG] [net.minecraftforge.network.LoginWrapper/FMLHANDSHAKE]: Recieved login wrapper packet event for channel fml:handshake with index 22
[17Jun2025 01:48:15.493] [Netty Epoll Server IO #0/DEBUG] [net.minecraftforge.network.HandshakeHandler/FMLHANDSHAKE]: Received client indexed reply 22 of type net.minecraftforge.network.HandshakeMessages$C2SAcknowledge
[17Jun2025 01:48:15.493] [Netty Epoll Server IO #0/DEBUG] [net.minecraftforge.network.HandshakeHandler/FMLHANDSHAKE]: Received acknowledgement from client
[17Jun2025 01:48:15.493] [Netty Epoll Server IO #0/DEBUG] [net.minecraftforge.network.LoginWrapper/FMLHANDSHAKE]: Recieved login wrapper packet event for channel fml:handshake with index 23
[17Jun2025 01:48:15.493] [Netty Epoll Server IO #0/DEBUG] [net.minecraftforge.network.HandshakeHandler/FMLHANDSHAKE]: Received client indexed reply 23 of type net.minecraftforge.network.HandshakeMessages$C2SAcknowledge
[17Jun2025 01:48:15.494] [Netty Epoll Server IO #0/DEBUG] [net.minecraftforge.network.HandshakeHandler/FMLHANDSHAKE]: Received acknowledgement from client
[17Jun2025 01:48:15.494] [Netty Epoll Server IO #0/DEBUG] [net.minecraftforge.network.LoginWrapper/FMLHANDSHAKE]: Recieved login wrapper packet event for channel fml:handshake with index 24
[17Jun2025 01:48:15.494] [Netty Epoll Server IO #0/DEBUG] [net.minecraftforge.network.HandshakeHandler/FMLHANDSHAKE]: Received client indexed reply 24 of type net.minecraftforge.network.HandshakeMessages$C2SAcknowledge
[17Jun2025 01:48:15.494] [Netty Epoll Server IO #0/DEBUG] [net.minecraftforge.network.HandshakeHandler/FMLHANDSHAKE]: Received acknowledgement from client
[17Jun2025 01:48:15.494] [Netty Epoll Server IO #0/DEBUG] [net.minecraftforge.network.LoginWrapper/FMLHANDSHAKE]: Recieved login wrapper packet event for channel fml:handshake with index 25
[17Jun2025 01:48:15.494] [Netty Epoll Server IO #0/DEBUG] [net.minecraftforge.network.HandshakeHandler/FMLHANDSHAKE]: Received client indexed reply 25 of type net.minecraftforge.network.HandshakeMessages$C2SAcknowledge
[17Jun2025 01:48:15.494] [Netty Epoll Server IO #0/DEBUG] [net.minecraftforge.network.HandshakeHandler/FMLHANDSHAKE]: Received acknowledgement from client
[17Jun2025 01:48:15.494] [Netty Epoll Server IO #0/DEBUG] [net.minecraftforge.network.LoginWrapper/FMLHANDSHAKE]: Recieved login wrapper packet event for channel fml:handshake with index 26
[17Jun2025 01:48:15.494] [Netty Epoll Server IO #0/DEBUG] [net.minecraftforge.network.HandshakeHandler/FMLHANDSHAKE]: Received client indexed reply 26 of type net.minecraftforge.network.HandshakeMessages$C2SAcknowledge
[17Jun2025 01:48:15.494] [Netty Epoll Server IO #0/DEBUG] [net.minecraftforge.network.HandshakeHandler/FMLHANDSHAKE]: Received acknowledgement from client
[17Jun2025 01:48:15.511] [Netty Epoll Server IO #0/DEBUG] [net.minecraftforge.network.LoginWrapper/FMLHANDSHAKE]: Recieved login wrapper packet event for channel fml:handshake with index 27
[17Jun2025 01:48:15.512] [Netty Epoll Server IO #0/DEBUG] [net.minecraftforge.network.HandshakeHandler/FMLHANDSHAKE]: Received client indexed reply 27 of type net.minecraftforge.network.HandshakeMessages$C2SAcknowledge
[17Jun2025 01:48:15.512] [Netty Epoll Server IO #0/DEBUG] [net.minecraftforge.network.HandshakeHandler/FMLHANDSHAKE]: Received acknowledgement from client
[17Jun2025 01:48:15.559] [Server thread/DEBUG] [net.minecraftforge.network.HandshakeHandler/FMLHANDSHAKE]: Handshake complete!
[17Jun2025 01:48:15.623] [Server thread/INFO] [net.minecraft.server.players.PlayerList/]: Meu_By[/100.86.66.124:64915] logged in with entity id 1494 at (-740.2986595897282, 63.085764312744146, -1178.3966106283924)
[17Jun2025 01:48:15.623] [Server thread/DEBUG] [net.minecraftforge.network.filters.NetworkFilters/]: Injected net.minecraftforge.network.filters.ForgeConnectionNetworkFilter@70575847 into net.minecraft.network.Connection@43334271
[17Jun2025 01:48:15.632] [Server thread/INFO] [net.minecraft.server.MinecraftServer/]: Meu_By joined the game
[17Jun2025 01:48:15.694] [Server thread/DEBUG] [voicechat/]: [voicechat] Setting default state of Meu_By: {disabled=false, disconnected=true, uuid=24dbc027-5eb5-387c-bce8-3d4102d97b9d, name=Meu_By, group=null}
[17Jun2025 01:48:16.516] [Server thread/INFO] [voicechat/]: [voicechat] Received secret request of Meu_By (18)
[17Jun2025 01:48:16.516] [Server thread/DEBUG] [voicechat/]: [voicechat] Sending initial states to Meu_By
[17Jun2025 01:48:16.516] [Server thread/DEBUG] [voicechat/]: [voicechat] Synchronizing 0 groups with Meu_By
[17Jun2025 01:48:16.516] [Server thread/DEBUG] [voicechat/]: [voicechat] Synchronizing 0 volume categories with Meu_By
[17Jun2025 01:48:16.517] [Server thread/INFO] [voicechat/]: [voicechat] Sent secret to Meu_By
[17Jun2025 01:48:59.231] [Server thread/INFO] [net.minecraft.server.network.ServerGamePacketListenerImpl/]: Benja_By lost connection: Timed out
[17Jun2025 01:48:59.232] [Server thread/INFO] [net.minecraft.server.MinecraftServer/]: Benja_By left the game
[17Jun2025 01:48:59.233] [Server thread/DEBUG] [voicechat/]: [voicechat] Removing state of Benja_By
[17Jun2025 01:48:59.233] [Server thread/INFO] [voicechat/]: [voicechat] Disconnecting client Benja_By
[17Jun2025 01:48:59.264] [Server thread/WARN] [net.minecraft.network.Connection/]: handleDisconnection() called twice
[17Jun2025 01:48:59.358] [VoiceChatPacketProcessingThread/DEBUG] [voicechat/]: [voicechat] Player e72369cd-9bb9-39b7-803d-5fb0b0b53a20 does not have a secret
[17Jun2025 01:49:13.673] [Server thread/INFO] [net.minecraft.server.network.ServerGamePacketListenerImpl/]: Meu_By lost connection: Timed out
[17Jun2025 01:49:13.674] [Server thread/INFO] [net.minecraft.server.MinecraftServer/]: Meu_By left the game
[17Jun2025 01:49:13.675] [Server thread/DEBUG] [voicechat/]: [voicechat] Removing state of Meu_By
[17Jun2025 01:49:13.675] [Server thread/INFO] [voicechat/]: [voicechat] Disconnecting client Meu_By
[17Jun2025 01:49:13.701] [Server thread/WARN] [net.minecraft.network.Connection/]: handleDisconnection() called twice
[17Jun2025 01:51:08.958] [Server thread/DEBUG] [net.minecraftforge.common.ForgeHooks/WP]: Gathering id map for writing to world save world
[17Jun2025 01:51:08.970] [Server thread/DEBUG] [net.minecraftforge.common.ForgeHooks/WP]: ID Map collection complete world
[17Jun2025 01:51:16.211] [Netty Epoll Server IO #4/DEBUG] [net.minecraftforge.network.HandshakeHandler/FMLHANDSHAKE]: Starting new modded impl connection. Found 28 messages to dispatch.
[17Jun2025 01:51:16.249] [Server thread/DEBUG] [net.minecraftforge.network.HandshakeHandler/FMLHANDSHAKE]: Sending ticking packet info 'net.minecraftforge.network.HandshakeMessages$S2CModData' to 'fml:handshake' sequence 0
[17Jun2025 01:51:16.299] [Server thread/DEBUG] [net.minecraftforge.network.HandshakeHandler/FMLHANDSHAKE]: Sending ticking packet info 'net.minecraftforge.network.HandshakeMessages$S2CModList' to 'fml:handshake' sequence 1
[17Jun2025 01:51:16.349] [Server thread/DEBUG] [net.minecraftforge.network.HandshakeHandler/FMLHANDSHAKE]: Sending ticking packet info 'Registry minecraft:command_argument_type' to 'fml:handshake' sequence 2
[17Jun2025 01:51:16.399] [Server thread/DEBUG] [net.minecraftforge.network.HandshakeHandler/FMLHANDSHAKE]: Sending ticking packet info 'Registry minecraft:recipe_serializer' to 'fml:handshake' sequence 3
[17Jun2025 01:51:16.449] [Server thread/DEBUG] [net.minecraftforge.network.HandshakeHandler/FMLHANDSHAKE]: Sending ticking packet info 'Registry minecraft:sound_event' to 'fml:handshake' sequence 4
[17Jun2025 01:51:16.499] [Server thread/DEBUG] [net.minecraftforge.network.HandshakeHandler/FMLHANDSHAKE]: Sending ticking packet info 'Registry minecraft:particle_type' to 'fml:handshake' sequence 5
[17Jun2025 01:51:16.534] [Netty Epoll Server IO #4/DEBUG] [net.minecraftforge.network.LoginWrapper/FMLHANDSHAKE]: Recieved login wrapper packet event for channel fml:handshake with index 1
[17Jun2025 01:51:16.534] [Netty Epoll Server IO #4/DEBUG] [net.minecraftforge.network.HandshakeHandler/FMLHANDSHAKE]: Received client indexed reply 1 of type net.minecraftforge.network.HandshakeMessages$C2SModListReply
[17Jun2025 01:51:16.534] [Netty Epoll Server IO #4/DEBUG] [net.minecraftforge.network.HandshakeHandler/FMLHANDSHAKE]: Received client connection with modlist [betterdungeons, kuma_api, betterwitchhuts, sodiumextras, geckolib, jei, connectivity, sophisticatedcore, gpumemleakfix, waystones, villagernames, journeymap, yungscavebiomes, citadel, artifacts, yungsapi, mixinextras, clientcrafting, bookshelf, sophisticatedbackpacks, betterdeserttemples, takesapillage, clickadv, balm, carryon, sodiumoptionsapi, betterfortresses, cloth_config, forge, travelerstitles, supplementaries, sodiumdynamiclights, konkrete, embeddium, rubidium, minecraft, alexscaves, voicechat, trade_cycling, enchdesc, terrablender, moonlight, fabric_api_base, mousetweaks, mixinsquared, born_in_chaos_v1, betterfpsdist, curios, collective, betterthirdperson, inventoryhud, betterstrongholds, tombstone, architectury, cupboard, biomemusic, betterendisland, justzoom, cosmeticarmorreworked, expandability, bettermineshafts, betterjungletemples]
[17Jun2025 01:51:16.535] [Netty Epoll Server IO #4/DEBUG] [net.minecraftforge.network.NetworkRegistry/NETREGISTRY]: Channel 'supplementaries:channel' : Version test of '0' from client : ACCEPTED
[17Jun2025 01:51:16.535] [Netty Epoll Server IO #4/DEBUG] [net.minecraftforge.network.NetworkRegistry/NETREGISTRY]: Channel 'alexscaves:main_channel' : Version test of '1' from client : ACCEPTED
[17Jun2025 01:51:16.535] [Netty Epoll Server IO #4/DEBUG] [net.minecraftforge.network.NetworkRegistry/NETREGISTRY]: Channel 'architectury:network' : Version test of '1' from client : ACCEPTED
[17Jun2025 01:51:16.535] [Netty Epoll Server IO #4/DEBUG] [net.minecraftforge.network.NetworkRegistry/NETREGISTRY]: Channel 'voicechat:secret' : Version test of 'ALLOWVANILLA 💓💓💓' from client : ACCEPTED
[17Jun2025 01:51:16.535] [Netty Epoll Server IO #4/DEBUG] [net.minecraftforge.network.NetworkRegistry/NETREGISTRY]: Channel 'voicechat:leave_group' : Version test of 'ALLOWVANILLA 💓💓💓' from client : ACCEPTED
[17Jun2025 01:51:16.535] [Netty Epoll Server IO #4/DEBUG] [net.minecraftforge.network.NetworkRegistry/NETREGISTRY]: Channel 'voicechat:create_group' : Version test of 'ALLOWVANILLA 💓💓💓' from client : ACCEPTED
[17Jun2025 01:51:16.535] [Netty Epoll Server IO #4/DEBUG] [net.minecraftforge.network.NetworkRegistry/NETREGISTRY]: Channel 'carryon:carryonpackets' : Version test of '1.0' from client : ACCEPTED
[17Jun2025 01:51:16.535] [Netty Epoll Server IO #4/DEBUG] [net.minecraftforge.network.NetworkRegistry/NETREGISTRY]: Channel 'minecraft:unregister' : Version test of 'FML3' from client : ACCEPTED
[17Jun2025 01:51:16.535] [Netty Epoll Server IO #4/DEBUG] [net.minecraftforge.network.NetworkRegistry/NETREGISTRY]: Channel 'sophisticatedbackpacks:channel' : Version test of '1' from client : ACCEPTED
[17Jun2025 01:51:16.535] [Netty Epoll Server IO #4/DEBUG] [net.minecraftforge.network.NetworkRegistry/NETREGISTRY]: Channel 'citadel:main_channel' : Version test of '1' from client : ACCEPTED
[17Jun2025 01:51:16.535] [Netty Epoll Server IO #4/DEBUG] [net.minecraftforge.network.NetworkRegistry/NETREGISTRY]: Channel 'born_in_chaos_v1:born_in_chaos_v1' : Version test of '1' from client : ACCEPTED
[17Jun2025 01:51:16.535] [Netty Epoll Server IO #4/DEBUG] [net.minecraftforge.network.NetworkRegistry/NETREGISTRY]: Channel 'journeymap:version' : Version test of '1' from client : ACCEPTED
[17Jun2025 01:51:16.535] [Netty Epoll Server IO #4/DEBUG] [net.minecraftforge.network.NetworkRegistry/NETREGISTRY]: Channel 'trade_cycling:cycle_trades' : Version test of 'ALLOWVANILLA 💓💓💓' from client : ACCEPTED
[17Jun2025 01:51:16.535] [Netty Epoll Server IO #4/DEBUG] [net.minecraftforge.network.NetworkRegistry/NETREGISTRY]: Channel 'voicechat:set_group' : Version test of 'ALLOWVANILLA 💓💓💓' from client : ACCEPTED
[17Jun2025 01:51:16.535] [Netty Epoll Server IO #4/DEBUG] [net.minecraftforge.network.NetworkRegistry/NETREGISTRY]: Channel 'voicechat:joined_group' : Version test of 'ALLOWVANILLA 💓💓💓' from client : ACCEPTED
[17Jun2025 01:51:16.535] [Netty Epoll Server IO #4/DEBUG] [net.minecraftforge.network.NetworkRegistry/NETREGISTRY]: Channel 'curios:main' : Version test of '1' from client : ACCEPTED
[17Jun2025 01:51:16.535] [Netty Epoll Server IO #4/DEBUG] [net.minecraftforge.network.NetworkRegistry/NETREGISTRY]: Channel 'worldinfo:world_id' : Version test of '1' from client : ACCEPTED
[17Jun2025 01:51:16.535] [Netty Epoll Server IO #4/DEBUG] [net.minecraftforge.network.NetworkRegistry/NETREGISTRY]: Channel 'voicechat:update_state' : Version test of 'ALLOWVANILLA 💓💓💓' from client : ACCEPTED
[17Jun2025 01:51:16.535] [Netty Epoll Server IO #4/DEBUG] [net.minecraftforge.network.NetworkRegistry/NETREGISTRY]: Channel 'voicechat:player_states' : Version test of 'ALLOWVANILLA 💓💓💓' from client : ACCEPTED
[17Jun2025 01:51:16.535] [Netty Epoll Server IO #4/DEBUG] [net.minecraftforge.network.NetworkRegistry/NETREGISTRY]: Channel 'balm:network' : Version test of '1.0' from client : ACCEPTED
[17Jun2025 01:51:16.535] [Netty Epoll Server IO #4/DEBUG] [net.minecraftforge.network.NetworkRegistry/NETREGISTRY]: Channel 'journeymap:admin_req' : Version test of '1' from client : ACCEPTED
[17Jun2025 01:51:16.535] [Netty Epoll Server IO #4/DEBUG] [net.minecraftforge.network.NetworkRegistry/NETREGISTRY]: Channel 'journeymap:waypoint' : Version test of '1' from client : ACCEPTED
[17Jun2025 01:51:16.535] [Netty Epoll Server IO #4/DEBUG] [net.minecraftforge.network.NetworkRegistry/NETREGISTRY]: Channel 'journeymap:mp_options_req' : Version test of '1' from client : ACCEPTED
[17Jun2025 01:51:16.536] [Netty Epoll Server IO #4/DEBUG] [net.minecraftforge.network.NetworkRegistry/NETREGISTRY]: Channel 'voicechat:add_group' : Version test of 'ALLOWVANILLA 💓💓💓' from client : ACCEPTED
[17Jun2025 01:51:16.536] [Netty Epoll Server IO #4/DEBUG] [net.minecraftforge.network.NetworkRegistry/NETREGISTRY]: Channel 'fml:loginwrapper' : Version test of 'FML3' from client : ACCEPTED
[17Jun2025 01:51:16.536] [Netty Epoll Server IO #4/DEBUG] [net.minecraftforge.network.NetworkRegistry/NETREGISTRY]: Channel 'forge:tier_sorting' : Version test of '1.0' from client : ACCEPTED
[17Jun2025 01:51:16.536] [Netty Epoll Server IO #4/DEBUG] [net.minecraftforge.network.NetworkRegistry/NETREGISTRY]: Channel 'voicechat:player_state' : Version test of 'ALLOWVANILLA 💓💓💓' from client : ACCEPTED
[17Jun2025 01:51:16.536] [Netty Epoll Server IO #4/DEBUG] [net.minecraftforge.network.NetworkRegistry/NETREGISTRY]: Channel 'tombstone:tombstone_channel' : Version test of 'tombstone-8.9.6' from client : ACCEPTED
[17Jun2025 01:51:16.536] [Netty Epoll Server IO #4/DEBUG] [net.minecraftforge.network.NetworkRegistry/NETREGISTRY]: Channel 'cosmeticarmorreworked:main' : Version test of '2' from client : ACCEPTED
[17Jun2025 01:51:16.536] [Netty Epoll Server IO #4/DEBUG] [net.minecraftforge.network.NetworkRegistry/NETREGISTRY]: Channel 'fml:play' : Version test of 'FML3' from client : ACCEPTED
[17Jun2025 01:51:16.536] [Netty Epoll Server IO #4/DEBUG] [net.minecraftforge.network.NetworkRegistry/NETREGISTRY]: Channel 'yungscavebiomes:messages' : Version test of '1.0' from client : ACCEPTED
[17Jun2025 01:51:16.536] [Netty Epoll Server IO #4/DEBUG] [net.minecraftforge.network.NetworkRegistry/NETREGISTRY]: Channel 'journeymap:admin_save' : Version test of '1' from client : ACCEPTED
[17Jun2025 01:51:16.536] [Netty Epoll Server IO #4/DEBUG] [net.minecraftforge.network.NetworkRegistry/NETREGISTRY]: Channel 'journeymap:player_loc' : Version test of '1' from client : ACCEPTED
[17Jun2025 01:51:16.536] [Netty Epoll Server IO #4/DEBUG] [net.minecraftforge.network.NetworkRegistry/NETREGISTRY]: Channel 'voicechat:request_secret' : Version test of 'ALLOWVANILLA 💓💓💓' from client : ACCEPTED
[17Jun2025 01:51:16.536] [Netty Epoll Server IO #4/DEBUG] [net.minecraftforge.network.NetworkRegistry/NETREGISTRY]: Channel 'sophisticatedcore:channel' : Version test of '1' from client : ACCEPTED
[17Jun2025 01:51:16.536] [Netty Epoll Server IO #4/DEBUG] [net.minecraftforge.network.NetworkRegistry/NETREGISTRY]: Channel 'journeymap:teleport_req' : Version test of '1' from client : ACCEPTED
[17Jun2025 01:51:16.536] [Netty Epoll Server IO #4/DEBUG] [net.minecraftforge.network.NetworkRegistry/NETREGISTRY]: Channel 'fml:handshake' : Version test of 'FML3' from client : ACCEPTED
[17Jun2025 01:51:16.536] [Netty Epoll Server IO #4/DEBUG] [net.minecraftforge.network.NetworkRegistry/NETREGISTRY]: Channel 'voicechat:remove_category' : Version test of 'ALLOWVANILLA 💓💓💓' from client : ACCEPTED
[17Jun2025 01:51:16.536] [Netty Epoll Server IO #4/DEBUG] [net.minecraftforge.network.NetworkRegistry/NETREGISTRY]: Channel 'voicechat:remove_group' : Version test of 'ALLOWVANILLA 💓💓💓' from client : ACCEPTED
[17Jun2025 01:51:16.536] [Netty Epoll Server IO #4/DEBUG] [net.minecraftforge.network.NetworkRegistry/NETREGISTRY]: Channel 'voicechat:add_category' : Version test of 'ALLOWVANILLA 💓💓💓' from client : ACCEPTED
[17Jun2025 01:51:16.536] [Netty Epoll Server IO #4/DEBUG] [net.minecraftforge.network.NetworkRegistry/NETREGISTRY]: Channel 'journeymap:common' : Version test of '1' from client : ACCEPTED
[17Jun2025 01:51:16.536] [Netty Epoll Server IO #4/DEBUG] [net.minecraftforge.network.NetworkRegistry/NETREGISTRY]: Channel 'minecraft:register' : Version test of 'FML3' from client : ACCEPTED
[17Jun2025 01:51:16.536] [Netty Epoll Server IO #4/DEBUG] [net.minecraftforge.network.NetworkRegistry/NETREGISTRY]: Channel 'forge:split' : Version test of '1.1' from client : ACCEPTED
[17Jun2025 01:51:16.536] [Netty Epoll Server IO #4/DEBUG] [net.minecraftforge.network.NetworkRegistry/NETREGISTRY]: Channel 'journeymap:perm_req' : Version test of '1' from client : ACCEPTED
[17Jun2025 01:51:16.536] [Netty Epoll Server IO #4/DEBUG] [net.minecraftforge.network.NetworkRegistry/NETREGISTRY]: Channel 'geckolib:main' : Version test of '1' from client : ACCEPTED
[17Jun2025 01:51:16.536] [Netty Epoll Server IO #4/DEBUG] [net.minecraftforge.network.NetworkRegistry/NETREGISTRY]: Channel 'waystones:network' : Version test of '1.0' from client : ACCEPTED
[17Jun2025 01:51:16.536] [Netty Epoll Server IO #4/DEBUG] [net.minecraftforge.network.NetworkRegistry/NETREGISTRY]: Channel 'moonlight:channel' : Version test of '0' from client : ACCEPTED
[17Jun2025 01:51:16.536] [Netty Epoll Server IO #4/DEBUG] [net.minecraftforge.network.NetworkRegistry/NETREGISTRY]: Accepting channel list from client
[17Jun2025 01:51:16.536] [Netty Epoll Server IO #4/DEBUG] [net.minecraftforge.network.HandshakeHandler/FMLHANDSHAKE]: Accepted client connection mod list
[17Jun2025 01:51:16.549] [Server thread/DEBUG] [net.minecraftforge.network.HandshakeHandler/FMLHANDSHAKE]: Sending ticking packet info 'Registry minecraft:villager_profession' to 'fml:handshake' sequence 6
[17Jun2025 01:51:16.576] [Netty Epoll Server IO #4/DEBUG] [net.minecraftforge.network.LoginWrapper/FMLHANDSHAKE]: Recieved login wrapper packet event for channel fml:handshake with index 2
[17Jun2025 01:51:16.576] [Netty Epoll Server IO #4/DEBUG] [net.minecraftforge.network.HandshakeHandler/FMLHANDSHAKE]: Received client indexed reply 2 of type net.minecraftforge.network.HandshakeMessages$C2SAcknowledge
[17Jun2025 01:51:16.576] [Netty Epoll Server IO #4/DEBUG] [net.minecraftforge.network.HandshakeHandler/FMLHANDSHAKE]: Received acknowledgement from client
[17Jun2025 01:51:16.599] [Server thread/DEBUG] [net.minecraftforge.network.HandshakeHandler/FMLHANDSHAKE]: Sending ticking packet info 'Registry minecraft:item' to 'fml:handshake' sequence 7
[17Jun2025 01:51:16.638] [Netty Epoll Server IO #4/DEBUG] [net.minecraftforge.network.LoginWrapper/FMLHANDSHAKE]: Recieved login wrapper packet event for channel fml:handshake with index 3
[17Jun2025 01:51:16.638] [Netty Epoll Server IO #4/DEBUG] [net.minecraftforge.network.HandshakeHandler/FMLHANDSHAKE]: Received client indexed reply 3 of type net.minecraftforge.network.HandshakeMessages$C2SAcknowledge
[17Jun2025 01:51:16.638] [Netty Epoll Server IO #4/DEBUG] [net.minecraftforge.network.HandshakeHandler/FMLHANDSHAKE]: Received acknowledgement from client
[17Jun2025 01:51:16.649] [Server thread/DEBUG] [net.minecraftforge.network.HandshakeHandler/FMLHANDSHAKE]: Sending ticking packet info 'Registry minecraft:potion' to 'fml:handshake' sequence 8
[17Jun2025 01:51:16.699] [Server thread/DEBUG] [net.minecraftforge.network.HandshakeHandler/FMLHANDSHAKE]: Sending ticking packet info 'Registry minecraft:painting_variant' to 'fml:handshake' sequence 9
[17Jun2025 01:51:16.749] [Server thread/DEBUG] [net.minecraftforge.network.HandshakeHandler/FMLHANDSHAKE]: Sending ticking packet info 'Registry forge:fluid_type' to 'fml:handshake' sequence 10
[17Jun2025 01:51:16.799] [Server thread/DEBUG] [net.minecraftforge.network.HandshakeHandler/FMLHANDSHAKE]: Sending ticking packet info 'Registry minecraft:block_entity_type' to 'fml:handshake' sequence 11
[17Jun2025 01:51:16.849] [Server thread/DEBUG] [net.minecraftforge.network.HandshakeHandler/FMLHANDSHAKE]: Sending ticking packet info 'Registry forge:display_contexts' to 'fml:handshake' sequence 12
[17Jun2025 01:51:16.899] [Server thread/DEBUG] [net.minecraftforge.network.HandshakeHandler/FMLHANDSHAKE]: Sending ticking packet info 'Registry minecraft:block' to 'fml:handshake' sequence 13
[17Jun2025 01:51:16.949] [Server thread/DEBUG] [net.minecraftforge.network.HandshakeHandler/FMLHANDSHAKE]: Sending ticking packet info 'Registry forge:entity_data_serializers' to 'fml:handshake' sequence 14
[17Jun2025 01:51:16.999] [Server thread/DEBUG] [net.minecraftforge.network.HandshakeHandler/FMLHANDSHAKE]: Sending ticking packet info 'Registry minecraft:mob_effect' to 'fml:handshake' sequence 15
[17Jun2025 01:51:17.049] [Server thread/DEBUG] [net.minecraftforge.network.HandshakeHandler/FMLHANDSHAKE]: Sending ticking packet info 'Registry minecraft:stat_type' to 'fml:handshake' sequence 16
[17Jun2025 01:51:17.099] [Server thread/DEBUG] [net.minecraftforge.network.HandshakeHandler/FMLHANDSHAKE]: Sending ticking packet info 'Registry tombstone:perks' to 'fml:handshake' sequence 17
[17Jun2025 01:51:17.149] [Server thread/DEBUG] [net.minecraftforge.network.HandshakeHandler/FMLHANDSHAKE]: Sending ticking packet info 'Registry minecraft:menu' to 'fml:handshake' sequence 18
[17Jun2025 01:51:17.199] [Server thread/DEBUG] [net.minecraftforge.network.HandshakeHandler/FMLHANDSHAKE]: Sending ticking packet info 'Registry minecraft:enchantment' to 'fml:handshake' sequence 19
[17Jun2025 01:51:17.205] [Netty Epoll Server IO #4/DEBUG] [net.minecraftforge.network.LoginWrapper/FMLHANDSHAKE]: Recieved login wrapper packet event for channel fml:handshake with index 4
[17Jun2025 01:51:17.205] [Netty Epoll Server IO #4/DEBUG] [net.minecraftforge.network.HandshakeHandler/FMLHANDSHAKE]: Received client indexed reply 4 of type net.minecraftforge.network.HandshakeMessages$C2SAcknowledge
[17Jun2025 01:51:17.205] [Netty Epoll Server IO #4/DEBUG] [net.minecraftforge.network.HandshakeHandler/FMLHANDSHAKE]: Received acknowledgement from client
[17Jun2025 01:51:17.207] [Netty Epoll Server IO #4/DEBUG] [net.minecraftforge.network.LoginWrapper/FMLHANDSHAKE]: Recieved login wrapper packet event for channel fml:handshake with index 5
[17Jun2025 01:51:17.207] [Netty Epoll Server IO #4/DEBUG] [net.minecraftforge.network.HandshakeHandler/FMLHANDSHAKE]: Received client indexed reply 5 of type net.minecraftforge.network.HandshakeMessages$C2SAcknowledge
[17Jun2025 01:51:17.207] [Netty Epoll Server IO #4/DEBUG] [net.minecraftforge.network.HandshakeHandler/FMLHANDSHAKE]: Received acknowledgement from client
[17Jun2025 01:51:17.208] [Netty Epoll Server IO #4/DEBUG] [net.minecraftforge.network.LoginWrapper/FMLHANDSHAKE]: Recieved login wrapper packet event for channel fml:handshake with index 6
[17Jun2025 01:51:17.208] [Netty Epoll Server IO #4/DEBUG] [net.minecraftforge.network.HandshakeHandler/FMLHANDSHAKE]: Received client indexed reply 6 of type net.minecraftforge.network.HandshakeMessages$C2SAcknowledge
[17Jun2025 01:51:17.208] [Netty Epoll Server IO #4/DEBUG] [net.minecraftforge.network.HandshakeHandler/FMLHANDSHAKE]: Received acknowledgement from client
[17Jun2025 01:51:17.249] [Server thread/DEBUG] [net.minecraftforge.network.HandshakeHandler/FMLHANDSHAKE]: Sending ticking packet info 'Registry minecraft:fluid' to 'fml:handshake' sequence 20
[17Jun2025 01:51:17.299] [Server thread/DEBUG] [net.minecraftforge.network.HandshakeHandler/FMLHANDSHAKE]: Sending ticking packet info 'Registry minecraft:entity_type' to 'fml:handshake' sequence 21
[17Jun2025 01:51:17.349] [Server thread/DEBUG] [net.minecraftforge.network.HandshakeHandler/FMLHANDSHAKE]: Sending ticking packet info 'Config journeymap-server.toml' to 'fml:handshake' sequence 22
[17Jun2025 01:51:17.399] [Server thread/DEBUG] [net.minecraftforge.network.HandshakeHandler/FMLHANDSHAKE]: Sending ticking packet info 'Config curios-server.toml' to 'fml:handshake' sequence 23
[17Jun2025 01:51:17.449] [Server thread/DEBUG] [net.minecraftforge.network.HandshakeHandler/FMLHANDSHAKE]: Sending ticking packet info 'Config tombstone-server.toml' to 'fml:handshake' sequence 24
[17Jun2025 01:51:17.465] [Netty Epoll Server IO #4/DEBUG] [net.minecraftforge.network.LoginWrapper/FMLHANDSHAKE]: Recieved login wrapper packet event for channel fml:handshake with index 7
[17Jun2025 01:51:17.465] [Netty Epoll Server IO #4/DEBUG] [net.minecraftforge.network.HandshakeHandler/FMLHANDSHAKE]: Received client indexed reply 7 of type net.minecraftforge.network.HandshakeMessages$C2SAcknowledge
[17Jun2025 01:51:17.465] [Netty Epoll Server IO #4/DEBUG] [net.minecraftforge.network.HandshakeHandler/FMLHANDSHAKE]: Received acknowledgement from client
[17Jun2025 01:51:17.466] [Netty Epoll Server IO #4/DEBUG] [net.minecraftforge.network.LoginWrapper/FMLHANDSHAKE]: Recieved login wrapper packet event for channel fml:handshake with index 8
[17Jun2025 01:51:17.466] [Netty Epoll Server IO #4/DEBUG] [net.minecraftforge.network.HandshakeHandler/FMLHANDSHAKE]: Received client indexed reply 8 of type net.minecraftforge.network.HandshakeMessages$C2SAcknowledge
[17Jun2025 01:51:17.466] [Netty Epoll Server IO #4/DEBUG] [net.minecraftforge.network.HandshakeHandler/FMLHANDSHAKE]: Received acknowledgement from client
[17Jun2025 01:51:17.469] [Netty Epoll Server IO #4/DEBUG] [net.minecraftforge.network.LoginWrapper/FMLHANDSHAKE]: Recieved login wrapper packet event for channel fml:handshake with index 9
[17Jun2025 01:51:17.469] [Netty Epoll Server IO #4/DEBUG] [net.minecraftforge.network.HandshakeHandler/FMLHANDSHAKE]: Received client indexed reply 9 of type net.minecraftforge.network.HandshakeMessages$C2SAcknowledge
[17Jun2025 01:51:17.469] [Netty Epoll Server IO #4/DEBUG] [net.minecraftforge.network.HandshakeHandler/FMLHANDSHAKE]: Received acknowledgement from client
[17Jun2025 01:51:17.469] [Netty Epoll Server IO #4/DEBUG] [net.minecraftforge.network.LoginWrapper/FMLHANDSHAKE]: Recieved login wrapper packet event for channel fml:handshake with index 10
[17Jun2025 01:51:17.469] [Netty Epoll Server IO #4/DEBUG] [net.minecraftforge.network.HandshakeHandler/FMLHANDSHAKE]: Received client indexed reply 10 of type net.minecraftforge.network.HandshakeMessages$C2SAcknowledge
[17Jun2025 01:51:17.469] [Netty Epoll Server IO #4/DEBUG] [net.minecraftforge.network.HandshakeHandler/FMLHANDSHAKE]: Received acknowledgement from client
[17Jun2025 01:51:17.469] [Netty Epoll Server IO #4/DEBUG] [net.minecraftforge.network.LoginWrapper/FMLHANDSHAKE]: Recieved login wrapper packet event for channel fml:handshake with index 11
[17Jun2025 01:51:17.469] [Netty Epoll Server IO #4/DEBUG] [net.minecraftforge.network.HandshakeHandler/FMLHANDSHAKE]: Received client indexed reply 11 of type net.minecraftforge.network.HandshakeMessages$C2SAcknowledge
[17Jun2025 01:51:17.469] [Netty Epoll Server IO #4/DEBUG] [net.minecraftforge.network.HandshakeHandler/FMLHANDSHAKE]: Received acknowledgement from client
[17Jun2025 01:51:17.469] [Netty Epoll Server IO #4/DEBUG] [net.minecraftforge.network.LoginWrapper/FMLHANDSHAKE]: Recieved login wrapper packet event for channel fml:handshake with index 12
[17Jun2025 01:51:17.469] [Netty Epoll Server IO #4/DEBUG] [net.minecraftforge.network.HandshakeHandler/FMLHANDSHAKE]: Received client indexed reply 12 of type net.minecraftforge.network.HandshakeMessages$C2SAcknowledge
[17Jun2025 01:51:17.469] [Netty Epoll Server IO #4/DEBUG] [net.minecraftforge.network.HandshakeHandler/FMLHANDSHAKE]: Received acknowledgement from client
[17Jun2025 01:51:17.477] [Netty Epoll Server IO #4/DEBUG] [net.minecraftforge.network.LoginWrapper/FMLHANDSHAKE]: Recieved login wrapper packet event for channel fml:handshake with index 13
[17Jun2025 01:51:17.477] [Netty Epoll Server IO #4/DEBUG] [net.minecraftforge.network.HandshakeHandler/FMLHANDSHAKE]: Received client indexed reply 13 of type net.minecraftforge.network.HandshakeMessages$C2SAcknowledge
[17Jun2025 01:51:17.477] [Netty Epoll Server IO #4/DEBUG] [net.minecraftforge.network.HandshakeHandler/FMLHANDSHAKE]: Received acknowledgement from client
[17Jun2025 01:51:17.477] [Netty Epoll Server IO #4/DEBUG] [net.minecraftforge.network.LoginWrapper/FMLHANDSHAKE]: Recieved login wrapper packet event for channel fml:handshake with index 14
[17Jun2025 01:51:17.477] [Netty Epoll Server IO #4/DEBUG] [net.minecraftforge.network.HandshakeHandler/FMLHANDSHAKE]: Received client indexed reply 14 of type net.minecraftforge.network.HandshakeMessages$C2SAcknowledge
[17Jun2025 01:51:17.477] [Netty Epoll Server IO #4/DEBUG] [net.minecraftforge.network.HandshakeHandler/FMLHANDSHAKE]: Received acknowledgement from client
[17Jun2025 01:51:17.477] [Netty Epoll Server IO #4/DEBUG] [net.minecraftforge.network.LoginWrapper/FMLHANDSHAKE]: Recieved login wrapper packet event for channel fml:handshake with index 15
[17Jun2025 01:51:17.478] [Netty Epoll Server IO #4/DEBUG] [net.minecraftforge.network.HandshakeHandler/FMLHANDSHAKE]: Received client indexed reply 15 of type net.minecraftforge.network.HandshakeMessages$C2SAcknowledge
[17Jun2025 01:51:17.478] [Netty Epoll Server IO #4/DEBUG] [net.minecraftforge.network.HandshakeHandler/FMLHANDSHAKE]: Received acknowledgement from client
[17Jun2025 01:51:17.478] [Netty Epoll Server IO #4/DEBUG] [net.minecraftforge.network.LoginWrapper/FMLHANDSHAKE]: Recieved login wrapper packet event for channel fml:handshake with index 16
[17Jun2025 01:51:17.478] [Netty Epoll Server IO #4/DEBUG] [net.minecraftforge.network.HandshakeHandler/FMLHANDSHAKE]: Received client indexed reply 16 of type net.minecraftforge.network.HandshakeMessages$C2SAcknowledge
[17Jun2025 01:51:17.478] [Netty Epoll Server IO #4/DEBUG] [net.minecraftforge.network.HandshakeHandler/FMLHANDSHAKE]: Received acknowledgement from client
[17Jun2025 01:51:17.499] [Server thread/DEBUG] [net.minecraftforge.network.HandshakeHandler/FMLHANDSHAKE]: Sending ticking packet info 'Config fastleafdecay-server.toml' to 'fml:handshake' sequence 25
[17Jun2025 01:51:17.549] [Server thread/DEBUG] [net.minecraftforge.network.HandshakeHandler/FMLHANDSHAKE]: Sending ticking packet info 'Config sophisticatedbackpacks-server.toml' to 'fml:handshake' sequence 26
[17Jun2025 01:51:17.599] [Server thread/DEBUG] [net.minecraftforge.network.HandshakeHandler/FMLHANDSHAKE]: Sending ticking packet info 'Config forge-server.toml' to 'fml:handshake' sequence 27
[17Jun2025 01:51:17.692] [Netty Epoll Server IO #4/DEBUG] [net.minecraftforge.network.LoginWrapper/FMLHANDSHAKE]: Recieved login wrapper packet event for channel fml:handshake with index 17
[17Jun2025 01:51:17.692] [Netty Epoll Server IO #4/DEBUG] [net.minecraftforge.network.HandshakeHandler/FMLHANDSHAKE]: Received client indexed reply 17 of type net.minecraftforge.network.HandshakeMessages$C2SAcknowledge
[17Jun2025 01:51:17.692] [Netty Epoll Server IO #4/DEBUG] [net.minecraftforge.network.HandshakeHandler/FMLHANDSHAKE]: Received acknowledgement from client
[17Jun2025 01:51:17.692] [Netty Epoll Server IO #4/DEBUG] [net.minecraftforge.network.LoginWrapper/FMLHANDSHAKE]: Recieved login wrapper packet event for channel fml:handshake with index 18
[17Jun2025 01:51:17.692] [Netty Epoll Server IO #4/DEBUG] [net.minecraftforge.network.HandshakeHandler/FMLHANDSHAKE]: Received client indexed reply 18 of type net.minecraftforge.network.HandshakeMessages$C2SAcknowledge
[17Jun2025 01:51:17.692] [Netty Epoll Server IO #4/DEBUG] [net.minecraftforge.network.HandshakeHandler/FMLHANDSHAKE]: Received acknowledgement from client
[17Jun2025 01:51:17.692] [Netty Epoll Server IO #4/DEBUG] [net.minecraftforge.network.LoginWrapper/FMLHANDSHAKE]: Recieved login wrapper packet event for channel fml:handshake with index 19
[17Jun2025 01:51:17.692] [Netty Epoll Server IO #4/DEBUG] [net.minecraftforge.network.HandshakeHandler/FMLHANDSHAKE]: Received client indexed reply 19 of type net.minecraftforge.network.HandshakeMessages$C2SAcknowledge
[17Jun2025 01:51:17.692] [Netty Epoll Server IO #4/DEBUG] [net.minecraftforge.network.HandshakeHandler/FMLHANDSHAKE]: Received acknowledgement from client
[17Jun2025 01:51:17.788] [Netty Epoll Server IO #4/DEBUG] [net.minecraftforge.network.LoginWrapper/FMLHANDSHAKE]: Recieved login wrapper packet event for channel fml:handshake with index 20
[17Jun2025 01:51:17.788] [Netty Epoll Server IO #4/DEBUG] [net.minecraftforge.network.HandshakeHandler/FMLHANDSHAKE]: Received client indexed reply 20 of type net.minecraftforge.network.HandshakeMessages$C2SAcknowledge
[17Jun2025 01:51:17.788] [Netty Epoll Server IO #4/DEBUG] [net.minecraftforge.network.HandshakeHandler/FMLHANDSHAKE]: Received acknowledgement from client
[17Jun2025 01:51:20.613] [Netty Epoll Server IO #4/DEBUG] [net.minecraftforge.network.LoginWrapper/FMLHANDSHAKE]: Recieved login wrapper packet event for channel fml:handshake with index 21
[17Jun2025 01:51:20.614] [Netty Epoll Server IO #4/DEBUG] [net.minecraftforge.network.HandshakeHandler/FMLHANDSHAKE]: Received client indexed reply 21 of type net.minecraftforge.network.HandshakeMessages$C2SAcknowledge
[17Jun2025 01:51:20.614] [Netty Epoll Server IO #4/DEBUG] [net.minecraftforge.network.HandshakeHandler/FMLHANDSHAKE]: Received acknowledgement from client
[17Jun2025 01:51:20.618] [Netty Epoll Server IO #4/DEBUG] [net.minecraftforge.network.LoginWrapper/FMLHANDSHAKE]: Recieved login wrapper packet event for channel fml:handshake with index 22
[17Jun2025 01:51:20.618] [Netty Epoll Server IO #4/DEBUG] [net.minecraftforge.network.HandshakeHandler/FMLHANDSHAKE]: Received client indexed reply 22 of type net.minecraftforge.network.HandshakeMessages$C2SAcknowledge
[17Jun2025 01:51:20.618] [Netty Epoll Server IO #4/DEBUG] [net.minecraftforge.network.HandshakeHandler/FMLHANDSHAKE]: Received acknowledgement from client
[17Jun2025 01:51:20.619] [Netty Epoll Server IO #4/DEBUG] [net.minecraftforge.network.LoginWrapper/FMLHANDSHAKE]: Recieved login wrapper packet event for channel fml:handshake with index 23
[17Jun2025 01:51:20.619] [Netty Epoll Server IO #4/DEBUG] [net.minecraftforge.network.HandshakeHandler/FMLHANDSHAKE]: Received client indexed reply 23 of type net.minecraftforge.network.HandshakeMessages$C2SAcknowledge
[17Jun2025 01:51:20.619] [Netty Epoll Server IO #4/DEBUG] [net.minecraftforge.network.HandshakeHandler/FMLHANDSHAKE]: Received acknowledgement from client
[17Jun2025 01:51:20.625] [Netty Epoll Server IO #4/DEBUG] [net.minecraftforge.network.LoginWrapper/FMLHANDSHAKE]: Recieved login wrapper packet event for channel fml:handshake with index 24
[17Jun2025 01:51:20.625] [Netty Epoll Server IO #4/DEBUG] [net.minecraftforge.network.HandshakeHandler/FMLHANDSHAKE]: Received client indexed reply 24 of type net.minecraftforge.network.HandshakeMessages$C2SAcknowledge
[17Jun2025 01:51:20.625] [Netty Epoll Server IO #4/DEBUG] [net.minecraftforge.network.HandshakeHandler/FMLHANDSHAKE]: Received acknowledgement from client
[17Jun2025 01:51:20.625] [Netty Epoll Server IO #4/DEBUG] [net.minecraftforge.network.LoginWrapper/FMLHANDSHAKE]: Recieved login wrapper packet event for channel fml:handshake with index 25
[17Jun2025 01:51:20.625] [Netty Epoll Server IO #4/DEBUG] [net.minecraftforge.network.HandshakeHandler/FMLHANDSHAKE]: Received client indexed reply 25 of type net.minecraftforge.network.HandshakeMessages$C2SAcknowledge
[17Jun2025 01:51:20.625] [Netty Epoll Server IO #4/DEBUG] [net.minecraftforge.network.HandshakeHandler/FMLHANDSHAKE]: Received acknowledgement from client
[17Jun2025 01:51:20.625] [Netty Epoll Server IO #4/DEBUG] [net.minecraftforge.network.LoginWrapper/FMLHANDSHAKE]: Recieved login wrapper packet event for channel fml:handshake with index 26
[17Jun2025 01:51:20.625] [Netty Epoll Server IO #4/DEBUG] [net.minecraftforge.network.HandshakeHandler/FMLHANDSHAKE]: Received client indexed reply 26 of type net.minecraftforge.network.HandshakeMessages$C2SAcknowledge
[17Jun2025 01:51:20.625] [Netty Epoll Server IO #4/DEBUG] [net.minecraftforge.network.HandshakeHandler/FMLHANDSHAKE]: Received acknowledgement from client
[17Jun2025 01:51:20.627] [Netty Epoll Server IO #4/DEBUG] [net.minecraftforge.network.LoginWrapper/FMLHANDSHAKE]: Recieved login wrapper packet event for channel fml:handshake with index 27
[17Jun2025 01:51:20.627] [Netty Epoll Server IO #4/DEBUG] [net.minecraftforge.network.HandshakeHandler/FMLHANDSHAKE]: Received client indexed reply 27 of type net.minecraftforge.network.HandshakeMessages$C2SAcknowledge
[17Jun2025 01:51:20.627] [Netty Epoll Server IO #4/DEBUG] [net.minecraftforge.network.HandshakeHandler/FMLHANDSHAKE]: Received acknowledgement from client
[17Jun2025 01:51:20.649] [Server thread/DEBUG] [net.minecraftforge.network.HandshakeHandler/FMLHANDSHAKE]: Handshake complete!
[17Jun2025 01:51:20.713] [Server thread/INFO] [net.minecraft.server.players.PlayerList/]: Benja_By[/100.101.28.28:48498] logged in with entity id 1618 at (-721.6875, 63.085764312744146, -1195.3125)
[17Jun2025 01:51:20.714] [Server thread/DEBUG] [net.minecraftforge.network.filters.NetworkFilters/]: Injected net.minecraftforge.network.filters.ForgeConnectionNetworkFilter@2271f97e into net.minecraft.network.Connection@2193467d
[17Jun2025 01:51:20.733] [Server thread/INFO] [net.minecraft.server.MinecraftServer/]: Benja_By joined the game
[17Jun2025 01:51:20.743] [Server thread/DEBUG] [voicechat/]: [voicechat] Setting default state of Benja_By: {disabled=false, disconnected=true, uuid=e72369cd-9bb9-39b7-803d-5fb0b0b53a20, name=Benja_By, group=null}
[17Jun2025 01:51:21.737] [Server thread/INFO] [voicechat/]: [voicechat] Received secret request of Benja_By (18)
[17Jun2025 01:51:21.738] [Server thread/DEBUG] [voicechat/]: [voicechat] Sending initial states to Benja_By
[17Jun2025 01:51:21.738] [Server thread/DEBUG] [voicechat/]: [voicechat] Synchronizing 0 groups with Benja_By
[17Jun2025 01:51:21.738] [Server thread/DEBUG] [voicechat/]: [voicechat] Synchronizing 0 volume categories with Benja_By
[17Jun2025 01:51:21.739] [Server thread/INFO] [voicechat/]: [voicechat] Sent secret to Benja_By
[17Jun2025 01:51:28.246] [Server thread/ERROR] [net.minecraft.Util/]: POI data mismatch: already registered at BlockPos{x=-713, y=21, z=-1379}
[17Jun2025 01:51:37.204] [VoiceChatPacketProcessingThread/INFO] [voicechat/]: [voicechat] Successfully authenticated player e72369cd-9bb9-39b7-803d-5fb0b0b53a20
[17Jun2025 01:51:38.205] [VoiceChatPacketProcessingThread/INFO] [voicechat/]: [voicechat] Successfully validated connection of player e72369cd-9bb9-39b7-803d-5fb0b0b53a20
[17Jun2025 01:51:38.205] [VoiceChatPacketProcessingThread/DEBUG] [voicechat/]: [voicechat] Set state of Benja_By to connected: {disabled=false, disconnected=false, uuid=e72369cd-9bb9-39b7-803d-5fb0b0b53a20, name=Benja_By, group=null}
[17Jun2025 01:51:38.205] [VoiceChatPacketProcessingThread/INFO] [voicechat/]: [voicechat] Player Benja_By (e72369cd-9bb9-39b7-803d-5fb0b0b53a20) successfully connected to voice chat
[17Jun2025 01:51:38.437] [Server thread/DEBUG] [voicechat/]: [voicechat] Got state of Benja_By: {disabled=false, disconnected=false, uuid=e72369cd-9bb9-39b7-803d-5fb0b0b53a20, name=Benja_By, group=null}
[17Jun2025 01:51:55.242] [Netty Epoll Server IO #6/DEBUG] [net.minecraftforge.network.HandshakeHandler/FMLHANDSHAKE]: Starting new modded impl connection. Found 28 messages to dispatch.
[17Jun2025 01:51:55.259] [Server thread/DEBUG] [net.minecraftforge.network.HandshakeHandler/FMLHANDSHAKE]: Sending ticking packet info 'net.minecraftforge.network.HandshakeMessages$S2CModData' to 'fml:handshake' sequence 0
[17Jun2025 01:51:55.308] [Server thread/DEBUG] [net.minecraftforge.network.HandshakeHandler/FMLHANDSHAKE]: Sending ticking packet info 'net.minecraftforge.network.HandshakeMessages$S2CModList' to 'fml:handshake' sequence 1
[17Jun2025 01:51:55.359] [Server thread/DEBUG] [net.minecraftforge.network.HandshakeHandler/FMLHANDSHAKE]: Sending ticking packet info 'Registry minecraft:command_argument_type' to 'fml:handshake' sequence 2
[17Jun2025 01:51:55.408] [Server thread/DEBUG] [net.minecraftforge.network.HandshakeHandler/FMLHANDSHAKE]: Sending ticking packet info 'Registry minecraft:recipe_serializer' to 'fml:handshake' sequence 3
[17Jun2025 01:51:55.458] [Server thread/DEBUG] [net.minecraftforge.network.HandshakeHandler/FMLHANDSHAKE]: Sending ticking packet info 'Registry minecraft:sound_event' to 'fml:handshake' sequence 4
[17Jun2025 01:51:55.508] [Server thread/DEBUG] [net.minecraftforge.network.HandshakeHandler/FMLHANDSHAKE]: Sending ticking packet info 'Registry minecraft:particle_type' to 'fml:handshake' sequence 5
[17Jun2025 01:51:55.532] [Netty Epoll Server IO #6/DEBUG] [net.minecraftforge.network.LoginWrapper/FMLHANDSHAKE]: Recieved login wrapper packet event for channel fml:handshake with index 1
[17Jun2025 01:51:55.533] [Netty Epoll Server IO #6/DEBUG] [net.minecraftforge.network.HandshakeHandler/FMLHANDSHAKE]: Received client indexed reply 1 of type net.minecraftforge.network.HandshakeMessages$C2SModListReply
[17Jun2025 01:51:55.533] [Netty Epoll Server IO #6/DEBUG] [net.minecraftforge.network.HandshakeHandler/FMLHANDSHAKE]: Received client connection with modlist [betterdungeons, kuma_api, betterwitchhuts, sodiumextras, geckolib, jei, connectivity, sophisticatedcore, gpumemleakfix, waystones, villagernames, journeymap, yungscavebiomes, citadel, artifacts, yungsapi, mixinextras, clientcrafting, bookshelf, sophisticatedbackpacks, betterdeserttemples, takesapillage, clickadv, balm, carryon, sodiumoptionsapi, betterfortresses, cloth_config, forge, travelerstitles, supplementaries, sodiumdynamiclights, konkrete, embeddium, rubidium, minecraft, alexscaves, voicechat, trade_cycling, enchdesc, terrablender, moonlight, fabric_api_base, mousetweaks, mixinsquared, born_in_chaos_v1, betterfpsdist, curios, collective, inventoryhud, betterstrongholds, tombstone, architectury, cupboard, biomemusic, betterendisland, justzoom, cosmeticarmorreworked, expandability, bettermineshafts, betterjungletemples]
[17Jun2025 01:51:55.533] [Netty Epoll Server IO #6/DEBUG] [net.minecraftforge.network.NetworkRegistry/NETREGISTRY]: Channel 'supplementaries:channel' : Version test of '0' from client : ACCEPTED
[17Jun2025 01:51:55.533] [Netty Epoll Server IO #6/DEBUG] [net.minecraftforge.network.NetworkRegistry/NETREGISTRY]: Channel 'alexscaves:main_channel' : Version test of '1' from client : ACCEPTED
[17Jun2025 01:51:55.533] [Netty Epoll Server IO #6/DEBUG] [net.minecraftforge.network.NetworkRegistry/NETREGISTRY]: Channel 'architectury:network' : Version test of '1' from client : ACCEPTED
[17Jun2025 01:51:55.533] [Netty Epoll Server IO #6/DEBUG] [net.minecraftforge.network.NetworkRegistry/NETREGISTRY]: Channel 'voicechat:secret' : Version test of 'ALLOWVANILLA 💓💓💓' from client : ACCEPTED
[17Jun2025 01:51:55.533] [Netty Epoll Server IO #6/DEBUG] [net.minecraftforge.network.NetworkRegistry/NETREGISTRY]: Channel 'voicechat:leave_group' : Version test of 'ALLOWVANILLA 💓💓💓' from client : ACCEPTED
[17Jun2025 01:51:55.533] [Netty Epoll Server IO #6/DEBUG] [net.minecraftforge.network.NetworkRegistry/NETREGISTRY]: Channel 'voicechat:create_group' : Version test of 'ALLOWVANILLA 💓💓💓' from client : ACCEPTED
[17Jun2025 01:51:55.533] [Netty Epoll Server IO #6/DEBUG] [net.minecraftforge.network.NetworkRegistry/NETREGISTRY]: Channel 'carryon:carryonpackets' : Version test of '1.0' from client : ACCEPTED
[17Jun2025 01:51:55.533] [Netty Epoll Server IO #6/DEBUG] [net.minecraftforge.network.NetworkRegistry/NETREGISTRY]: Channel 'minecraft:unregister' : Version test of 'FML3' from client : ACCEPTED
[17Jun2025 01:51:55.533] [Netty Epoll Server IO #6/DEBUG] [net.minecraftforge.network.NetworkRegistry/NETREGISTRY]: Channel 'sophisticatedbackpacks:channel' : Version test of '1' from client : ACCEPTED
[17Jun2025 01:51:55.533] [Netty Epoll Server IO #6/DEBUG] [net.minecraftforge.network.NetworkRegistry/NETREGISTRY]: Channel 'citadel:main_channel' : Version test of '1' from client : ACCEPTED
[17Jun2025 01:51:55.533] [Netty Epoll Server IO #6/DEBUG] [net.minecraftforge.network.NetworkRegistry/NETREGISTRY]: Channel 'born_in_chaos_v1:born_in_chaos_v1' : Version test of '1' from client : ACCEPTED
[17Jun2025 01:51:55.533] [Netty Epoll Server IO #6/DEBUG] [net.minecraftforge.network.NetworkRegistry/NETREGISTRY]: Channel 'journeymap:version' : Version test of '1' from client : ACCEPTED
[17Jun2025 01:51:55.533] [Netty Epoll Server IO #6/DEBUG] [net.minecraftforge.network.NetworkRegistry/NETREGISTRY]: Channel 'trade_cycling:cycle_trades' : Version test of 'ALLOWVANILLA 💓💓💓' from client : ACCEPTED
[17Jun2025 01:51:55.533] [Netty Epoll Server IO #6/DEBUG] [net.minecraftforge.network.NetworkRegistry/NETREGISTRY]: Channel 'voicechat:set_group' : Version test of 'ALLOWVANILLA 💓💓💓' from client : ACCEPTED
[17Jun2025 01:51:55.533] [Netty Epoll Server IO #6/DEBUG] [net.minecraftforge.network.NetworkRegistry/NETREGISTRY]: Channel 'voicechat:joined_group' : Version test of 'ALLOWVANILLA 💓💓💓' from client : ACCEPTED
[17Jun2025 01:51:55.533] [Netty Epoll Server IO #6/DEBUG] [net.minecraftforge.network.NetworkRegistry/NETREGISTRY]: Channel 'curios:main' : Version test of '1' from client : ACCEPTED
[17Jun2025 01:51:55.533] [Netty Epoll Server IO #6/DEBUG] [net.minecraftforge.network.NetworkRegistry/NETREGISTRY]: Channel 'worldinfo:world_id' : Version test of '1' from client : ACCEPTED
[17Jun2025 01:51:55.533] [Netty Epoll Server IO #6/DEBUG] [net.minecraftforge.network.NetworkRegistry/NETREGISTRY]: Channel 'voicechat:update_state' : Version test of 'ALLOWVANILLA 💓💓💓' from client : ACCEPTED
[17Jun2025 01:51:55.534] [Netty Epoll Server IO #6/DEBUG] [net.minecraftforge.network.NetworkRegistry/NETREGISTRY]: Channel 'voicechat:player_states' : Version test of 'ALLOWVANILLA 💓💓💓' from client : ACCEPTED
[17Jun2025 01:51:55.534] [Netty Epoll Server IO #6/DEBUG] [net.minecraftforge.network.NetworkRegistry/NETREGISTRY]: Channel 'balm:network' : Version test of '1.0' from client : ACCEPTED
[17Jun2025 01:51:55.534] [Netty Epoll Server IO #6/DEBUG] [net.minecraftforge.network.NetworkRegistry/NETREGISTRY]: Channel 'journeymap:admin_req' : Version test of '1' from client : ACCEPTED
[17Jun2025 01:51:55.534] [Netty Epoll Server IO #6/DEBUG] [net.minecraftforge.network.NetworkRegistry/NETREGISTRY]: Channel 'journeymap:waypoint' : Version test of '1' from client : ACCEPTED
[17Jun2025 01:51:55.534] [Netty Epoll Server IO #6/DEBUG] [net.minecraftforge.network.NetworkRegistry/NETREGISTRY]: Channel 'journeymap:mp_options_req' : Version test of '1' from client : ACCEPTED
[17Jun2025 01:51:55.534] [Netty Epoll Server IO #6/DEBUG] [net.minecraftforge.network.NetworkRegistry/NETREGISTRY]: Channel 'voicechat:add_group' : Version test of 'ALLOWVANILLA 💓💓💓' from client : ACCEPTED
[17Jun2025 01:51:55.534] [Netty Epoll Server IO #6/DEBUG] [net.minecraftforge.network.NetworkRegistry/NETREGISTRY]: Channel 'fml:loginwrapper' : Version test of 'FML3' from client : ACCEPTED
[17Jun2025 01:51:55.534] [Netty Epoll Server IO #6/DEBUG] [net.minecraftforge.network.NetworkRegistry/NETREGISTRY]: Channel 'forge:tier_sorting' : Version test of '1.0' from client : ACCEPTED
[17Jun2025 01:51:55.534] [Netty Epoll Server IO #6/DEBUG] [net.minecraftforge.network.NetworkRegistry/NETREGISTRY]: Channel 'voicechat:player_state' : Version test of 'ALLOWVANILLA 💓💓💓' from client : ACCEPTED
[17Jun2025 01:51:55.534] [Netty Epoll Server IO #6/DEBUG] [net.minecraftforge.network.NetworkRegistry/NETREGISTRY]: Channel 'tombstone:tombstone_channel' : Version test of 'tombstone-8.9.6' from client : ACCEPTED
[17Jun2025 01:51:55.534] [Netty Epoll Server IO #6/DEBUG] [net.minecraftforge.network.NetworkRegistry/NETREGISTRY]: Channel 'cosmeticarmorreworked:main' : Version test of '2' from client : ACCEPTED
[17Jun2025 01:51:55.534] [Netty Epoll Server IO #6/DEBUG] [net.minecraftforge.network.NetworkRegistry/NETREGISTRY]: Channel 'fml:play' : Version test of 'FML3' from client : ACCEPTED
[17Jun2025 01:51:55.534] [Netty Epoll Server IO #6/DEBUG] [net.minecraftforge.network.NetworkRegistry/NETREGISTRY]: Channel 'yungscavebiomes:messages' : Version test of '1.0' from client : ACCEPTED
[17Jun2025 01:51:55.534] [Netty Epoll Server IO #6/DEBUG] [net.minecraftforge.network.NetworkRegistry/NETREGISTRY]: Channel 'journeymap:admin_save' : Version test of '1' from client : ACCEPTED
[17Jun2025 01:51:55.534] [Netty Epoll Server IO #6/DEBUG] [net.minecraftforge.network.NetworkRegistry/NETREGISTRY]: Channel 'journeymap:player_loc' : Version test of '1' from client : ACCEPTED
[17Jun2025 01:51:55.534] [Netty Epoll Server IO #6/DEBUG] [net.minecraftforge.network.NetworkRegistry/NETREGISTRY]: Channel 'voicechat:request_secret' : Version test of 'ALLOWVANILLA 💓💓💓' from client : ACCEPTED
[17Jun2025 01:51:55.534] [Netty Epoll Server IO #6/DEBUG] [net.minecraftforge.network.NetworkRegistry/NETREGISTRY]: Channel 'sophisticatedcore:channel' : Version test of '1' from client : ACCEPTED
[17Jun2025 01:51:55.534] [Netty Epoll Server IO #6/DEBUG] [net.minecraftforge.network.NetworkRegistry/NETREGISTRY]: Channel 'journeymap:teleport_req' : Version test of '1' from client : ACCEPTED
[17Jun2025 01:51:55.534] [Netty Epoll Server IO #6/DEBUG] [net.minecraftforge.network.NetworkRegistry/NETREGISTRY]: Channel 'fml:handshake' : Version test of 'FML3' from client : ACCEPTED
[17Jun2025 01:51:55.534] [Netty Epoll Server IO #6/DEBUG] [net.minecraftforge.network.NetworkRegistry/NETREGISTRY]: Channel 'voicechat:remove_category' : Version test of 'ALLOWVANILLA 💓💓💓' from client : ACCEPTED
[17Jun2025 01:51:55.534] [Netty Epoll Server IO #6/DEBUG] [net.minecraftforge.network.NetworkRegistry/NETREGISTRY]: Channel 'voicechat:remove_group' : Version test of 'ALLOWVANILLA 💓💓💓' from client : ACCEPTED
[17Jun2025 01:51:55.534] [Netty Epoll Server IO #6/DEBUG] [net.minecraftforge.network.NetworkRegistry/NETREGISTRY]: Channel 'voicechat:add_category' : Version test of 'ALLOWVANILLA 💓💓💓' from client : ACCEPTED
[17Jun2025 01:51:55.534] [Netty Epoll Server IO #6/DEBUG] [net.minecraftforge.network.NetworkRegistry/NETREGISTRY]: Channel 'journeymap:common' : Version test of '1' from client : ACCEPTED
[17Jun2025 01:51:55.534] [Netty Epoll Server IO #6/DEBUG] [net.minecraftforge.network.NetworkRegistry/NETREGISTRY]: Channel 'minecraft:register' : Version test of 'FML3' from client : ACCEPTED
[17Jun2025 01:51:55.534] [Netty Epoll Server IO #6/DEBUG] [net.minecraftforge.network.NetworkRegistry/NETREGISTRY]: Channel 'forge:split' : Version test of '1.1' from client : ACCEPTED
[17Jun2025 01:51:55.534] [Netty Epoll Server IO #6/DEBUG] [net.minecraftforge.network.NetworkRegistry/NETREGISTRY]: Channel 'journeymap:perm_req' : Version test of '1' from client : ACCEPTED
[17Jun2025 01:51:55.534] [Netty Epoll Server IO #6/DEBUG] [net.minecraftforge.network.NetworkRegistry/NETREGISTRY]: Channel 'geckolib:main' : Version test of '1' from client : ACCEPTED
[17Jun2025 01:51:55.534] [Netty Epoll Server IO #6/DEBUG] [net.minecraftforge.network.NetworkRegistry/NETREGISTRY]: Channel 'waystones:network' : Version test of '1.0' from client : ACCEPTED
[17Jun2025 01:51:55.534] [Netty Epoll Server IO #6/DEBUG] [net.minecraftforge.network.NetworkRegistry/NETREGISTRY]: Channel 'moonlight:channel' : Version test of '0' from client : ACCEPTED
[17Jun2025 01:51:55.534] [Netty Epoll Server IO #6/DEBUG] [net.minecraftforge.network.NetworkRegistry/NETREGISTRY]: Accepting channel list from client
[17Jun2025 01:51:55.534] [Netty Epoll Server IO #6/DEBUG] [net.minecraftforge.network.HandshakeHandler/FMLHANDSHAKE]: Accepted client connection mod list
[17Jun2025 01:51:55.551] [Netty Epoll Server IO #6/DEBUG] [net.minecraftforge.network.LoginWrapper/FMLHANDSHAKE]: Recieved login wrapper packet event for channel fml:handshake with index 2
[17Jun2025 01:51:55.551] [Netty Epoll Server IO #6/DEBUG] [net.minecraftforge.network.HandshakeHandler/FMLHANDSHAKE]: Received client indexed reply 2 of type net.minecraftforge.network.HandshakeMessages$C2SAcknowledge
[17Jun2025 01:51:55.551] [Netty Epoll Server IO #6/DEBUG] [net.minecraftforge.network.HandshakeHandler/FMLHANDSHAKE]: Received acknowledgement from client
[17Jun2025 01:51:55.558] [Server thread/DEBUG] [net.minecraftforge.network.HandshakeHandler/FMLHANDSHAKE]: Sending ticking packet info 'Registry minecraft:villager_profession' to 'fml:handshake' sequence 6
[17Jun2025 01:51:55.607] [Netty Epoll Server IO #6/DEBUG] [net.minecraftforge.network.LoginWrapper/FMLHANDSHAKE]: Recieved login wrapper packet event for channel fml:handshake with index 3
[17Jun2025 01:51:55.607] [Netty Epoll Server IO #6/DEBUG] [net.minecraftforge.network.HandshakeHandler/FMLHANDSHAKE]: Received client indexed reply 3 of type net.minecraftforge.network.HandshakeMessages$C2SAcknowledge
[17Jun2025 01:51:55.607] [Netty Epoll Server IO #6/DEBUG] [net.minecraftforge.network.HandshakeHandler/FMLHANDSHAKE]: Received acknowledgement from client
[17Jun2025 01:51:55.609] [Server thread/DEBUG] [net.minecraftforge.network.HandshakeHandler/FMLHANDSHAKE]: Sending ticking packet info 'Registry minecraft:item' to 'fml:handshake' sequence 7
[17Jun2025 01:51:55.661] [Server thread/DEBUG] [net.minecraftforge.network.HandshakeHandler/FMLHANDSHAKE]: Sending ticking packet info 'Registry minecraft:potion' to 'fml:handshake' sequence 8
[17Jun2025 01:51:55.708] [Server thread/DEBUG] [net.minecraftforge.network.HandshakeHandler/FMLHANDSHAKE]: Sending ticking packet info 'Registry minecraft:painting_variant' to 'fml:handshake' sequence 9
[17Jun2025 01:51:55.763] [Server thread/DEBUG] [net.minecraftforge.network.HandshakeHandler/FMLHANDSHAKE]: Sending ticking packet info 'Registry forge:fluid_type' to 'fml:handshake' sequence 10
[17Jun2025 01:51:55.808] [Server thread/DEBUG] [net.minecraftforge.network.HandshakeHandler/FMLHANDSHAKE]: Sending ticking packet info 'Registry minecraft:block_entity_type' to 'fml:handshake' sequence 11
[17Jun2025 01:51:55.858] [Server thread/DEBUG] [net.minecraftforge.network.HandshakeHandler/FMLHANDSHAKE]: Sending ticking packet info 'Registry forge:display_contexts' to 'fml:handshake' sequence 12
[17Jun2025 01:51:55.908] [Server thread/DEBUG] [net.minecraftforge.network.HandshakeHandler/FMLHANDSHAKE]: Sending ticking packet info 'Registry minecraft:block' to 'fml:handshake' sequence 13
[17Jun2025 01:51:55.959] [Server thread/DEBUG] [net.minecraftforge.network.HandshakeHandler/FMLHANDSHAKE]: Sending ticking packet info 'Registry forge:entity_data_serializers' to 'fml:handshake' sequence 14
[17Jun2025 01:51:56.009] [Server thread/DEBUG] [net.minecraftforge.network.HandshakeHandler/FMLHANDSHAKE]: Sending ticking packet info 'Registry minecraft:mob_effect' to 'fml:handshake' sequence 15
[17Jun2025 01:51:56.058] [Server thread/DEBUG] [net.minecraftforge.network.HandshakeHandler/FMLHANDSHAKE]: Sending ticking packet info 'Registry minecraft:stat_type' to 'fml:handshake' sequence 16
[17Jun2025 01:51:56.110] [Server thread/DEBUG] [net.minecraftforge.network.HandshakeHandler/FMLHANDSHAKE]: Sending ticking packet info 'Registry tombstone:perks' to 'fml:handshake' sequence 17
[17Jun2025 01:51:56.161] [Server thread/DEBUG] [net.minecraftforge.network.HandshakeHandler/FMLHANDSHAKE]: Sending ticking packet info 'Registry minecraft:menu' to 'fml:handshake' sequence 18
[17Jun2025 01:51:56.209] [Server thread/DEBUG] [net.minecraftforge.network.HandshakeHandler/FMLHANDSHAKE]: Sending ticking packet info 'Registry minecraft:enchantment' to 'fml:handshake' sequence 19
[17Jun2025 01:51:56.261] [Server thread/DEBUG] [net.minecraftforge.network.HandshakeHandler/FMLHANDSHAKE]: Sending ticking packet info 'Registry minecraft:fluid' to 'fml:handshake' sequence 20
[17Jun2025 01:51:56.309] [Server thread/DEBUG] [net.minecraftforge.network.HandshakeHandler/FMLHANDSHAKE]: Sending ticking packet info 'Registry minecraft:entity_type' to 'fml:handshake' sequence 21
[17Jun2025 01:51:56.359] [Server thread/DEBUG] [net.minecraftforge.network.HandshakeHandler/FMLHANDSHAKE]: Sending ticking packet info 'Config journeymap-server.toml' to 'fml:handshake' sequence 22
[17Jun2025 01:51:56.408] [Server thread/DEBUG] [net.minecraftforge.network.HandshakeHandler/FMLHANDSHAKE]: Sending ticking packet info 'Config curios-server.toml' to 'fml:handshake' sequence 23
[17Jun2025 01:51:56.464] [Server thread/DEBUG] [net.minecraftforge.network.HandshakeHandler/FMLHANDSHAKE]: Sending ticking packet info 'Config tombstone-server.toml' to 'fml:handshake' sequence 24
[17Jun2025 01:51:56.513] [Server thread/DEBUG] [net.minecraftforge.network.HandshakeHandler/FMLHANDSHAKE]: Sending ticking packet info 'Config fastleafdecay-server.toml' to 'fml:handshake' sequence 25
[17Jun2025 01:51:56.515] [Netty Epoll Server IO #6/DEBUG] [net.minecraftforge.network.LoginWrapper/FMLHANDSHAKE]: Recieved login wrapper packet event for channel fml:handshake with index 4
[17Jun2025 01:51:56.515] [Netty Epoll Server IO #6/DEBUG] [net.minecraftforge.network.HandshakeHandler/FMLHANDSHAKE]: Received client indexed reply 4 of type net.minecraftforge.network.HandshakeMessages$C2SAcknowledge
[17Jun2025 01:51:56.515] [Netty Epoll Server IO #6/DEBUG] [net.minecraftforge.network.HandshakeHandler/FMLHANDSHAKE]: Received acknowledgement from client
[17Jun2025 01:51:56.516] [Netty Epoll Server IO #6/DEBUG] [net.minecraftforge.network.LoginWrapper/FMLHANDSHAKE]: Recieved login wrapper packet event for channel fml:handshake with index 5
[17Jun2025 01:51:56.516] [Netty Epoll Server IO #6/DEBUG] [net.minecraftforge.network.HandshakeHandler/FMLHANDSHAKE]: Received client indexed reply 5 of type net.minecraftforge.network.HandshakeMessages$C2SAcknowledge
[17Jun2025 01:51:56.516] [Netty Epoll Server IO #6/DEBUG] [net.minecraftforge.network.HandshakeHandler/FMLHANDSHAKE]: Received acknowledgement from client
[17Jun2025 01:51:56.516] [Netty Epoll Server IO #6/DEBUG] [net.minecraftforge.network.LoginWrapper/FMLHANDSHAKE]: Recieved login wrapper packet event for channel fml:handshake with index 6
[17Jun2025 01:51:56.516] [Netty Epoll Server IO #6/DEBUG] [net.minecraftforge.network.HandshakeHandler/FMLHANDSHAKE]: Received client indexed reply 6 of type net.minecraftforge.network.HandshakeMessages$C2SAcknowledge
[17Jun2025 01:51:56.516] [Netty Epoll Server IO #6/DEBUG] [net.minecraftforge.network.HandshakeHandler/FMLHANDSHAKE]: Received acknowledgement from client
[17Jun2025 01:51:56.558] [Server thread/DEBUG] [net.minecraftforge.network.HandshakeHandler/FMLHANDSHAKE]: Sending ticking packet info 'Config sophisticatedbackpacks-server.toml' to 'fml:handshake' sequence 26
[17Jun2025 01:51:56.610] [Server thread/DEBUG] [net.minecraftforge.network.HandshakeHandler/FMLHANDSHAKE]: Sending ticking packet info 'Config forge-server.toml' to 'fml:handshake' sequence 27
[17Jun2025 01:52:03.080] [Netty Epoll Server IO #6/DEBUG] [net.minecraftforge.network.LoginWrapper/FMLHANDSHAKE]: Recieved login wrapper packet event for channel fml:handshake with index 7
[17Jun2025 01:52:03.080] [Netty Epoll Server IO #6/DEBUG] [net.minecraftforge.network.HandshakeHandler/FMLHANDSHAKE]: Received client indexed reply 7 of type net.minecraftforge.network.HandshakeMessages$C2SAcknowledge
[17Jun2025 01:52:03.080] [Netty Epoll Server IO #6/DEBUG] [net.minecraftforge.network.HandshakeHandler/FMLHANDSHAKE]: Received acknowledgement from client
[17Jun2025 01:52:03.115] [Netty Epoll Server IO #6/DEBUG] [net.minecraftforge.network.LoginWrapper/FMLHANDSHAKE]: Recieved login wrapper packet event for channel fml:handshake with index 8
[17Jun2025 01:52:03.116] [Netty Epoll Server IO #6/DEBUG] [net.minecraftforge.network.HandshakeHandler/FMLHANDSHAKE]: Received client indexed reply 8 of type net.minecraftforge.network.HandshakeMessages$C2SAcknowledge
[17Jun2025 01:52:03.116] [Netty Epoll Server IO #6/DEBUG] [net.minecraftforge.network.HandshakeHandler/FMLHANDSHAKE]: Received acknowledgement from client
[17Jun2025 01:52:03.116] [Netty Epoll Server IO #6/DEBUG] [net.minecraftforge.network.LoginWrapper/FMLHANDSHAKE]: Recieved login wrapper packet event for channel fml:handshake with index 9
[17Jun2025 01:52:03.116] [Netty Epoll Server IO #6/DEBUG] [net.minecraftforge.network.HandshakeHandler/FMLHANDSHAKE]: Received client indexed reply 9 of type net.minecraftforge.network.HandshakeMessages$C2SAcknowledge
[17Jun2025 01:52:03.116] [Netty Epoll Server IO #6/DEBUG] [net.minecraftforge.network.HandshakeHandler/FMLHANDSHAKE]: Received acknowledgement from client
[17Jun2025 01:52:03.117] [Netty Epoll Server IO #6/DEBUG] [net.minecraftforge.network.LoginWrapper/FMLHANDSHAKE]: Recieved login wrapper packet event for channel fml:handshake with index 10
[17Jun2025 01:52:03.117] [Netty Epoll Server IO #6/DEBUG] [net.minecraftforge.network.HandshakeHandler/FMLHANDSHAKE]: Received client indexed reply 10 of type net.minecraftforge.network.HandshakeMessages$C2SAcknowledge
[17Jun2025 01:52:03.117] [Netty Epoll Server IO #6/DEBUG] [net.minecraftforge.network.HandshakeHandler/FMLHANDSHAKE]: Received acknowledgement from client
[17Jun2025 01:52:03.256] [Netty Epoll Server IO #6/DEBUG] [net.minecraftforge.network.LoginWrapper/FMLHANDSHAKE]: Recieved login wrapper packet event for channel fml:handshake with index 11
[17Jun2025 01:52:03.256] [Netty Epoll Server IO #6/DEBUG] [net.minecraftforge.network.HandshakeHandler/FMLHANDSHAKE]: Received client indexed reply 11 of type net.minecraftforge.network.HandshakeMessages$C2SAcknowledge
[17Jun2025 01:52:03.256] [Netty Epoll Server IO #6/DEBUG] [net.minecraftforge.network.HandshakeHandler/FMLHANDSHAKE]: Received acknowledgement from client
[17Jun2025 01:52:03.257] [Netty Epoll Server IO #6/DEBUG] [net.minecraftforge.network.LoginWrapper/FMLHANDSHAKE]: Recieved login wrapper packet event for channel fml:handshake with index 12
[17Jun2025 01:52:03.257] [Netty Epoll Server IO #6/DEBUG] [net.minecraftforge.network.HandshakeHandler/FMLHANDSHAKE]: Received client indexed reply 12 of type net.minecraftforge.network.HandshakeMessages$C2SAcknowledge
[17Jun2025 01:52:03.257] [Netty Epoll Server IO #6/DEBUG] [net.minecraftforge.network.HandshakeHandler/FMLHANDSHAKE]: Received acknowledgement from client
[17Jun2025 01:52:13.612] [Netty Epoll Server IO #6/DEBUG] [net.minecraftforge.network.LoginWrapper/FMLHANDSHAKE]: Recieved login wrapper packet event for channel fml:handshake with index 13
[17Jun2025 01:52:13.613] [Netty Epoll Server IO #6/DEBUG] [net.minecraftforge.network.HandshakeHandler/FMLHANDSHAKE]: Received client indexed reply 13 of type net.minecraftforge.network.HandshakeMessages$C2SAcknowledge
[17Jun2025 01:52:13.613] [Netty Epoll Server IO #6/DEBUG] [net.minecraftforge.network.HandshakeHandler/FMLHANDSHAKE]: Received acknowledgement from client
[17Jun2025 01:52:13.614] [Netty Epoll Server IO #6/DEBUG] [net.minecraftforge.network.LoginWrapper/FMLHANDSHAKE]: Recieved login wrapper packet event for channel fml:handshake with index 14
[17Jun2025 01:52:13.614] [Netty Epoll Server IO #6/DEBUG] [net.minecraftforge.network.HandshakeHandler/FMLHANDSHAKE]: Received client indexed reply 14 of type net.minecraftforge.network.HandshakeMessages$C2SAcknowledge
[17Jun2025 01:52:13.614] [Netty Epoll Server IO #6/DEBUG] [net.minecraftforge.network.HandshakeHandler/FMLHANDSHAKE]: Received acknowledgement from client
[17Jun2025 01:52:14.319] [Netty Epoll Server IO #6/DEBUG] [net.minecraftforge.network.LoginWrapper/FMLHANDSHAKE]: Recieved login wrapper packet event for channel fml:handshake with index 15
[17Jun2025 01:52:14.319] [Netty Epoll Server IO #6/DEBUG] [net.minecraftforge.network.HandshakeHandler/FMLHANDSHAKE]: Received client indexed reply 15 of type net.minecraftforge.network.HandshakeMessages$C2SAcknowledge
[17Jun2025 01:52:14.319] [Netty Epoll Server IO #6/DEBUG] [net.minecraftforge.network.HandshakeHandler/FMLHANDSHAKE]: Received acknowledgement from client
[17Jun2025 01:52:14.911] [Netty Epoll Server IO #6/DEBUG] [net.minecraftforge.network.LoginWrapper/FMLHANDSHAKE]: Recieved login wrapper packet event for channel fml:handshake with index 16
[17Jun2025 01:52:14.911] [Netty Epoll Server IO #6/DEBUG] [net.minecraftforge.network.HandshakeHandler/FMLHANDSHAKE]: Received client indexed reply 16 of type net.minecraftforge.network.HandshakeMessages$C2SAcknowledge
[17Jun2025 01:52:14.911] [Netty Epoll Server IO #6/DEBUG] [net.minecraftforge.network.HandshakeHandler/FMLHANDSHAKE]: Received acknowledgement from client
[17Jun2025 01:52:14.911] [Netty Epoll Server IO #6/DEBUG] [net.minecraftforge.network.LoginWrapper/FMLHANDSHAKE]: Recieved login wrapper packet event for channel fml:handshake with index 17
[17Jun2025 01:52:14.911] [Netty Epoll Server IO #6/DEBUG] [net.minecraftforge.network.HandshakeHandler/FMLHANDSHAKE]: Received client indexed reply 17 of type net.minecraftforge.network.HandshakeMessages$C2SAcknowledge
[17Jun2025 01:52:14.911] [Netty Epoll Server IO #6/DEBUG] [net.minecraftforge.network.HandshakeHandler/FMLHANDSHAKE]: Received acknowledgement from client
[17Jun2025 01:52:15.095] [Netty Epoll Server IO #6/DEBUG] [net.minecraftforge.network.LoginWrapper/FMLHANDSHAKE]: Recieved login wrapper packet event for channel fml:handshake with index 18
[17Jun2025 01:52:15.095] [Netty Epoll Server IO #6/DEBUG] [net.minecraftforge.network.HandshakeHandler/FMLHANDSHAKE]: Received client indexed reply 18 of type net.minecraftforge.network.HandshakeMessages$C2SAcknowledge
[17Jun2025 01:52:15.095] [Netty Epoll Server IO #6/DEBUG] [net.minecraftforge.network.HandshakeHandler/FMLHANDSHAKE]: Received acknowledgement from client
[17Jun2025 01:52:15.095] [Netty Epoll Server IO #6/DEBUG] [net.minecraftforge.network.LoginWrapper/FMLHANDSHAKE]: Recieved login wrapper packet event for channel fml:handshake with index 19
[17Jun2025 01:52:15.095] [Netty Epoll Server IO #6/DEBUG] [net.minecraftforge.network.HandshakeHandler/FMLHANDSHAKE]: Received client indexed reply 19 of type net.minecraftforge.network.HandshakeMessages$C2SAcknowledge
[17Jun2025 01:52:15.095] [Netty Epoll Server IO #6/DEBUG] [net.minecraftforge.network.HandshakeHandler/FMLHANDSHAKE]: Received acknowledgement from client
[17Jun2025 01:52:15.096] [Netty Epoll Server IO #6/DEBUG] [net.minecraftforge.network.LoginWrapper/FMLHANDSHAKE]: Recieved login wrapper packet event for channel fml:handshake with index 20
[17Jun2025 01:52:15.096] [Netty Epoll Server IO #6/DEBUG] [net.minecraftforge.network.HandshakeHandler/FMLHANDSHAKE]: Received client indexed reply 20 of type net.minecraftforge.network.HandshakeMessages$C2SAcknowledge
[17Jun2025 01:52:15.096] [Netty Epoll Server IO #6/DEBUG] [net.minecraftforge.network.HandshakeHandler/FMLHANDSHAKE]: Received acknowledgement from client
[17Jun2025 01:52:18.774] [Server thread/INFO] [net.minecraft.server.network.ServerGamePacketListenerImpl/]: Benja_By lost connection: Timed out
[17Jun2025 01:52:18.774] [Server thread/INFO] [net.minecraft.server.MinecraftServer/]: Benja_By left the game
[17Jun2025 01:52:18.776] [Server thread/DEBUG] [voicechat/]: [voicechat] Removing state of Benja_By
[17Jun2025 01:52:18.776] [Server thread/INFO] [voicechat/]: [voicechat] Disconnecting client Benja_By
[17Jun2025 01:52:18.802] [Server thread/WARN] [net.minecraft.network.Connection/]: handleDisconnection() called twice
[17Jun2025 01:52:19.462] [Netty Epoll Server IO #6/DEBUG] [net.minecraftforge.network.LoginWrapper/FMLHANDSHAKE]: Recieved login wrapper packet event for channel fml:handshake with index 21
[17Jun2025 01:52:19.462] [Netty Epoll Server IO #6/DEBUG] [net.minecraftforge.network.HandshakeHandler/FMLHANDSHAKE]: Received client indexed reply 21 of type net.minecraftforge.network.HandshakeMessages$C2SAcknowledge
[17Jun2025 01:52:19.462] [Netty Epoll Server IO #6/DEBUG] [net.minecraftforge.network.HandshakeHandler/FMLHANDSHAKE]: Received acknowledgement from client
[17Jun2025 01:52:19.509] [Netty Epoll Server IO #6/DEBUG] [net.minecraftforge.network.LoginWrapper/FMLHANDSHAKE]: Recieved login wrapper packet event for channel fml:handshake with index 22
[17Jun2025 01:52:19.509] [Netty Epoll Server IO #6/DEBUG] [net.minecraftforge.network.HandshakeHandler/FMLHANDSHAKE]: Received client indexed reply 22 of type net.minecraftforge.network.HandshakeMessages$C2SAcknowledge
[17Jun2025 01:52:19.509] [Netty Epoll Server IO #6/DEBUG] [net.minecraftforge.network.HandshakeHandler/FMLHANDSHAKE]: Received acknowledgement from client
[17Jun2025 01:52:19.515] [Netty Epoll Server IO #6/DEBUG] [net.minecraftforge.network.LoginWrapper/FMLHANDSHAKE]: Recieved login wrapper packet event for channel fml:handshake with index 23
[17Jun2025 01:52:19.515] [Netty Epoll Server IO #6/DEBUG] [net.minecraftforge.network.HandshakeHandler/FMLHANDSHAKE]: Received client indexed reply 23 of type net.minecraftforge.network.HandshakeMessages$C2SAcknowledge
[17Jun2025 01:52:19.515] [Netty Epoll Server IO #6/DEBUG] [net.minecraftforge.network.HandshakeHandler/FMLHANDSHAKE]: Received acknowledgement from client
[17Jun2025 01:52:19.524] [Netty Epoll Server IO #6/DEBUG] [net.minecraftforge.network.LoginWrapper/FMLHANDSHAKE]: Recieved login wrapper packet event for channel fml:handshake with index 24
[17Jun2025 01:52:19.524] [Netty Epoll Server IO #6/DEBUG] [net.minecraftforge.network.HandshakeHandler/FMLHANDSHAKE]: Received client indexed reply 24 of type net.minecraftforge.network.HandshakeMessages$C2SAcknowledge
[17Jun2025 01:52:19.524] [Netty Epoll Server IO #6/DEBUG] [net.minecraftforge.network.HandshakeHandler/FMLHANDSHAKE]: Received acknowledgement from client
[17Jun2025 01:52:19.526] [Netty Epoll Server IO #6/DEBUG] [net.minecraftforge.network.LoginWrapper/FMLHANDSHAKE]: Recieved login wrapper packet event for channel fml:handshake with index 25
[17Jun2025 01:52:19.526] [Netty Epoll Server IO #6/DEBUG] [net.minecraftforge.network.HandshakeHandler/FMLHANDSHAKE]: Received client indexed reply 25 of type net.minecraftforge.network.HandshakeMessages$C2SAcknowledge
[17Jun2025 01:52:19.526] [Netty Epoll Server IO #6/DEBUG] [net.minecraftforge.network.HandshakeHandler/FMLHANDSHAKE]: Received acknowledgement from client
[17Jun2025 01:52:19.559] [Netty Epoll Server IO #6/DEBUG] [net.minecraftforge.network.LoginWrapper/FMLHANDSHAKE]: Recieved login wrapper packet event for channel fml:handshake with index 26
[17Jun2025 01:52:19.559] [Netty Epoll Server IO #6/DEBUG] [net.minecraftforge.network.HandshakeHandler/FMLHANDSHAKE]: Received client indexed reply 26 of type net.minecraftforge.network.HandshakeMessages$C2SAcknowledge
[17Jun2025 01:52:19.559] [Netty Epoll Server IO #6/DEBUG] [net.minecraftforge.network.HandshakeHandler/FMLHANDSHAKE]: Received acknowledgement from client
[17Jun2025 01:52:19.563] [Netty Epoll Server IO #6/DEBUG] [net.minecraftforge.network.LoginWrapper/FMLHANDSHAKE]: Recieved login wrapper packet event for channel fml:handshake with index 27
[17Jun2025 01:52:19.563] [Netty Epoll Server IO #6/DEBUG] [net.minecraftforge.network.HandshakeHandler/FMLHANDSHAKE]: Received client indexed reply 27 of type net.minecraftforge.network.HandshakeMessages$C2SAcknowledge
[17Jun2025 01:52:19.563] [Netty Epoll Server IO #6/DEBUG] [net.minecraftforge.network.HandshakeHandler/FMLHANDSHAKE]: Received acknowledgement from client
[17Jun2025 01:52:19.601] [Server thread/DEBUG] [net.minecraftforge.network.HandshakeHandler/FMLHANDSHAKE]: Handshake complete!
[17Jun2025 01:52:19.661] [Server thread/INFO] [net.minecraft.server.players.PlayerList/]: Meu_By[/100.86.66.124:64945] logged in with entity id 2143 at (-740.2986595897282, 63.085764312744146, -1178.3966106283924)
[17Jun2025 01:52:19.661] [Server thread/DEBUG] [net.minecraftforge.network.filters.NetworkFilters/]: Injected net.minecraftforge.network.filters.ForgeConnectionNetworkFilter@39a8794f into net.minecraft.network.Connection@16bc01db
[17Jun2025 01:52:19.670] [Server thread/INFO] [net.minecraft.server.MinecraftServer/]: Meu_By joined the game
[17Jun2025 01:52:19.732] [Server thread/DEBUG] [voicechat/]: [voicechat] Setting default state of Meu_By: {disabled=false, disconnected=true, uuid=24dbc027-5eb5-387c-bce8-3d4102d97b9d, name=Meu_By, group=null}
[17Jun2025 01:52:20.458] [Server thread/INFO] [voicechat/]: [voicechat] Received secret request of Meu_By (18)
[17Jun2025 01:52:20.458] [Server thread/DEBUG] [voicechat/]: [voicechat] Sending initial states to Meu_By
[17Jun2025 01:52:20.458] [Server thread/DEBUG] [voicechat/]: [voicechat] Synchronizing 0 groups with Meu_By
[17Jun2025 01:52:20.458] [Server thread/DEBUG] [voicechat/]: [voicechat] Synchronizing 0 volume categories with Meu_By
[17Jun2025 01:52:20.458] [Server thread/INFO] [voicechat/]: [voicechat] Sent secret to Meu_By
[17Jun2025 01:53:17.771] [Server thread/INFO] [net.minecraft.server.network.ServerGamePacketListenerImpl/]: Meu_By lost connection: Timed out
[17Jun2025 01:53:17.771] [Server thread/INFO] [net.minecraft.server.MinecraftServer/]: Meu_By left the game
[17Jun2025 01:53:17.772] [Server thread/DEBUG] [voicechat/]: [voicechat] Removing state of Meu_By
[17Jun2025 01:53:17.772] [Server thread/INFO] [voicechat/]: [voicechat] Disconnecting client Meu_By
[17Jun2025 01:53:17.801] [Server thread/WARN] [net.minecraft.network.Connection/]: handleDisconnection() called twice
[17Jun2025 01:54:09.099] [Server thread/DEBUG] [yungscavebiomes/]: Starting sandstorm in minecraft:the_nether
